MS04 iteration 008 automatic Gate transcript
Captured from fresh commands on 2026-08-12.

Script started on 2026-08-12 16:18:31+08:00 [<not executed on terminal>]
rustc --edition=2024 --test tests/early-console-host-harness.rs -o /tmp/early-console-test
/tmp/early-console-test

running 6 tests
test early_console::tests::dw_apb_uart_register_offsets ... [32mok(B[m
test early_console::tests::write_str_no_newline ... [32mok(B[m
test early_console::tests::write_str_empty ... [32mok(B[m
test early_console::tests::write_str_converts_lf_to_crlf ... [32mok(B[m
test early_console::tests::write_str_multiple_newlines ... [32mok(B[m
test early_console::tests::write_str_only_newline ... [32mok(B[m

test result: [32mok(B[m. 6 passed; 0 failed; 0 ignored; 0 measured; 0 filtered out; finished in 0.00s

rustc --edition=2024 --test tests/memtrack-session-host-harness.rs -o /tmp/memtrack-session-test
/tmp/memtrack-session-test

running 8 tests
test session::tests::analyzing_rejects_start_and_end ... [32mok(B[m
test session::tests::parses_complete_commands_and_empty_noop ... [32mok(B[m
test session::tests::rejects_unknown_and_fragmented_commands ... [32mok(B[m
test session::tests::completes_session ... [32mok(B[m
test session::tests::rejects_repeated_start_without_changing_state ... [32mok(B[m
test session::tests::concurrent_start_has_one_winner ... [32mok(B[m
test session::tests::failed_transition_allows_later_valid_session ... [32mok(B[m
test session::tests::rejects_end_before_start_without_changing_state ... [32mok(B[m

test result: [32mok(B[m. 8 passed; 0 failed; 0 ignored; 0 measured; 0 filtered out; finished in 0.00s

rustc --edition=2024 --test tests/ms03-irq-host-harness.rs -o /tmp/ms03-irq-host-test
/tmp/ms03-irq-host-test

running 26 tests
test classify_combined ... [32mok(B[m
test classify_unknown_multiple_high_bits ... [32mok(B[m
test classify_no_status ... [32mok(B[m
test ack_mask_never_touches_unknown_bits ... [32mok(B[m
test classify_unknown_only_high_bits ... [32mok(B[m
test classify_config_change_only ... [32mok(B[m
test classify_used_ring_only ... [32mok(B[m
test has_unknown_bits_detects_reserved ... [32mok(B[m
test irq_state_observation_distinguishes_entry_and_restore_violation ... [32mok(B[m
test legacy_v1_write_does_not_touch_adjacent_canaries ... [32mok(B[m
test publish_only_for_causes_with_used_ring_bit ... [32mok(B[m
test classify_used_ring_with_unknown_bits ... [32mok(B[m
test snapshot_abi_preserves_first_eight_fields ... [32mok(B[m
test has_unknown_bits_false_for_known_only ... [32mok(B[m
test snapshot_abi_appended_fields_follow_in_order ... [32mok(B[m
test snapshot_is_repr_c_compatible ... [32mok(B[m
test telemetry_ack_count_requires_explicit_increment ... [32mok(B[m
test snapshot_zero_fields_on_new_telemetry ... [32mok(B[m
test telemetry_monotonic_across_mixed_events ... [32mok(B[m
test telemetry_new_all_zero ... [32mok(B[m
test telemetry_record_combined_increments_combined ... [32mok(B[m
test telemetry_record_config_change_increments_correct_counters ... [32mok(B[m
test telemetry_record_spurious_increments_spurious ... [32mok(B[m
test telemetry_record_unknown_increments_unknown ... [32mok(B[m
test telemetry_record_used_ring_increments_correct_counters ... [32mok(B[m
test telemetry_record_combined_with_unknown_bits_counts_both ... [32mok(B[m

test result: [32mok(B[m. 26 passed; 0 failed; 0 ignored; 0 measured; 0 filtered out; finished in 0.00s

rustc --edition=2024 --test tests/ms04-async-rx-host-harness.rs -o /tmp/ms04-async-rx-host-test
/tmp/ms04-async-rx-host-test

running 14 tests
test acquire_always_disables_irqs ... [32mok(B[m
test legacy_direct_call_impl_is_rejected ... [32mok(B[m
test enabled_acquire_disables_and_release_reenables_once ... [32mok(B[m
test isr_entry_acquire_returns_false_and_release_never_enables ... [32mok(B[m
test nested_isr_context_never_enables ... [32mok(B[m
test nested_acquire_only_outermost_release_reenables ... [32mok(B[m
test production_impl_delegates_to_seam ... [32mok(B[m
test probe_modes_have_one_central_terminal_marker_path ... [32mok(B[m
test probe_terminal_guard_rejects_a_missing_failure_path ... [32mok(B[m
test release_false_never_enables_irqs ... [32mok(B[m
test virtio_net_irq_guard_rejects_wrong_record_argument ... [32mok(B[m
test virtio_net_irq_guard_requires_return_in_registration_failure_branch ... [32mok(B[m
test snapshot_command_consumer_inventory_is_versioned_and_bounded ... [32mok(B[m
test virtio_net_irq_handler_guard_passes ... [32mok(B[m

test result: [32mok(B[m. 14 passed; 0 failed; 0 ignored; 0 measured; 0 filtered out; finished in 0.00s

cc -std=c11 -Wall -Wextra -Werror -fsyntax-only tests/ms03_irq_probe.c tests/ms04_rx_probe.c
cc -std=c11 -Wall -Wextra -Werror tests/ms04_rx_probe_test.c -o /tmp/ms04-rx-probe-test
/tmp/ms04-rx-probe-test
ms04 probe decision tests: 10 passed
python3 scripts/ms04_rx_stimulus.py --self-test
ms04 stimulus self-test: protocol=PASS packets=96 sequence=PASS bounds=PASS malformed=PASS
python3 scripts/ms04_rx_stimulus.py --loopback-self-test
Traceback (most recent call last):
  File "/home/daivy/projects/serial/work/StarryOS/scripts/ms04_rx_stimulus.py", line 172, in <module>
    raise SystemExit(main())
  File "/home/daivy/projects/serial/work/StarryOS/scripts/ms04_rx_stimulus.py", line 159, in main
    loopback_self_test()
  File "/home/daivy/projects/serial/work/StarryOS/scripts/ms04_rx_stimulus.py", line 106, in loopback_self_test
    with socket.socket(socket.AF_INET, socket.SOCK_DGRAM) as server:
  File "/usr/lib/python3.10/socket.py", line 232, in __init__
    _socket.socket.__init__(self, family, type, proto, fileno)
PermissionError: [Errno 1] Operation not permitted
make: *** [Makefile:95: host-test] Error 1

Script done on 2026-08-12 16:18:32+08:00 [COMMAND_EXIT_CODE="2"]
Script started on 2026-08-12 16:18:36+08:00 [<not executed on terminal>]
cc -std=c11 -Wall -Wextra -Werror \
	tests/network_benchmark_protocol_test.c \
	tests/network_benchmark_protocol.c \
	-o /tmp/network-benchmark-protocol-test
/tmp/network-benchmark-protocol-test
=== network_benchmark_protocol RED test suite ===

PASS: magic mismatch
PASS: version mismatch
PASS: invalid frame type
PASS: hello roundtrip
PASS: summary roundtrip
PASS: frame too small
PASS: body length > max
PASS: truncated frame
PASS: trailing frame bytes
PASS: CRC32 deterministic
PASS: CRC32 data change
PASS: CRC32 empty
PASS: generator deterministic
PASS: generator different seed
PASS: generator different sequence
PASS: generator offset
PASS: generator non-aligned offset
PASS: fingerprint deterministic
PASS: fingerprint different configs
PASS: fingerprint excludes role
PASS: hton32 roundtrip
PASS: hton16 roundtrip
PASS: record header roundtrip
PASS: data record CRC
PASS: frame constants sane
PASS: decode failure atomic

ALL TESTS PASSED (26 test functions)
cc -std=c11 -Wall -Wextra -Werror \
	tests/network_benchmark_platform_test.c \
	tests/network_benchmark_platform.c \
	-o /tmp/network-benchmark-platform-test
/tmp/network-benchmark-platform-test
=== network_benchmark_platform RED test suite ===

PASS: monotonic read succeeds
PASS: monotonic is monotonic
PASS: monotonic overhead sane
PASS: parse_u64 valid
PASS: parse_u64 zero
PASS: parse_u64 max
PASS: parse_u64 empty
PASS: parse_u64 negative
PASS: parse_u64 non-numeric
PASS: parse_u64 overflow
PASS: instret result structure
PASS: instret end before begin
PASS: instret overflow
PASS: instret host unavailable
PASS: IRQ snapshot struct fields
PASS: IRQ snapshot host unavailable
PASS: capability instret
PASS: capability IRQ
PASS: capability monotonic
PASS: nanosleep wakeup

ALL TESTS PASSED
python3 -m unittest tests.test_network_benchmark_tools -v
test_counter_regression_and_pid_reuse_rejected (tests.test_network_benchmark_tools.TestCollector) ... ok
test_dead_pid_handling (tests.test_network_benchmark_tools.TestCollector)
Sampling a non-existent PID must not crash. ... ok
test_red_collector_absent (tests.test_network_benchmark_tools.TestCollector) ... ok
test_sample_format (tests.test_network_benchmark_tools.TestCollector)
A sample line must contain pid, utime_ticks, stime_ticks, rss_kb. ... ok
test_self_test_passes (tests.test_network_benchmark_tools.TestCollector)
Collector --self-test must exit 0. ... SELF-TEST PASS
ok
test_comparison_mismatch (tests.test_network_benchmark_tools.TestEvidence) ... ok
test_drifted_summary_is_rejected (tests.test_network_benchmark_tools.TestEvidence) ... ok
test_host_extra_round_rejected (tests.test_network_benchmark_tools.TestEvidence) ... ok
test_malformed_schema_fails (tests.test_network_benchmark_tools.TestEvidence) ... ok
test_missing_file_fails (tests.test_network_benchmark_tools.TestEvidence) ... ok
test_red_evidence_absent (tests.test_network_benchmark_tools.TestEvidence) ... ok
test_self_test_passes (tests.test_network_benchmark_tools.TestEvidence) ... SELF-TEST PASS
ok
test_valid_evidence_pass (tests.test_network_benchmark_tools.TestEvidence) ... ok
test_invalid_round_retained (tests.test_network_benchmark_tools.TestReport) ... ok
test_malformed_json (tests.test_network_benchmark_tools.TestReport) ... ok
test_missing_peer_rejected_for_complete_report (tests.test_network_benchmark_tools.TestReport) ... ok
test_red_report_absent (tests.test_network_benchmark_tools.TestReport) ... ok
test_self_test_passes (tests.test_network_benchmark_tools.TestReport) ... SELF-TEST PASS
ok
test_unavailable_instret_zero_payload_is_not_zero_efficiency (tests.test_network_benchmark_tools.TestReport) ... ok
test_valid_fixture_summary (tests.test_network_benchmark_tools.TestReport) ... ok
test_writes_csv_and_json (tests.test_network_benchmark_tools.TestReport) ... ok

----------------------------------------------------------------------
Ran 21 tests in 0.009s

OK
python3 -m unittest tests.test_network_benchmark_integration -v
test_incomparable_evidence_exits_nonzero (tests.test_network_benchmark_integration.WorkloadIntegration) ... ok
test_internal_fault_matrix (tests.test_network_benchmark_integration.WorkloadIntegration) ... ok
test_internal_fault_matrix_is_exercised (tests.test_network_benchmark_integration.WorkloadIntegration) ... ok
test_loopback_matrix_has_two_closed_ledgers (tests.test_network_benchmark_integration.WorkloadIntegration) ... ok
test_manual_package_contract (tests.test_network_benchmark_integration.WorkloadIntegration) ... ok
test_numeric_tail_is_rejected (tests.test_network_benchmark_integration.WorkloadIntegration) ... ok
test_profile_defaults_precede_explicit_overrides (tests.test_network_benchmark_integration.WorkloadIntegration) ... ok
test_report_rejects_missing_peer (tests.test_network_benchmark_integration.WorkloadIntegration) ... ok
test_unavailable_instret_has_null_numeric_fields (tests.test_network_benchmark_integration.WorkloadIntegration) ... ok

----------------------------------------------------------------------
Ran 9 tests in 0.342s

OK
python3 scripts/network_benchmark_collect.py --self-test
SELF-TEST PASS
python3 scripts/network_benchmark_report.py --self-test
SELF-TEST PASS
python3 scripts/network_benchmark_evidence.py --self-test
SELF-TEST PASS

Script done on 2026-08-12 16:18:36+08:00 [COMMAND_EXIT_CODE="0"]
Script started on 2026-08-12 16:18:45+08:00 [<not executed on terminal>]
warning: `/home/daivy/.cargo/config` is deprecated in favor of `config.toml`
  |
  = help: if you need to support cargo 1.38 or earlier, you can symlink `config` to `config.toml`
    Finished `dev` profile [unoptimized + debuginfo] target(s) in 0.02s

Script done on 2026-08-12 16:18:45+08:00 [COMMAND_EXIT_CODE="0"]
Script started on 2026-08-12 16:18:50+08:00 [<not executed on terminal>]
warning: `/home/daivy/.cargo/config` is deprecated in favor of `config.toml`
  |
  = help: if you need to support cargo 1.38 or earlier, you can symlink `config` to `config.toml`
    Finished `test` profile [unoptimized + debuginfo] target(s) in 0.01s
     Running unittests src/lib.rs (crates/axdriver_net/target/debug/deps/axdriver_net-28874191d63a66bc)

running 4 tests
test tests::arm_reports_pending_completion ... [32mok(B[m
test tests::accessor_exposes_queue_control ... [32mok(B[m
test tests::default_accessor_is_none ... [32mok(B[m
test tests::suppress_is_atomic_on_repeat ... [32mok(B[m

test result: [32mok(B[m. 4 passed; 0 failed; 0 ignored; 0 measured; 0 filtered out; finished in 0.00s

   Doc-tests axdriver_net

running 0 tests

test result: [32mok(B[m. 0 passed; 0 failed; 0 ignored; 0 measured; 0 filtered out; finished in 0.00s


Script done on 2026-08-12 16:18:50+08:00 [COMMAND_EXIT_CODE="0"]
Script started on 2026-08-12 16:18:56+08:00 [<not executed on terminal>]
warning: `/home/daivy/.cargo/config` is deprecated in favor of `config.toml`
  |
  = help: if you need to support cargo 1.38 or earlier, you can symlink `config` to `config.toml`
warning: hiding a lifetime that's elided elsewhere is confusing
   --> /home/daivy/projects/serial/work/StarryOS/crates/virtio-drivers/src/transport/pci/bus.rs:242:25
    |
242 |     pub fn capabilities(&self, device_function: DeviceFunction) -> CapabilityIterator {
    |                         ^^^^^ the lifetime is elided here          ^^^^^^^^^^^^^^^^^^ the same lifetime is hidden here
    |
    = help: the same lifetime is referred to in inconsistent ways, making the signature confusing
    = note: `#[warn(mismatched_lifetime_syntaxes)]` on by default
help: use `'_` for type paths
    |
242 |     pub fn capabilities(&self, device_function: DeviceFunction) -> CapabilityIterator<'_> {
    |                                                                                      ++++

warning: `virtio-drivers` (lib) generated 1 warning (run `cargo fix --lib -p virtio-drivers` to apply 1 suggestion)
    Finished `dev` profile [unoptimized + debuginfo] target(s) in 0.02s

Script done on 2026-08-12 16:18:56+08:00 [COMMAND_EXIT_CODE="0"]
Script started on 2026-08-12 16:19:03+08:00 [<not executed on terminal>]
warning: `/home/daivy/.cargo/config` is deprecated in favor of `config.toml`
  |
  = help: if you need to support cargo 1.38 or earlier, you can symlink `config` to `config.toml`
warning: hiding a lifetime that's elided elsewhere is confusing
   --> src/transport/pci/bus.rs:242:25
    |
242 |     pub fn capabilities(&self, device_function: DeviceFunction) -> CapabilityIterator {
    |                         ^^^^^ the lifetime is elided here          ^^^^^^^^^^^^^^^^^^ the same lifetime is hidden here
    |
    = help: the same lifetime is referred to in inconsistent ways, making the signature confusing
    = note: `#[warn(mismatched_lifetime_syntaxes)]` on by default
help: use `'_` for type paths
    |
242 |     pub fn capabilities(&self, device_function: DeviceFunction) -> CapabilityIterator<'_> {
    |                                                                                      ++++

warning: `virtio-drivers` (lib test) generated 1 warning (run `cargo fix --lib -p virtio-drivers --tests` to apply 1 suggestion)
    Finished `test` profile [unoptimized + debuginfo] target(s) in 0.03s
     Running unittests src/lib.rs (crates/virtio-drivers/target/debug/deps/virtio_drivers-d247c1dd9068fbd6)

running 34 tests
Device waiting for a request.
Transmit queue was notified.
Device waiting for a request.
Transmit queue was notified.
Device waiting for a request.
Transmit queue was notified.
Device waiting for a request.
Transmit queue was notified.
Guest sending
Device waiting for a character.
Guest expecting incoming connection.
Transmit queue was notified.
Control queue was notified.
Control queue was notified.
Control queue was notified.
Host sending connection request to wrong port
Host waiting for rejection
test device::blk::tests::config ... ok
test device::blk::tests::device_id ... ok
test device::console::tests::receive ... ok
test device::socket::vsock::tests::config ... ok
test device::blk::tests::flush ... ok
test device::blk::tests::write ... ok
test device::input::tests::config ... ok
test queue::tests::add_buffers ... ok
test device::blk::tests::read ... ok
test queue::tests::add_buffers_indirect ... ok
test device::console::tests::send ... ok
test device::sound::tests::config ... ok
test queue::tests::add_empty ... ok
test queue::tests::add_notify ... ok
test queue::tests::arm_with_pending_completion_reports_pending ... ok
test queue::tests::add_notify_event_idx ... ok
test queue::tests::set_dev_notify ... ok
test queue::tests::queue_too_big ... ok
test queue::tests::arm_empty_queue_reports_no_pending ... ok
test queue::tests::queue_already_used ... ok
test queue::tests::event_idx_u16_wrap ... ok
test queue::tests::suppress_event_idx_writes_used_event ... ok
test queue::tests::add_too_many ... ok
test queue::tests::suppressed_pop_does_not_rearm ... ok
test transport::pci::tests::transitional_device_ids ... ok
test transport::pci::tests::virtio_device_type_invalid ... ok
test transport::pci::tests::offset_device_ids ... ok
test transport::pci::tests::virtio_device_type_valid ... ok
test queue::tests::suppress_flags_without_event_idx ... ok
Host sending
Guest waiting to receive.
Guest getting received data.
Control queue was notified.
Control queue was notified.
Control queue was notified.
Host sending connection request to right port
Host waiting for response
Control queue was notified.
Control queue was notified.
test device::socket::connectionmanager::tests::send_recv ... ok
Control queue was notified.
Host finished
test device::socket::connectionmanager::tests::incoming_connection ... ok
test device::sound::tests::stream_info ... ok
test device::sound::tests::empty_info ... ok
Control queue was notified.
Control queue was notified.
Control queue was notified.
Playing empty
Playing 100
TX queue was notified
Playing 200
TX queue was notified
Playing 50
TX queue was notified
Playing 5000
TX queue was notified
TX queue was notified
TX queue was notified
TX queue was notified
TX queue was notified
Control queue was notified.
Control queue was notified.
test device::sound::tests::play ... ok

test result: ok. 34 passed; 0 failed; 0 ignored; 0 measured; 0 filtered out; finished in 0.17s


Script done on 2026-08-12 16:19:03+08:00 [COMMAND_EXIT_CODE="0"]
Script started on 2026-08-12 16:19:07+08:00 [<not executed on terminal>]
warning: `/home/daivy/.cargo/config` is deprecated in favor of `config.toml`
  |
  = help: if you need to support cargo 1.38 or earlier, you can symlink `config` to `config.toml`
warning: unused import: `crate::iface::Route`
 --> /home/daivy/projects/serial/work/StarryOS/crates/smoltcp/src/iface/interface/ipv6.rs:3:5
  |
3 | use crate::iface::Route;
  |     ^^^^^^^^^^^^^^^^^^^
  |
  = note: `#[warn(unused_imports)]` (part of `#[warn(unused)]`) on by default

warning: unused import: `super::fragmentation::PacketAssemblerSet`
  --> /home/daivy/projects/serial/work/StarryOS/crates/smoltcp/src/iface/interface/mod.rs:35:5
   |
35 | use super::fragmentation::PacketAssemblerSet;
   |     ^^^^^^^^^^^^^^^^^^^^^^^^^^^^^^^^^^^^^^^^

warning: unused imports: `IFACE_MAX_PREFIX_COUNT` and `IFACE_MAX_SIXLOWPAN_ADDRESS_CONTEXT_COUNT`
  --> /home/daivy/projects/serial/work/StarryOS/crates/smoltcp/src/iface/interface/mod.rs:42:27
   |
42 |     IFACE_MAX_ADDR_COUNT, IFACE_MAX_PREFIX_COUNT, IFACE_MAX_SIXLOWPAN_ADDRESS_CONTEXT_COUNT,
   |                           ^^^^^^^^^^^^^^^^^^^^^^  ^^^^^^^^^^^^^^^^^^^^^^^^^^^^^^^^^^^^^^^^^

warning: variable does not need to be mutable
   --> /home/daivy/projects/serial/work/StarryOS/crates/smoltcp/src/iface/interface/ipv4.rs:103:13
    |
103 |         let mut ipv4_repr = check!(Ipv4Repr::parse(ipv4_packet, &self.caps.checksum));
    |             ----^^^^^^^^^
    |             |
    |             help: remove this `mut`
    |
    = note: `#[warn(unused_mut)]` (part of `#[warn(unused)]`) on by default

warning: unused variable: `frag`
   --> /home/daivy/projects/serial/work/StarryOS/crates/smoltcp/src/iface/interface/ipv4.rs:101:9
    |
101 |         frag: &'a mut FragmentsBuffer,
    |         ^^^^ help: if this is intentional, prefix it with an underscore: `_frag`
    |
    = note: `#[warn(unused_variables)]` (part of `#[warn(unused)]`) on by default

warning: unused variable: `repr`
    --> /home/daivy/projects/serial/work/StarryOS/crates/smoltcp/src/iface/interface/mod.rs:1274:26
     |
1274 |             IpRepr::Ipv4(repr) => {
     |                          ^^^^ help: if this is intentional, prefix it with an underscore: `_repr`

warning: variable does not need to be mutable
   --> /home/daivy/projects/serial/work/StarryOS/crates/smoltcp/src/socket/dns.rs:247:13
    |
247 |         let mut mdns = MulticastDns::Disabled;
    |             ----^^^^
    |             |
    |             help: remove this `mut`

warning: methods `link_local_ipv6_address` and `mldv2_report_packet` are never used
   --> /home/daivy/projects/serial/work/StarryOS/crates/smoltcp/src/iface/interface/ipv6.rs:173:8
    |
 23 | impl InterfaceInner {
    | ------------------- methods in this implementation
...
173 |     fn link_local_ipv6_address(&self) -> Option<Ipv6Address> {
    |        ^^^^^^^^^^^^^^^^^^^^^^^
...
565 |     pub(super) fn mldv2_report_packet<'any>(
    |                   ^^^^^^^^^^^^^^^^^^^
    |
    = note: `#[warn(dead_code)]` (part of `#[warn(unused)]`) on by default

warning: variant `HopByHopIcmpv6` is never constructed
   --> /home/daivy/projects/serial/work/StarryOS/crates/smoltcp/src/iface/packet.rs:218:5
    |
210 | pub(crate) enum IpPayload<'p> {
    |                 --------- variant in this enum
...
218 |     HopByHopIcmpv6(Ipv6HopByHopRepr<'p>, Icmpv6Repr<'p>),
    |     ^^^^^^^^^^^^^^
    |
    = note: `IpPayload` has a derived impl for the trait `Debug`, but this is intentionally ignored during dead code analysis

warning: method `is_solicited_node_multicast` is never used
   --> /home/daivy/projects/serial/work/StarryOS/crates/smoltcp/src/wire/ipv6.rs:125:8
    |
 80 | pub(crate) trait AddressExt {
    |                  ---------- method in this trait
...
125 |     fn is_solicited_node_multicast(&self) -> bool;
    |        ^^^^^^^^^^^^^^^^^^^^^^^^^^^

warning: method `emit_header` is never used
   --> /home/daivy/projects/serial/work/StarryOS/crates/smoltcp/src/wire/udp.rs:275:19
    |
232 | impl Repr {
    | --------- method in this implementation
...
275 |     pub(crate) fn emit_header<T>(&self, packet: &mut Packet<&mut T>, payload_len: usize)
    |                   ^^^^^^^^^^^

warning: `smoltcp` (lib) generated 11 warnings (run `cargo fix --lib -p smoltcp` to apply 7 suggestions)
    Finished `test` profile [unoptimized + debuginfo] target(s) in 0.16s
     Running unittests src/lib.rs (crates/axnet/target/debug/deps/axnet_ng-7ae829c10db130aa)

running 109 tests
test async_rx::tests::budget_below_limit_continues_on_progress ... ok
test async_rx::tests::arm_error_maps_to_fault_with_error_category ... ok
test async_rx::tests::empty_goes_register_recheck_at_any_count ... ok
test async_rx::tests::budget_exact_with_backlog_self_wakes_and_yields ... ok
test async_rx::tests::budget_exact_without_backlog_goes_register_recheck ... ok
test async_rx::tests::event_during_register_window_retries ... ok
test async_rx::tests::event_before_register_is_caught_by_arm_recheck ... ok
test async_rx::tests::event_after_arm_wakes_sleep_decision ... ok
test async_rx::tests::fault_is_terminal_for_the_decision_layer ... ok
test async_rx::tests::full_goes_wait_space_without_reaping ... ok
test async_rx::tests::future_31_completions_then_empty_registers_once ... ok
test async_rx::tests::future_arm_error_faults_and_keeps_async_owner ... ok
test async_rx::tests::future_arm_pending_retries_with_self_wake ... ok
test async_rx::tests::future_budget_exhausted_with_backlog_self_wakes_and_yields ... ok
test async_rx::tests::future_budget_exhausted_without_backlog_stops_cleanly ... ok
test async_rx::tests::future_first_poll_activates_and_waits_on_empty ... ok
test async_rx::tests::future_missing_service_publishes_unavailable ... ok
test async_rx::tests::future_missing_control_publishes_unavailable ... ok
test async_rx::tests::future_missing_target_publishes_unavailable ... ok
test async_rx::tests::future_preflight_suppress_failure_publishes_unavailable ... ok
test async_rx::tests::last_error_pair_round_trips_as_one_value ... ok
test async_rx::tests::future_services_one_completion_then_registers ... ok
test async_rx::tests::lifecycle_fatal_only_from_active ... ok
test async_rx::tests::last_error_pair_uses_one_atomic_publication ... ok
test async_rx::tests::lifecycle_preflight_only_from_spawned ... ok
test async_rx::tests::lifecycle_owner_view_mapping ... ok
test async_rx::tests::lifecycle_preflight_outcomes_from_spawned ... ok
test async_rx::tests::lifecycle_duplicate_start_is_rejected_without_state_change ... ok
test async_rx::tests::notify_still_full_does_not_wake ... ok
test async_rx::tests::notify_second_publish_after_clear_wakes_again ... ok
test async_rx::tests::one_step_full_router_buffer_does_not_touch_device ... ok
test async_rx::tests::pending_found_by_arm_recheck_retries_without_event ... ok
test async_rx::tests::publish_event_generation_wraps ... ok
test async_rx::tests::notify_full_waiting_then_space_wakes_once ... ok
test async_rx::tests::lifecycle_terminal_states_accept_no_transition ... ok
test async_rx::tests::notify_not_waiting_does_not_wake ... ok
test async_rx::tests::snapshot_source_uses_one_lifecycle_observation ... ok
test async_rx::tests::software_nudge_wakes_without_publishing_hardware_event ... ok
test async_rx::tests::quiescent_arm_without_event_sleeps ... ok
test async_rx::tests::lifecycle_start_moves_polling_to_spawned ... ok
test async_rx::tests::one_step_missing_target_maps_to_bad_state ... ok
test async_rx::tests::telemetry_active_suppress_fault_records_exactly_once ... ok
test async_rx::tests::telemetry_illegal_fatal_records_lifecycle_stage ... ok
test async_rx::tests::telemetry_empty_round_increments_empty_check_once ... ok
test async_rx::tests::telemetry_missing_service_records_preflight_bad_state ... ok
test async_rx::tests::telemetry_delivered_increments_delivered_counter ... ok
test async_rx::tests::start_seam_spawns_once_and_rejects_duplicate_with_local_state ... ok
test device::tests::again_maps_to_empty ... ok
test device::tests::arp_reply_flushes_pending_ipv4_once ... ok
test async_rx::tests::telemetry_snapshot_mirrors_lifecycle_and_counters ... ok
test device::tests::arp_request_replies_but_is_consumed ... ok
test device::tests::completion_visible_reports_control_state ... ok
test async_rx::tests::publish_event_increments_generation_and_wakes ... ok
test async_rx::tests::telemetry_illegal_preflight_records_lifecycle_stage ... ok
test device::tests::foreign_mac_frame_is_consumed ... ok
test device::tests::arm_reports_pending_and_quiescent ... ok
test async_rx::tests::telemetry_preflight_failure_records_last_error_without_fault ... ok
test device::tests::arm_error_propagates_with_category ... ok
test device::tests::preflight_suppresses_target_control_without_reaping ... ok
test async_rx::tests::telemetry_active_receive_fault_records_exactly_once ... ok
test device::tests::completion_visible_without_control_is_unsupported ... ok
test async_rx::tests::telemetry_budget_backlog_increments_exhausted_and_self_yield ... ok
test device::tests::full_destination_enqueue_returns_fault ... ok
test device::tests::preflight_suppress_error_propagates ... ok
test device::tests::ipv4_delivers_payload_and_recycles ... ok
test device::tests::loopback_empty_returns_empty ... ok
test device::tests::loopback_full_destination_returns_fault ... ok
test device::tests::loopback_target_control_is_unsupported ... ok
test device::tests::one_completion_per_recv_call ... ok
test device::tests::preflight_missing_control_is_unsupported ... ok
test async_rx::tests::telemetry_active_completion_query_fault_records_exactly_once ... ok
test device::tests::ethernet_delegates_queue_control_to_inner ... ok
test async_rx::tests::telemetry_active_arm_fault_records_fault_and_stage ... ok
test device::tests::receive_fault_propagates ... ok
test device::tests::recycle_fault_overrides_delivered ... ok
test device::tests::preflight_missing_target_is_bad_state ... ok
test device::tests::recycle_fault_prevails_over_enqueue_fault ... ok
test device::tests::loopback_delivers_after_send ... ok
test device::tests::repeated_suppress_is_idempotent ... ok
test device::tests::malformed_frame_is_consumed_and_recycled ... ok
test async_rx::tests::telemetry_consumed_increments_reap_refill_and_non_ip ... ok
test device::tests::non_ipv4_ethertype_is_consumed ... ok
test device::tests::router_poll_async_owned_without_target_is_safe ... ok
test device::tests::router_rx_one_step_advances_one_completion_per_call ... ok
test device::tests::router_rx_one_step_full_returns_full_without_receive ... ok
test device::tests::router_stops_on_fault ... ok
test device::tests::router_poll_polling_owned_drains_target ... ok
test device::tests::router_rx_one_step_invalid_target_returns_fault ... ok
test service::tests::chooses_earlier_protocol_or_polling_deadline ... ok
test device::tests::router_stops_on_empty ... ok
test service::tests::masked_polling_device_triggers_fallback ... ok
test service::tests::masked_non_polling_device_does_not_trigger_fallback ... ok
test service::tests::mixed_devices_only_masked_polling_decides ... ok
test device::tests::router_poll_async_owned_faulted_target_also_skipped ... ok
test service::tests::no_deadline_without_protocol_timer_or_polling_fallback ... ok
test device::tests::router_continues_on_consumed_and_delivered ... ok
test service::tests::preserves_protocol_deadline_without_polling_fallback ... ok
test device::tests::router_poll_async_owned_skips_target_keeps_loopback ... ok
test service::tests::unmasked_polling_device_does_not_trigger_fallback ... ok
test service::tests::uses_polling_fallback_without_protocol_deadline ... ok
test async_rx::tests::future_router_full_waits_then_service_poll_wakes ... ok
test device::tests::service_poll_async_owned_skips_target ... ok
test async_rx::tests::space_freed_before_waiting_rechecks_to_retry_without_publish ... ok
test async_rx::tests::telemetry_router_full_increments_wait_and_space_wake ... ok
test async_rx::tests::sibling_caller_reaches_target_one_step_and_register_seam ... ok
test device::tests::service_poll_polling_owned_drains_target ... ok
test service::tests::service_poll_wakes_waiting_rx_task_after_ingress_frees_space ... ok
test async_rx::tests::still_full_publishes_waiting_then_space_wakes_once ... ok
test device::tests::service_without_target_dev_async_owned_is_safe ... ok

test result: ok. 109 passed; 0 failed; 0 ignored; 0 measured; 0 filtered out; finished in 0.02s


Script done on 2026-08-12 16:19:08+08:00 [COMMAND_EXIT_CODE="0"]
Script started on 2026-08-12 16:19:16+08:00 [<not executed on terminal>]
warning: `/home/daivy/.cargo/config` is deprecated in favor of `config.toml`
  |
  = help: if you need to support cargo 1.38 or earlier, you can symlink `config` to `config.toml`
warning: unused import: `crate::iface::Route`
 --> /home/daivy/projects/serial/work/StarryOS/crates/smoltcp/src/iface/interface/ipv6.rs:3:5
  |
3 | use crate::iface::Route;
  |     ^^^^^^^^^^^^^^^^^^^
  |
  = note: `#[warn(unused_imports)]` (part of `#[warn(unused)]`) on by default

warning: unused import: `super::fragmentation::PacketAssemblerSet`
  --> /home/daivy/projects/serial/work/StarryOS/crates/smoltcp/src/iface/interface/mod.rs:35:5
   |
35 | use super::fragmentation::PacketAssemblerSet;
   |     ^^^^^^^^^^^^^^^^^^^^^^^^^^^^^^^^^^^^^^^^

warning: unused imports: `IFACE_MAX_PREFIX_COUNT` and `IFACE_MAX_SIXLOWPAN_ADDRESS_CONTEXT_COUNT`
  --> /home/daivy/projects/serial/work/StarryOS/crates/smoltcp/src/iface/interface/mod.rs:42:27
   |
42 |     IFACE_MAX_ADDR_COUNT, IFACE_MAX_PREFIX_COUNT, IFACE_MAX_SIXLOWPAN_ADDRESS_CONTEXT_COUNT,
   |                           ^^^^^^^^^^^^^^^^^^^^^^  ^^^^^^^^^^^^^^^^^^^^^^^^^^^^^^^^^^^^^^^^^

warning: variable does not need to be mutable
   --> /home/daivy/projects/serial/work/StarryOS/crates/smoltcp/src/iface/interface/ipv4.rs:103:13
    |
103 |         let mut ipv4_repr = check!(Ipv4Repr::parse(ipv4_packet, &self.caps.checksum));
    |             ----^^^^^^^^^
    |             |
    |             help: remove this `mut`
    |
    = note: `#[warn(unused_mut)]` (part of `#[warn(unused)]`) on by default

warning: unused variable: `frag`
   --> /home/daivy/projects/serial/work/StarryOS/crates/smoltcp/src/iface/interface/ipv4.rs:101:9
    |
101 |         frag: &'a mut FragmentsBuffer,
    |         ^^^^ help: if this is intentional, prefix it with an underscore: `_frag`
    |
    = note: `#[warn(unused_variables)]` (part of `#[warn(unused)]`) on by default

warning: unused variable: `repr`
    --> /home/daivy/projects/serial/work/StarryOS/crates/smoltcp/src/iface/interface/mod.rs:1274:26
     |
1274 |             IpRepr::Ipv4(repr) => {
     |                          ^^^^ help: if this is intentional, prefix it with an underscore: `_repr`

warning: variable does not need to be mutable
   --> /home/daivy/projects/serial/work/StarryOS/crates/smoltcp/src/socket/dns.rs:247:13
    |
247 |         let mut mdns = MulticastDns::Disabled;
    |             ----^^^^
    |             |
    |             help: remove this `mut`

warning: methods `link_local_ipv6_address` and `mldv2_report_packet` are never used
   --> /home/daivy/projects/serial/work/StarryOS/crates/smoltcp/src/iface/interface/ipv6.rs:173:8
    |
 23 | impl InterfaceInner {
    | ------------------- methods in this implementation
...
173 |     fn link_local_ipv6_address(&self) -> Option<Ipv6Address> {
    |        ^^^^^^^^^^^^^^^^^^^^^^^
...
565 |     pub(super) fn mldv2_report_packet<'any>(
    |                   ^^^^^^^^^^^^^^^^^^^
    |
    = note: `#[warn(dead_code)]` (part of `#[warn(unused)]`) on by default

warning: variant `HopByHopIcmpv6` is never constructed
   --> /home/daivy/projects/serial/work/StarryOS/crates/smoltcp/src/iface/packet.rs:218:5
    |
210 | pub(crate) enum IpPayload<'p> {
    |                 --------- variant in this enum
...
218 |     HopByHopIcmpv6(Ipv6HopByHopRepr<'p>, Icmpv6Repr<'p>),
    |     ^^^^^^^^^^^^^^
    |
    = note: `IpPayload` has a derived impl for the trait `Debug`, but this is intentionally ignored during dead code analysis

warning: method `is_solicited_node_multicast` is never used
   --> /home/daivy/projects/serial/work/StarryOS/crates/smoltcp/src/wire/ipv6.rs:125:8
    |
 80 | pub(crate) trait AddressExt {
    |                  ---------- method in this trait
...
125 |     fn is_solicited_node_multicast(&self) -> bool;
    |        ^^^^^^^^^^^^^^^^^^^^^^^^^^^

warning: method `emit_header` is never used
   --> /home/daivy/projects/serial/work/StarryOS/crates/smoltcp/src/wire/udp.rs:275:19
    |
232 | impl Repr {
    | --------- method in this implementation
...
275 |     pub(crate) fn emit_header<T>(&self, packet: &mut Packet<&mut T>, payload_len: usize)
    |                   ^^^^^^^^^^^


running 109 tests
[32m.(B[m[32m.(B[m[32m.(B[m[32m.(B[m[32m.(B[m[32m.(B[m[32m.(B[m[32m.(B[m[32m.(B[m[32m.(B[m[32m.(B[m[32m.(B[m[32m.(B[m[32m.(B[m[32m.(B[m[32m.(B[m[32m.(B[m[32m.(B[m[32m.(B[m[32m.(B[m[32m.(B[m[32m.(B[m[32m.(B[m[32m.(B[m[32m.(B[m[32m.(B[m[32m.(B[m[32m.(B[m[32m.(B[m[32m.(B[m[32m.(B[m[32m.(B[m[32m.(B[m[32m.(B[m[32m.(B[m[32m.(B[m[32m.(B[m[32m.(B[m[32m.(B[m[32m.(B[m[32m.(B[m[32m.(B[m[32m.(B[m[32m.(B[m[32m.(B[m[32m.(B[m[32m.(B[m[32m.(B[m[32m.(B[m[32m.(B[m[32m.(B[m[32m.(B[m[32m.(B[m[32m.(B[m[32m.(B[m[32m.(B[m[32m.(B[m[32m.(B[m[32m.(B[m[32m.(B[m[32m.(B[m[32m.(B[m[32m.(B[m[32m.(B[m[32m.(B[m[32m.(B[m[32m.(B[m[32m.(B[m[32m.(B[m[32m.(B[m[32m.(B[m[32m.(B[m[32m.(B[m[32m.(B[m[32m.(B[m[32m.(B[m[32m.(B[m[32m.(B[m[32m.(B[m[32m.(B[m[32m.(B[m[32m.(B[m[32m.(B[m[32m.(B[m[32m.(B[m[32m.(B[m[32m.(B[m 87/109
[32m.(B[m[32m.(B[m[32m.(B[m[32m.(B[m[32m.(B[m[32m.(B[m[32m.(B[m[32m.(B[m[32m.(B[m[32m.(B[m[32m.(B[m[32m.(B[m[32m.(B[m[32m.(B[m[32m.(B[m[32m.(B[m[32m.(B[m[32m.(B[m[32m.(B[m[32m.(B[m[32m.(B[m[32m.(B[m
test result: [32mok(B[m. 109 passed; 0 failed; 0 ignored; 0 measured; 0 filtered out; finished in 0.01s

warning: `/home/daivy/.cargo/config` is deprecated in favor of `config.toml`
  |
  = help: if you need to support cargo 1.38 or earlier, you can symlink `config` to `config.toml`
warning: unused import: `crate::iface::Route`
 --> /home/daivy/projects/serial/work/StarryOS/crates/smoltcp/src/iface/interface/ipv6.rs:3:5
  |
3 | use crate::iface::Route;
  |     ^^^^^^^^^^^^^^^^^^^
  |
  = note: `#[warn(unused_imports)]` (part of `#[warn(unused)]`) on by default

warning: unused import: `super::fragmentation::PacketAssemblerSet`
  --> /home/daivy/projects/serial/work/StarryOS/crates/smoltcp/src/iface/interface/mod.rs:35:5
   |
35 | use super::fragmentation::PacketAssemblerSet;
   |     ^^^^^^^^^^^^^^^^^^^^^^^^^^^^^^^^^^^^^^^^

warning: unused imports: `IFACE_MAX_PREFIX_COUNT` and `IFACE_MAX_SIXLOWPAN_ADDRESS_CONTEXT_COUNT`
  --> /home/daivy/projects/serial/work/StarryOS/crates/smoltcp/src/iface/interface/mod.rs:42:27
   |
42 |     IFACE_MAX_ADDR_COUNT, IFACE_MAX_PREFIX_COUNT, IFACE_MAX_SIXLOWPAN_ADDRESS_CONTEXT_COUNT,
   |                           ^^^^^^^^^^^^^^^^^^^^^^  ^^^^^^^^^^^^^^^^^^^^^^^^^^^^^^^^^^^^^^^^^

warning: variable does not need to be mutable
   --> /home/daivy/projects/serial/work/StarryOS/crates/smoltcp/src/iface/interface/ipv4.rs:103:13
    |
103 |         let mut ipv4_repr = check!(Ipv4Repr::parse(ipv4_packet, &self.caps.checksum));
    |             ----^^^^^^^^^
    |             |
    |             help: remove this `mut`
    |
    = note: `#[warn(unused_mut)]` (part of `#[warn(unused)]`) on by default

warning: unused variable: `frag`
   --> /home/daivy/projects/serial/work/StarryOS/crates/smoltcp/src/iface/interface/ipv4.rs:101:9
    |
101 |         frag: &'a mut FragmentsBuffer,
    |         ^^^^ help: if this is intentional, prefix it with an underscore: `_frag`
    |
    = note: `#[warn(unused_variables)]` (part of `#[warn(unused)]`) on by default

warning: unused variable: `repr`
    --> /home/daivy/projects/serial/work/StarryOS/crates/smoltcp/src/iface/interface/mod.rs:1274:26
     |
1274 |             IpRepr::Ipv4(repr) => {
     |                          ^^^^ help: if this is intentional, prefix it with an underscore: `_repr`

warning: variable does not need to be mutable
   --> /home/daivy/projects/serial/work/StarryOS/crates/smoltcp/src/socket/dns.rs:247:13
    |
247 |         let mut mdns = MulticastDns::Disabled;
    |             ----^^^^
    |             |
    |             help: remove this `mut`

warning: methods `link_local_ipv6_address` and `mldv2_report_packet` are never used
   --> /home/daivy/projects/serial/work/StarryOS/crates/smoltcp/src/iface/interface/ipv6.rs:173:8
    |
 23 | impl InterfaceInner {
    | ------------------- methods in this implementation
...
173 |     fn link_local_ipv6_address(&self) -> Option<Ipv6Address> {
    |        ^^^^^^^^^^^^^^^^^^^^^^^
...
565 |     pub(super) fn mldv2_report_packet<'any>(
    |                   ^^^^^^^^^^^^^^^^^^^
    |
    = note: `#[warn(dead_code)]` (part of `#[warn(unused)]`) on by default

warning: variant `HopByHopIcmpv6` is never constructed
   --> /home/daivy/projects/serial/work/StarryOS/crates/smoltcp/src/iface/packet.rs:218:5
    |
210 | pub(crate) enum IpPayload<'p> {
    |                 --------- variant in this enum
...
218 |     HopByHopIcmpv6(Ipv6HopByHopRepr<'p>, Icmpv6Repr<'p>),
    |     ^^^^^^^^^^^^^^
    |
    = note: `IpPayload` has a derived impl for the trait `Debug`, but this is intentionally ignored during dead code analysis

warning: method `is_solicited_node_multicast` is never used
   --> /home/daivy/projects/serial/work/StarryOS/crates/smoltcp/src/wire/ipv6.rs:125:8
    |
 80 | pub(crate) trait AddressExt {
    |                  ---------- method in this trait
...
125 |     fn is_solicited_node_multicast(&self) -> bool;
    |        ^^^^^^^^^^^^^^^^^^^^^^^^^^^

warning: method `emit_header` is never used
   --> /home/daivy/projects/serial/work/StarryOS/crates/smoltcp/src/wire/udp.rs:275:19
    |
232 | impl Repr {
    | --------- method in this implementation
...
275 |     pub(crate) fn emit_header<T>(&self, packet: &mut Packet<&mut T>, payload_len: usize)
    |                   ^^^^^^^^^^^


running 109 tests
[32m.(B[m[32m.(B[m[32m.(B[m[32m.(B[m[32m.(B[m[32m.(B[m[32m.(B[m[32m.(B[m[32m.(B[m[32m.(B[m[32m.(B[m[32m.(B[m[32m.(B[m[32m.(B[m[32m.(B[m[32m.(B[m[32m.(B[m[32m.(B[m[32m.(B[m[32m.(B[m[32m.(B[m[32m.(B[m[32m.(B[m[32m.(B[m[32m.(B[m[32m.(B[m[32m.(B[m[32m.(B[m[32m.(B[m[32m.(B[m[32m.(B[m[32m.(B[m[32m.(B[m[32m.(B[m[32m.(B[m[32m.(B[m[32m.(B[m[32m.(B[m[32m.(B[m[32m.(B[m[32m.(B[m[32m.(B[m[32m.(B[m[32m.(B[m[32m.(B[m[32m.(B[m[32m.(B[m[32m.(B[m[32m.(B[m[32m.(B[m[32m.(B[m[32m.(B[m[32m.(B[m[32m.(B[m[32m.(B[m[32m.(B[m[32m.(B[m[32m.(B[m[32m.(B[m[32m.(B[m[32m.(B[m[32m.(B[m[32m.(B[m[32m.(B[m[32m.(B[m[32m.(B[m[32m.(B[m[32m.(B[m[32m.(B[m[32m.(B[m[32m.(B[m[32m.(B[m[32m.(B[m[32m.(B[m[32m.(B[m[32m.(B[m[32m.(B[m[32m.(B[m[32m.(B[m[32m.(B[m[32m.(B[m[32m.(B[m[32m.(B[m[32m.(B[m[32m.(B[m[32m.(B[m[32m.(B[m 87/109
[32m.(B[m[32m.(B[m[32m.(B[m[32m.(B[m[32m.(B[m[32m.(B[m[32m.(B[m[32m.(B[m[32m.(B[m[32m.(B[m[32m.(B[m[32m.(B[m[32m.(B[m[32m.(B[m[32m.(B[m[32m.(B[m[32m.(B[m[32m.(B[m[32m.(B[m[32m.(B[m[32m.(B[m[32m.(B[m
test result: [32mok(B[m. 109 passed; 0 failed; 0 ignored; 0 measured; 0 filtered out; finished in 0.02s

warning: `/home/daivy/.cargo/config` is deprecated in favor of `config.toml`
  |
  = help: if you need to support cargo 1.38 or earlier, you can symlink `config` to `config.toml`
warning: unused import: `crate::iface::Route`
 --> /home/daivy/projects/serial/work/StarryOS/crates/smoltcp/src/iface/interface/ipv6.rs:3:5
  |
3 | use crate::iface::Route;
  |     ^^^^^^^^^^^^^^^^^^^
  |
  = note: `#[warn(unused_imports)]` (part of `#[warn(unused)]`) on by default

warning: unused import: `super::fragmentation::PacketAssemblerSet`
  --> /home/daivy/projects/serial/work/StarryOS/crates/smoltcp/src/iface/interface/mod.rs:35:5
   |
35 | use super::fragmentation::PacketAssemblerSet;
   |     ^^^^^^^^^^^^^^^^^^^^^^^^^^^^^^^^^^^^^^^^

warning: unused imports: `IFACE_MAX_PREFIX_COUNT` and `IFACE_MAX_SIXLOWPAN_ADDRESS_CONTEXT_COUNT`
  --> /home/daivy/projects/serial/work/StarryOS/crates/smoltcp/src/iface/interface/mod.rs:42:27
   |
42 |     IFACE_MAX_ADDR_COUNT, IFACE_MAX_PREFIX_COUNT, IFACE_MAX_SIXLOWPAN_ADDRESS_CONTEXT_COUNT,
   |                           ^^^^^^^^^^^^^^^^^^^^^^  ^^^^^^^^^^^^^^^^^^^^^^^^^^^^^^^^^^^^^^^^^

warning: variable does not need to be mutable
   --> /home/daivy/projects/serial/work/StarryOS/crates/smoltcp/src/iface/interface/ipv4.rs:103:13
    |
103 |         let mut ipv4_repr = check!(Ipv4Repr::parse(ipv4_packet, &self.caps.checksum));
    |             ----^^^^^^^^^
    |             |
    |             help: remove this `mut`
    |
    = note: `#[warn(unused_mut)]` (part of `#[warn(unused)]`) on by default

warning: unused variable: `frag`
   --> /home/daivy/projects/serial/work/StarryOS/crates/smoltcp/src/iface/interface/ipv4.rs:101:9
    |
101 |         frag: &'a mut FragmentsBuffer,
    |         ^^^^ help: if this is intentional, prefix it with an underscore: `_frag`
    |
    = note: `#[warn(unused_variables)]` (part of `#[warn(unused)]`) on by default

warning: unused variable: `repr`
    --> /home/daivy/projects/serial/work/StarryOS/crates/smoltcp/src/iface/interface/mod.rs:1274:26
     |
1274 |             IpRepr::Ipv4(repr) => {
     |                          ^^^^ help: if this is intentional, prefix it with an underscore: `_repr`

warning: variable does not need to be mutable
   --> /home/daivy/projects/serial/work/StarryOS/crates/smoltcp/src/socket/dns.rs:247:13
    |
247 |         let mut mdns = MulticastDns::Disabled;
    |             ----^^^^
    |             |
    |             help: remove this `mut`

warning: methods `link_local_ipv6_address` and `mldv2_report_packet` are never used
   --> /home/daivy/projects/serial/work/StarryOS/crates/smoltcp/src/iface/interface/ipv6.rs:173:8
    |
 23 | impl InterfaceInner {
    | ------------------- methods in this implementation
...
173 |     fn link_local_ipv6_address(&self) -> Option<Ipv6Address> {
    |        ^^^^^^^^^^^^^^^^^^^^^^^
...
565 |     pub(super) fn mldv2_report_packet<'any>(
    |                   ^^^^^^^^^^^^^^^^^^^
    |
    = note: `#[warn(dead_code)]` (part of `#[warn(unused)]`) on by default

warning: variant `HopByHopIcmpv6` is never constructed
   --> /home/daivy/projects/serial/work/StarryOS/crates/smoltcp/src/iface/packet.rs:218:5
    |
210 | pub(crate) enum IpPayload<'p> {
    |                 --------- variant in this enum
...
218 |     HopByHopIcmpv6(Ipv6HopByHopRepr<'p>, Icmpv6Repr<'p>),
    |     ^^^^^^^^^^^^^^
    |
    = note: `IpPayload` has a derived impl for the trait `Debug`, but this is intentionally ignored during dead code analysis

warning: method `is_solicited_node_multicast` is never used
   --> /home/daivy/projects/serial/work/StarryOS/crates/smoltcp/src/wire/ipv6.rs:125:8
    |
 80 | pub(crate) trait AddressExt {
    |                  ---------- method in this trait
...
125 |     fn is_solicited_node_multicast(&self) -> bool;
    |        ^^^^^^^^^^^^^^^^^^^^^^^^^^^

warning: method `emit_header` is never used
   --> /home/daivy/projects/serial/work/StarryOS/crates/smoltcp/src/wire/udp.rs:275:19
    |
232 | impl Repr {
    | --------- method in this implementation
...
275 |     pub(crate) fn emit_header<T>(&self, packet: &mut Packet<&mut T>, payload_len: usize)
    |                   ^^^^^^^^^^^


running 109 tests
[32m.(B[m[32m.(B[m[32m.(B[m[32m.(B[m[32m.(B[m[32m.(B[m[32m.(B[m[32m.(B[m[32m.(B[m[32m.(B[m[32m.(B[m[32m.(B[m[32m.(B[m[32m.(B[m[32m.(B[m[32m.(B[m[32m.(B[m[32m.(B[m[32m.(B[m[32m.(B[m[32m.(B[m[32m.(B[m[32m.(B[m[32m.(B[m[32m.(B[m[32m.(B[m[32m.(B[m[32m.(B[m[32m.(B[m[32m.(B[m[32m.(B[m[32m.(B[m[32m.(B[m[32m.(B[m[32m.(B[m[32m.(B[m[32m.(B[m[32m.(B[m[32m.(B[m[32m.(B[m[32m.(B[m[32m.(B[m[32m.(B[m[32m.(B[m[32m.(B[m[32m.(B[m[32m.(B[m[32m.(B[m[32m.(B[m[32m.(B[m[32m.(B[m[32m.(B[m[32m.(B[m[32m.(B[m[32m.(B[m[32m.(B[m[32m.(B[m[32m.(B[m[32m.(B[m[32m.(B[m[32m.(B[m[32m.(B[m[32m.(B[m[32m.(B[m[32m.(B[m[32m.(B[m[32m.(B[m[32m.(B[m[32m.(B[m[32m.(B[m[32m.(B[m[32m.(B[m[32m.(B[m[32m.(B[m[32m.(B[m[32m.(B[m[32m.(B[m[32m.(B[m[32m.(B[m[32m.(B[m[32m.(B[m[32m.(B[m[32m.(B[m[32m.(B[m[32m.(B[m[32m.(B[m[32m.(B[m 87/109
[32m.(B[m[32m.(B[m[32m.(B[m[32m.(B[m[32m.(B[m[32m.(B[m[32m.(B[m[32m.(B[m[32m.(B[m[32m.(B[m[32m.(B[m[32m.(B[m[32m.(B[m[32m.(B[m[32m.(B[m[32m.(B[m[32m.(B[m[32m.(B[m[32m.(B[m[32m.(B[m[32m.(B[m[32m.(B[m
test result: [32mok(B[m. 109 passed; 0 failed; 0 ignored; 0 measured; 0 filtered out; finished in 0.02s

warning: `/home/daivy/.cargo/config` is deprecated in favor of `config.toml`
  |
  = help: if you need to support cargo 1.38 or earlier, you can symlink `config` to `config.toml`
warning: unused import: `crate::iface::Route`
 --> /home/daivy/projects/serial/work/StarryOS/crates/smoltcp/src/iface/interface/ipv6.rs:3:5
  |
3 | use crate::iface::Route;
  |     ^^^^^^^^^^^^^^^^^^^
  |
  = note: `#[warn(unused_imports)]` (part of `#[warn(unused)]`) on by default

warning: unused import: `super::fragmentation::PacketAssemblerSet`
  --> /home/daivy/projects/serial/work/StarryOS/crates/smoltcp/src/iface/interface/mod.rs:35:5
   |
35 | use super::fragmentation::PacketAssemblerSet;
   |     ^^^^^^^^^^^^^^^^^^^^^^^^^^^^^^^^^^^^^^^^

warning: unused imports: `IFACE_MAX_PREFIX_COUNT` and `IFACE_MAX_SIXLOWPAN_ADDRESS_CONTEXT_COUNT`
  --> /home/daivy/projects/serial/work/StarryOS/crates/smoltcp/src/iface/interface/mod.rs:42:27
   |
42 |     IFACE_MAX_ADDR_COUNT, IFACE_MAX_PREFIX_COUNT, IFACE_MAX_SIXLOWPAN_ADDRESS_CONTEXT_COUNT,
   |                           ^^^^^^^^^^^^^^^^^^^^^^  ^^^^^^^^^^^^^^^^^^^^^^^^^^^^^^^^^^^^^^^^^

warning: variable does not need to be mutable
   --> /home/daivy/projects/serial/work/StarryOS/crates/smoltcp/src/iface/interface/ipv4.rs:103:13
    |
103 |         let mut ipv4_repr = check!(Ipv4Repr::parse(ipv4_packet, &self.caps.checksum));
    |             ----^^^^^^^^^
    |             |
    |             help: remove this `mut`
    |
    = note: `#[warn(unused_mut)]` (part of `#[warn(unused)]`) on by default

warning: unused variable: `frag`
   --> /home/daivy/projects/serial/work/StarryOS/crates/smoltcp/src/iface/interface/ipv4.rs:101:9
    |
101 |         frag: &'a mut FragmentsBuffer,
    |         ^^^^ help: if this is intentional, prefix it with an underscore: `_frag`
    |
    = note: `#[warn(unused_variables)]` (part of `#[warn(unused)]`) on by default

warning: unused variable: `repr`
    --> /home/daivy/projects/serial/work/StarryOS/crates/smoltcp/src/iface/interface/mod.rs:1274:26
     |
1274 |             IpRepr::Ipv4(repr) => {
     |                          ^^^^ help: if this is intentional, prefix it with an underscore: `_repr`

warning: variable does not need to be mutable
   --> /home/daivy/projects/serial/work/StarryOS/crates/smoltcp/src/socket/dns.rs:247:13
    |
247 |         let mut mdns = MulticastDns::Disabled;
    |             ----^^^^
    |             |
    |             help: remove this `mut`

warning: methods `link_local_ipv6_address` and `mldv2_report_packet` are never used
   --> /home/daivy/projects/serial/work/StarryOS/crates/smoltcp/src/iface/interface/ipv6.rs:173:8
    |
 23 | impl InterfaceInner {
    | ------------------- methods in this implementation
...
173 |     fn link_local_ipv6_address(&self) -> Option<Ipv6Address> {
    |        ^^^^^^^^^^^^^^^^^^^^^^^
...
565 |     pub(super) fn mldv2_report_packet<'any>(
    |                   ^^^^^^^^^^^^^^^^^^^
    |
    = note: `#[warn(dead_code)]` (part of `#[warn(unused)]`) on by default

warning: variant `HopByHopIcmpv6` is never constructed
   --> /home/daivy/projects/serial/work/StarryOS/crates/smoltcp/src/iface/packet.rs:218:5
    |
210 | pub(crate) enum IpPayload<'p> {
    |                 --------- variant in this enum
...
218 |     HopByHopIcmpv6(Ipv6HopByHopRepr<'p>, Icmpv6Repr<'p>),
    |     ^^^^^^^^^^^^^^
    |
    = note: `IpPayload` has a derived impl for the trait `Debug`, but this is intentionally ignored during dead code analysis

warning: method `is_solicited_node_multicast` is never used
   --> /home/daivy/projects/serial/work/StarryOS/crates/smoltcp/src/wire/ipv6.rs:125:8
    |
 80 | pub(crate) trait AddressExt {
    |                  ---------- method in this trait
...
125 |     fn is_solicited_node_multicast(&self) -> bool;
    |        ^^^^^^^^^^^^^^^^^^^^^^^^^^^

warning: method `emit_header` is never used
   --> /home/daivy/projects/serial/work/StarryOS/crates/smoltcp/src/wire/udp.rs:275:19
    |
232 | impl Repr {
    | --------- method in this implementation
...
275 |     pub(crate) fn emit_header<T>(&self, packet: &mut Packet<&mut T>, payload_len: usize)
    |                   ^^^^^^^^^^^


running 109 tests
[32m.(B[m[32m.(B[m[32m.(B[m[32m.(B[m[32m.(B[m[32m.(B[m[32m.(B[m[32m.(B[m[32m.(B[m[32m.(B[m[32m.(B[m[32m.(B[m[32m.(B[m[32m.(B[m[32m.(B[m[32m.(B[m[32m.(B[m[32m.(B[m[32m.(B[m[32m.(B[m[32m.(B[m[32m.(B[m[32m.(B[m[32m.(B[m[32m.(B[m[32m.(B[m[32m.(B[m[32m.(B[m[32m.(B[m[32m.(B[m[32m.(B[m[32m.(B[m[32m.(B[m[32m.(B[m[32m.(B[m[32m.(B[m[32m.(B[m[32m.(B[m[32m.(B[m[32m.(B[m[32m.(B[m[32m.(B[m[32m.(B[m[32m.(B[m[32m.(B[m[32m.(B[m[32m.(B[m[32m.(B[m[32m.(B[m[32m.(B[m[32m.(B[m[32m.(B[m[32m.(B[m[32m.(B[m[32m.(B[m[32m.(B[m[32m.(B[m[32m.(B[m[32m.(B[m[32m.(B[m[32m.(B[m[32m.(B[m[32m.(B[m[32m.(B[m[32m.(B[m[32m.(B[m[32m.(B[m[32m.(B[m[32m.(B[m[32m.(B[m[32m.(B[m[32m.(B[m[32m.(B[m[32m.(B[m[32m.(B[m[32m.(B[m[32m.(B[m[32m.(B[m[32m.(B[m[32m.(B[m[32m.(B[m[32m.(B[m[32m.(B[m[32m.(B[m[32m.(B[m[32m.(B[m[32m.(B[m 87/109
[32m.(B[m[32m.(B[m[32m.(B[m[32m.(B[m[32m.(B[m[32m.(B[m[32m.(B[m[32m.(B[m[32m.(B[m[32m.(B[m[32m.(B[m[32m.(B[m[32m.(B[m[32m.(B[m[32m.(B[m[32m.(B[m[32m.(B[m[32m.(B[m[32m.(B[m[32m.(B[m[32m.(B[m[32m.(B[m
test result: [32mok(B[m. 109 passed; 0 failed; 0 ignored; 0 measured; 0 filtered out; finished in 0.01s

warning: `/home/daivy/.cargo/config` is deprecated in favor of `config.toml`
  |
  = help: if you need to support cargo 1.38 or earlier, you can symlink `config` to `config.toml`
warning: unused import: `crate::iface::Route`
 --> /home/daivy/projects/serial/work/StarryOS/crates/smoltcp/src/iface/interface/ipv6.rs:3:5
  |
3 | use crate::iface::Route;
  |     ^^^^^^^^^^^^^^^^^^^
  |
  = note: `#[warn(unused_imports)]` (part of `#[warn(unused)]`) on by default

warning: unused import: `super::fragmentation::PacketAssemblerSet`
  --> /home/daivy/projects/serial/work/StarryOS/crates/smoltcp/src/iface/interface/mod.rs:35:5
   |
35 | use super::fragmentation::PacketAssemblerSet;
   |     ^^^^^^^^^^^^^^^^^^^^^^^^^^^^^^^^^^^^^^^^

warning: unused imports: `IFACE_MAX_PREFIX_COUNT` and `IFACE_MAX_SIXLOWPAN_ADDRESS_CONTEXT_COUNT`
  --> /home/daivy/projects/serial/work/StarryOS/crates/smoltcp/src/iface/interface/mod.rs:42:27
   |
42 |     IFACE_MAX_ADDR_COUNT, IFACE_MAX_PREFIX_COUNT, IFACE_MAX_SIXLOWPAN_ADDRESS_CONTEXT_COUNT,
   |                           ^^^^^^^^^^^^^^^^^^^^^^  ^^^^^^^^^^^^^^^^^^^^^^^^^^^^^^^^^^^^^^^^^

warning: variable does not need to be mutable
   --> /home/daivy/projects/serial/work/StarryOS/crates/smoltcp/src/iface/interface/ipv4.rs:103:13
    |
103 |         let mut ipv4_repr = check!(Ipv4Repr::parse(ipv4_packet, &self.caps.checksum));
    |             ----^^^^^^^^^
    |             |
    |             help: remove this `mut`
    |
    = note: `#[warn(unused_mut)]` (part of `#[warn(unused)]`) on by default

warning: unused variable: `frag`
   --> /home/daivy/projects/serial/work/StarryOS/crates/smoltcp/src/iface/interface/ipv4.rs:101:9
    |
101 |         frag: &'a mut FragmentsBuffer,
    |         ^^^^ help: if this is intentional, prefix it with an underscore: `_frag`
    |
    = note: `#[warn(unused_variables)]` (part of `#[warn(unused)]`) on by default

warning: unused variable: `repr`
    --> /home/daivy/projects/serial/work/StarryOS/crates/smoltcp/src/iface/interface/mod.rs:1274:26
     |
1274 |             IpRepr::Ipv4(repr) => {
     |                          ^^^^ help: if this is intentional, prefix it with an underscore: `_repr`

warning: variable does not need to be mutable
   --> /home/daivy/projects/serial/work/StarryOS/crates/smoltcp/src/socket/dns.rs:247:13
    |
247 |         let mut mdns = MulticastDns::Disabled;
    |             ----^^^^
    |             |
    |             help: remove this `mut`

warning: methods `link_local_ipv6_address` and `mldv2_report_packet` are never used
   --> /home/daivy/projects/serial/work/StarryOS/crates/smoltcp/src/iface/interface/ipv6.rs:173:8
    |
 23 | impl InterfaceInner {
    | ------------------- methods in this implementation
...
173 |     fn link_local_ipv6_address(&self) -> Option<Ipv6Address> {
    |        ^^^^^^^^^^^^^^^^^^^^^^^
...
565 |     pub(super) fn mldv2_report_packet<'any>(
    |                   ^^^^^^^^^^^^^^^^^^^
    |
    = note: `#[warn(dead_code)]` (part of `#[warn(unused)]`) on by default

warning: variant `HopByHopIcmpv6` is never constructed
   --> /home/daivy/projects/serial/work/StarryOS/crates/smoltcp/src/iface/packet.rs:218:5
    |
210 | pub(crate) enum IpPayload<'p> {
    |                 --------- variant in this enum
...
218 |     HopByHopIcmpv6(Ipv6HopByHopRepr<'p>, Icmpv6Repr<'p>),
    |     ^^^^^^^^^^^^^^
    |
    = note: `IpPayload` has a derived impl for the trait `Debug`, but this is intentionally ignored during dead code analysis

warning: method `is_solicited_node_multicast` is never used
   --> /home/daivy/projects/serial/work/StarryOS/crates/smoltcp/src/wire/ipv6.rs:125:8
    |
 80 | pub(crate) trait AddressExt {
    |                  ---------- method in this trait
...
125 |     fn is_solicited_node_multicast(&self) -> bool;
    |        ^^^^^^^^^^^^^^^^^^^^^^^^^^^

warning: method `emit_header` is never used
   --> /home/daivy/projects/serial/work/StarryOS/crates/smoltcp/src/wire/udp.rs:275:19
    |
232 | impl Repr {
    | --------- method in this implementation
...
275 |     pub(crate) fn emit_header<T>(&self, packet: &mut Packet<&mut T>, payload_len: usize)
    |                   ^^^^^^^^^^^


running 109 tests
[32m.(B[m[32m.(B[m[32m.(B[m[32m.(B[m[32m.(B[m[32m.(B[m[32m.(B[m[32m.(B[m[32m.(B[m[32m.(B[m[32m.(B[m[32m.(B[m[32m.(B[m[32m.(B[m[32m.(B[m[32m.(B[m[32m.(B[m[32m.(B[m[32m.(B[m[32m.(B[m[32m.(B[m[32m.(B[m[32m.(B[m[32m.(B[m[32m.(B[m[32m.(B[m[32m.(B[m[32m.(B[m[32m.(B[m[32m.(B[m[32m.(B[m[32m.(B[m[32m.(B[m[32m.(B[m[32m.(B[m[32m.(B[m[32m.(B[m[32m.(B[m[32m.(B[m[32m.(B[m[32m.(B[m[32m.(B[m[32m.(B[m[32m.(B[m[32m.(B[m[32m.(B[m[32m.(B[m[32m.(B[m[32m.(B[m[32m.(B[m[32m.(B[m[32m.(B[m[32m.(B[m[32m.(B[m[32m.(B[m[32m.(B[m[32m.(B[m[32m.(B[m[32m.(B[m[32m.(B[m[32m.(B[m[32m.(B[m[32m.(B[m[32m.(B[m[32m.(B[m[32m.(B[m[32m.(B[m[32m.(B[m[32m.(B[m[32m.(B[m[32m.(B[m[32m.(B[m[32m.(B[m[32m.(B[m[32m.(B[m[32m.(B[m[32m.(B[m[32m.(B[m[32m.(B[m[32m.(B[m[32m.(B[m[32m.(B[m[32m.(B[m[32m.(B[m[32m.(B[m[32m.(B[m[32m.(B[m 87/109
[32m.(B[m[32m.(B[m[32m.(B[m[32m.(B[m[32m.(B[m[32m.(B[m[32m.(B[m[32m.(B[m[32m.(B[m[32m.(B[m[32m.(B[m[32m.(B[m[32m.(B[m[32m.(B[m[32m.(B[m[32m.(B[m[32m.(B[m[32m.(B[m[32m.(B[m[32m.(B[m[32m.(B[m[32m.(B[m
test result: [32mok(B[m. 109 passed; 0 failed; 0 ignored; 0 measured; 0 filtered out; finished in 0.02s

warning: `/home/daivy/.cargo/config` is deprecated in favor of `config.toml`
  |
  = help: if you need to support cargo 1.38 or earlier, you can symlink `config` to `config.toml`
warning: unused import: `crate::iface::Route`
 --> /home/daivy/projects/serial/work/StarryOS/crates/smoltcp/src/iface/interface/ipv6.rs:3:5
  |
3 | use crate::iface::Route;
  |     ^^^^^^^^^^^^^^^^^^^
  |
  = note: `#[warn(unused_imports)]` (part of `#[warn(unused)]`) on by default

warning: unused import: `super::fragmentation::PacketAssemblerSet`
  --> /home/daivy/projects/serial/work/StarryOS/crates/smoltcp/src/iface/interface/mod.rs:35:5
   |
35 | use super::fragmentation::PacketAssemblerSet;
   |     ^^^^^^^^^^^^^^^^^^^^^^^^^^^^^^^^^^^^^^^^

warning: unused imports: `IFACE_MAX_PREFIX_COUNT` and `IFACE_MAX_SIXLOWPAN_ADDRESS_CONTEXT_COUNT`
  --> /home/daivy/projects/serial/work/StarryOS/crates/smoltcp/src/iface/interface/mod.rs:42:27
   |
42 |     IFACE_MAX_ADDR_COUNT, IFACE_MAX_PREFIX_COUNT, IFACE_MAX_SIXLOWPAN_ADDRESS_CONTEXT_COUNT,
   |                           ^^^^^^^^^^^^^^^^^^^^^^  ^^^^^^^^^^^^^^^^^^^^^^^^^^^^^^^^^^^^^^^^^

warning: variable does not need to be mutable
   --> /home/daivy/projects/serial/work/StarryOS/crates/smoltcp/src/iface/interface/ipv4.rs:103:13
    |
103 |         let mut ipv4_repr = check!(Ipv4Repr::parse(ipv4_packet, &self.caps.checksum));
    |             ----^^^^^^^^^
    |             |
    |             help: remove this `mut`
    |
    = note: `#[warn(unused_mut)]` (part of `#[warn(unused)]`) on by default

warning: unused variable: `frag`
   --> /home/daivy/projects/serial/work/StarryOS/crates/smoltcp/src/iface/interface/ipv4.rs:101:9
    |
101 |         frag: &'a mut FragmentsBuffer,
    |         ^^^^ help: if this is intentional, prefix it with an underscore: `_frag`
    |
    = note: `#[warn(unused_variables)]` (part of `#[warn(unused)]`) on by default

warning: unused variable: `repr`
    --> /home/daivy/projects/serial/work/StarryOS/crates/smoltcp/src/iface/interface/mod.rs:1274:26
     |
1274 |             IpRepr::Ipv4(repr) => {
     |                          ^^^^ help: if this is intentional, prefix it with an underscore: `_repr`

warning: variable does not need to be mutable
   --> /home/daivy/projects/serial/work/StarryOS/crates/smoltcp/src/socket/dns.rs:247:13
    |
247 |         let mut mdns = MulticastDns::Disabled;
    |             ----^^^^
    |             |
    |             help: remove this `mut`

warning: methods `link_local_ipv6_address` and `mldv2_report_packet` are never used
   --> /home/daivy/projects/serial/work/StarryOS/crates/smoltcp/src/iface/interface/ipv6.rs:173:8
    |
 23 | impl InterfaceInner {
    | ------------------- methods in this implementation
...
173 |     fn link_local_ipv6_address(&self) -> Option<Ipv6Address> {
    |        ^^^^^^^^^^^^^^^^^^^^^^^
...
565 |     pub(super) fn mldv2_report_packet<'any>(
    |                   ^^^^^^^^^^^^^^^^^^^
    |
    = note: `#[warn(dead_code)]` (part of `#[warn(unused)]`) on by default

warning: variant `HopByHopIcmpv6` is never constructed
   --> /home/daivy/projects/serial/work/StarryOS/crates/smoltcp/src/iface/packet.rs:218:5
    |
210 | pub(crate) enum IpPayload<'p> {
    |                 --------- variant in this enum
...
218 |     HopByHopIcmpv6(Ipv6HopByHopRepr<'p>, Icmpv6Repr<'p>),
    |     ^^^^^^^^^^^^^^
    |
    = note: `IpPayload` has a derived impl for the trait `Debug`, but this is intentionally ignored during dead code analysis

warning: method `is_solicited_node_multicast` is never used
   --> /home/daivy/projects/serial/work/StarryOS/crates/smoltcp/src/wire/ipv6.rs:125:8
    |
 80 | pub(crate) trait AddressExt {
    |                  ---------- method in this trait
...
125 |     fn is_solicited_node_multicast(&self) -> bool;
    |        ^^^^^^^^^^^^^^^^^^^^^^^^^^^

warning: method `emit_header` is never used
   --> /home/daivy/projects/serial/work/StarryOS/crates/smoltcp/src/wire/udp.rs:275:19
    |
232 | impl Repr {
    | --------- method in this implementation
...
275 |     pub(crate) fn emit_header<T>(&self, packet: &mut Packet<&mut T>, payload_len: usize)
    |                   ^^^^^^^^^^^


running 109 tests
[32m.(B[m[32m.(B[m[32m.(B[m[32m.(B[m[32m.(B[m[32m.(B[m[32m.(B[m[32m.(B[m[32m.(B[m[32m.(B[m[32m.(B[m[32m.(B[m[32m.(B[m[32m.(B[m[32m.(B[m[32m.(B[m[32m.(B[m[32m.(B[m[32m.(B[m[32m.(B[m[32m.(B[m[32m.(B[m[32m.(B[m[32m.(B[m[32m.(B[m[32m.(B[m[32m.(B[m[32m.(B[m[32m.(B[m[32m.(B[m[32m.(B[m[32m.(B[m[32m.(B[m[32m.(B[m[32m.(B[m[32m.(B[m[32m.(B[m[32m.(B[m[32m.(B[m[32m.(B[m[32m.(B[m[32m.(B[m[32m.(B[m[32m.(B[m[32m.(B[m[32m.(B[m[32m.(B[m[32m.(B[m[32m.(B[m[32m.(B[m[32m.(B[m[32m.(B[m[32m.(B[m[32m.(B[m[32m.(B[m[32m.(B[m[32m.(B[m[32m.(B[m[32m.(B[m[32m.(B[m[32m.(B[m[32m.(B[m[32m.(B[m[32m.(B[m[32m.(B[m[32m.(B[m[32m.(B[m[32m.(B[m[32m.(B[m[32m.(B[m[32m.(B[m[32m.(B[m[32m.(B[m[32m.(B[m[32m.(B[m[32m.(B[m[32m.(B[m[32m.(B[m[32m.(B[m[32m.(B[m[32m.(B[m[32m.(B[m[32m.(B[m[32m.(B[m[32m.(B[m[32m.(B[m[32m.(B[m 87/109
[32m.(B[m[32m.(B[m[32m.(B[m[32m.(B[m[32m.(B[m[32m.(B[m[32m.(B[m[32m.(B[m[32m.(B[m[32m.(B[m[32m.(B[m[32m.(B[m[32m.(B[m[32m.(B[m[32m.(B[m[32m.(B[m[32m.(B[m[32m.(B[m[32m.(B[m[32m.(B[m[32m.(B[m[32m.(B[m
test result: [32mok(B[m. 109 passed; 0 failed; 0 ignored; 0 measured; 0 filtered out; finished in 0.01s

warning: `/home/daivy/.cargo/config` is deprecated in favor of `config.toml`
  |
  = help: if you need to support cargo 1.38 or earlier, you can symlink `config` to `config.toml`
warning: unused import: `crate::iface::Route`
 --> /home/daivy/projects/serial/work/StarryOS/crates/smoltcp/src/iface/interface/ipv6.rs:3:5
  |
3 | use crate::iface::Route;
  |     ^^^^^^^^^^^^^^^^^^^
  |
  = note: `#[warn(unused_imports)]` (part of `#[warn(unused)]`) on by default

warning: unused import: `super::fragmentation::PacketAssemblerSet`
  --> /home/daivy/projects/serial/work/StarryOS/crates/smoltcp/src/iface/interface/mod.rs:35:5
   |
35 | use super::fragmentation::PacketAssemblerSet;
   |     ^^^^^^^^^^^^^^^^^^^^^^^^^^^^^^^^^^^^^^^^

warning: unused imports: `IFACE_MAX_PREFIX_COUNT` and `IFACE_MAX_SIXLOWPAN_ADDRESS_CONTEXT_COUNT`
  --> /home/daivy/projects/serial/work/StarryOS/crates/smoltcp/src/iface/interface/mod.rs:42:27
   |
42 |     IFACE_MAX_ADDR_COUNT, IFACE_MAX_PREFIX_COUNT, IFACE_MAX_SIXLOWPAN_ADDRESS_CONTEXT_COUNT,
   |                           ^^^^^^^^^^^^^^^^^^^^^^  ^^^^^^^^^^^^^^^^^^^^^^^^^^^^^^^^^^^^^^^^^

warning: variable does not need to be mutable
   --> /home/daivy/projects/serial/work/StarryOS/crates/smoltcp/src/iface/interface/ipv4.rs:103:13
    |
103 |         let mut ipv4_repr = check!(Ipv4Repr::parse(ipv4_packet, &self.caps.checksum));
    |             ----^^^^^^^^^
    |             |
    |             help: remove this `mut`
    |
    = note: `#[warn(unused_mut)]` (part of `#[warn(unused)]`) on by default

warning: unused variable: `frag`
   --> /home/daivy/projects/serial/work/StarryOS/crates/smoltcp/src/iface/interface/ipv4.rs:101:9
    |
101 |         frag: &'a mut FragmentsBuffer,
    |         ^^^^ help: if this is intentional, prefix it with an underscore: `_frag`
    |
    = note: `#[warn(unused_variables)]` (part of `#[warn(unused)]`) on by default

warning: unused variable: `repr`
    --> /home/daivy/projects/serial/work/StarryOS/crates/smoltcp/src/iface/interface/mod.rs:1274:26
     |
1274 |             IpRepr::Ipv4(repr) => {
     |                          ^^^^ help: if this is intentional, prefix it with an underscore: `_repr`

warning: variable does not need to be mutable
   --> /home/daivy/projects/serial/work/StarryOS/crates/smoltcp/src/socket/dns.rs:247:13
    |
247 |         let mut mdns = MulticastDns::Disabled;
    |             ----^^^^
    |             |
    |             help: remove this `mut`

warning: methods `link_local_ipv6_address` and `mldv2_report_packet` are never used
   --> /home/daivy/projects/serial/work/StarryOS/crates/smoltcp/src/iface/interface/ipv6.rs:173:8
    |
 23 | impl InterfaceInner {
    | ------------------- methods in this implementation
...
173 |     fn link_local_ipv6_address(&self) -> Option<Ipv6Address> {
    |        ^^^^^^^^^^^^^^^^^^^^^^^
...
565 |     pub(super) fn mldv2_report_packet<'any>(
    |                   ^^^^^^^^^^^^^^^^^^^
    |
    = note: `#[warn(dead_code)]` (part of `#[warn(unused)]`) on by default

warning: variant `HopByHopIcmpv6` is never constructed
   --> /home/daivy/projects/serial/work/StarryOS/crates/smoltcp/src/iface/packet.rs:218:5
    |
210 | pub(crate) enum IpPayload<'p> {
    |                 --------- variant in this enum
...
218 |     HopByHopIcmpv6(Ipv6HopByHopRepr<'p>, Icmpv6Repr<'p>),
    |     ^^^^^^^^^^^^^^
    |
    = note: `IpPayload` has a derived impl for the trait `Debug`, but this is intentionally ignored during dead code analysis

warning: method `is_solicited_node_multicast` is never used
   --> /home/daivy/projects/serial/work/StarryOS/crates/smoltcp/src/wire/ipv6.rs:125:8
    |
 80 | pub(crate) trait AddressExt {
    |                  ---------- method in this trait
...
125 |     fn is_solicited_node_multicast(&self) -> bool;
    |        ^^^^^^^^^^^^^^^^^^^^^^^^^^^

warning: method `emit_header` is never used
   --> /home/daivy/projects/serial/work/StarryOS/crates/smoltcp/src/wire/udp.rs:275:19
    |
232 | impl Repr {
    | --------- method in this implementation
...
275 |     pub(crate) fn emit_header<T>(&self, packet: &mut Packet<&mut T>, payload_len: usize)
    |                   ^^^^^^^^^^^


running 109 tests
[32m.(B[m[32m.(B[m[32m.(B[m[32m.(B[m[32m.(B[m[32m.(B[m[32m.(B[m[32m.(B[m[32m.(B[m[32m.(B[m[32m.(B[m[32m.(B[m[32m.(B[m[32m.(B[m[32m.(B[m[32m.(B[m[32m.(B[m[32m.(B[m[32m.(B[m[32m.(B[m[32m.(B[m[32m.(B[m[32m.(B[m[32m.(B[m[32m.(B[m[32m.(B[m[32m.(B[m[32m.(B[m[32m.(B[m[32m.(B[m[32m.(B[m[32m.(B[m[32m.(B[m[32m.(B[m[32m.(B[m[32m.(B[m[32m.(B[m[32m.(B[m[32m.(B[m[32m.(B[m[32m.(B[m[32m.(B[m[32m.(B[m[32m.(B[m[32m.(B[m[32m.(B[m[32m.(B[m[32m.(B[m[32m.(B[m[32m.(B[m[32m.(B[m[32m.(B[m[32m.(B[m[32m.(B[m[32m.(B[m[32m.(B[m[32m.(B[m[32m.(B[m[32m.(B[m[32m.(B[m[32m.(B[m[32m.(B[m[32m.(B[m[32m.(B[m[32m.(B[m[32m.(B[m[32m.(B[m[32m.(B[m[32m.(B[m[32m.(B[m[32m.(B[m[32m.(B[m[32m.(B[m[32m.(B[m[32m.(B[m[32m.(B[m[32m.(B[m[32m.(B[m[32m.(B[m[32m.(B[m[32m.(B[m[32m.(B[m[32m.(B[m[32m.(B[m[32m.(B[m[32m.(B[m[32m.(B[m 87/109
[32m.(B[m[32m.(B[m[32m.(B[m[32m.(B[m[32m.(B[m[32m.(B[m[32m.(B[m[32m.(B[m[32m.(B[m[32m.(B[m[32m.(B[m[32m.(B[m[32m.(B[m[32m.(B[m[32m.(B[m[32m.(B[m[32m.(B[m[32m.(B[m[32m.(B[m[32m.(B[m[32m.(B[m[32m.(B[m
test result: [32mok(B[m. 109 passed; 0 failed; 0 ignored; 0 measured; 0 filtered out; finished in 0.01s

warning: `/home/daivy/.cargo/config` is deprecated in favor of `config.toml`
  |
  = help: if you need to support cargo 1.38 or earlier, you can symlink `config` to `config.toml`
warning: unused import: `crate::iface::Route`
 --> /home/daivy/projects/serial/work/StarryOS/crates/smoltcp/src/iface/interface/ipv6.rs:3:5
  |
3 | use crate::iface::Route;
  |     ^^^^^^^^^^^^^^^^^^^
  |
  = note: `#[warn(unused_imports)]` (part of `#[warn(unused)]`) on by default

warning: unused import: `super::fragmentation::PacketAssemblerSet`
  --> /home/daivy/projects/serial/work/StarryOS/crates/smoltcp/src/iface/interface/mod.rs:35:5
   |
35 | use super::fragmentation::PacketAssemblerSet;
   |     ^^^^^^^^^^^^^^^^^^^^^^^^^^^^^^^^^^^^^^^^

warning: unused imports: `IFACE_MAX_PREFIX_COUNT` and `IFACE_MAX_SIXLOWPAN_ADDRESS_CONTEXT_COUNT`
  --> /home/daivy/projects/serial/work/StarryOS/crates/smoltcp/src/iface/interface/mod.rs:42:27
   |
42 |     IFACE_MAX_ADDR_COUNT, IFACE_MAX_PREFIX_COUNT, IFACE_MAX_SIXLOWPAN_ADDRESS_CONTEXT_COUNT,
   |                           ^^^^^^^^^^^^^^^^^^^^^^  ^^^^^^^^^^^^^^^^^^^^^^^^^^^^^^^^^^^^^^^^^

warning: variable does not need to be mutable
   --> /home/daivy/projects/serial/work/StarryOS/crates/smoltcp/src/iface/interface/ipv4.rs:103:13
    |
103 |         let mut ipv4_repr = check!(Ipv4Repr::parse(ipv4_packet, &self.caps.checksum));
    |             ----^^^^^^^^^
    |             |
    |             help: remove this `mut`
    |
    = note: `#[warn(unused_mut)]` (part of `#[warn(unused)]`) on by default

warning: unused variable: `frag`
   --> /home/daivy/projects/serial/work/StarryOS/crates/smoltcp/src/iface/interface/ipv4.rs:101:9
    |
101 |         frag: &'a mut FragmentsBuffer,
    |         ^^^^ help: if this is intentional, prefix it with an underscore: `_frag`
    |
    = note: `#[warn(unused_variables)]` (part of `#[warn(unused)]`) on by default

warning: unused variable: `repr`
    --> /home/daivy/projects/serial/work/StarryOS/crates/smoltcp/src/iface/interface/mod.rs:1274:26
     |
1274 |             IpRepr::Ipv4(repr) => {
     |                          ^^^^ help: if this is intentional, prefix it with an underscore: `_repr`

warning: variable does not need to be mutable
   --> /home/daivy/projects/serial/work/StarryOS/crates/smoltcp/src/socket/dns.rs:247:13
    |
247 |         let mut mdns = MulticastDns::Disabled;
    |             ----^^^^
    |             |
    |             help: remove this `mut`

warning: methods `link_local_ipv6_address` and `mldv2_report_packet` are never used
   --> /home/daivy/projects/serial/work/StarryOS/crates/smoltcp/src/iface/interface/ipv6.rs:173:8
    |
 23 | impl InterfaceInner {
    | ------------------- methods in this implementation
...
173 |     fn link_local_ipv6_address(&self) -> Option<Ipv6Address> {
    |        ^^^^^^^^^^^^^^^^^^^^^^^
...
565 |     pub(super) fn mldv2_report_packet<'any>(
    |                   ^^^^^^^^^^^^^^^^^^^
    |
    = note: `#[warn(dead_code)]` (part of `#[warn(unused)]`) on by default

warning: variant `HopByHopIcmpv6` is never constructed
   --> /home/daivy/projects/serial/work/StarryOS/crates/smoltcp/src/iface/packet.rs:218:5
    |
210 | pub(crate) enum IpPayload<'p> {
    |                 --------- variant in this enum
...
218 |     HopByHopIcmpv6(Ipv6HopByHopRepr<'p>, Icmpv6Repr<'p>),
    |     ^^^^^^^^^^^^^^
    |
    = note: `IpPayload` has a derived impl for the trait `Debug`, but this is intentionally ignored during dead code analysis

warning: method `is_solicited_node_multicast` is never used
   --> /home/daivy/projects/serial/work/StarryOS/crates/smoltcp/src/wire/ipv6.rs:125:8
    |
 80 | pub(crate) trait AddressExt {
    |                  ---------- method in this trait
...
125 |     fn is_solicited_node_multicast(&self) -> bool;
    |        ^^^^^^^^^^^^^^^^^^^^^^^^^^^

warning: method `emit_header` is never used
   --> /home/daivy/projects/serial/work/StarryOS/crates/smoltcp/src/wire/udp.rs:275:19
    |
232 | impl Repr {
    | --------- method in this implementation
...
275 |     pub(crate) fn emit_header<T>(&self, packet: &mut Packet<&mut T>, payload_len: usize)
    |                   ^^^^^^^^^^^


running 109 tests
[32m.(B[m[32m.(B[m[32m.(B[m[32m.(B[m[32m.(B[m[32m.(B[m[32m.(B[m[32m.(B[m[32m.(B[m[32m.(B[m[32m.(B[m[32m.(B[m[32m.(B[m[32m.(B[m[32m.(B[m[32m.(B[m[32m.(B[m[32m.(B[m[32m.(B[m[32m.(B[m[32m.(B[m[32m.(B[m[32m.(B[m[32m.(B[m[32m.(B[m[32m.(B[m[32m.(B[m[32m.(B[m[32m.(B[m[32m.(B[m[32m.(B[m[32m.(B[m[32m.(B[m[32m.(B[m[32m.(B[m[32m.(B[m[32m.(B[m[32m.(B[m[32m.(B[m[32m.(B[m[32m.(B[m[32m.(B[m[32m.(B[m[32m.(B[m[32m.(B[m[32m.(B[m[32m.(B[m[32m.(B[m[32m.(B[m[32m.(B[m[32m.(B[m[32m.(B[m[32m.(B[m[32m.(B[m[32m.(B[m[32m.(B[m[32m.(B[m[32m.(B[m[32m.(B[m[32m.(B[m[32m.(B[m[32m.(B[m[32m.(B[m[32m.(B[m[32m.(B[m[32m.(B[m[32m.(B[m[32m.(B[m[32m.(B[m[32m.(B[m[32m.(B[m[32m.(B[m[32m.(B[m[32m.(B[m[32m.(B[m[32m.(B[m[32m.(B[m[32m.(B[m[32m.(B[m[32m.(B[m[32m.(B[m[32m.(B[m[32m.(B[m[32m.(B[m[32m.(B[m[32m.(B[m[32m.(B[m 87/109
[32m.(B[m[32m.(B[m[32m.(B[m[32m.(B[m[32m.(B[m[32m.(B[m[32m.(B[m[32m.(B[m[32m.(B[m[32m.(B[m[32m.(B[m[32m.(B[m[32m.(B[m[32m.(B[m[32m.(B[m[32m.(B[m[32m.(B[m[32m.(B[m[32m.(B[m[32m.(B[m[32m.(B[m[32m.(B[m
test result: [32mok(B[m. 109 passed; 0 failed; 0 ignored; 0 measured; 0 filtered out; finished in 0.01s

warning: `/home/daivy/.cargo/config` is deprecated in favor of `config.toml`
  |
  = help: if you need to support cargo 1.38 or earlier, you can symlink `config` to `config.toml`
warning: unused import: `crate::iface::Route`
 --> /home/daivy/projects/serial/work/StarryOS/crates/smoltcp/src/iface/interface/ipv6.rs:3:5
  |
3 | use crate::iface::Route;
  |     ^^^^^^^^^^^^^^^^^^^
  |
  = note: `#[warn(unused_imports)]` (part of `#[warn(unused)]`) on by default

warning: unused import: `super::fragmentation::PacketAssemblerSet`
  --> /home/daivy/projects/serial/work/StarryOS/crates/smoltcp/src/iface/interface/mod.rs:35:5
   |
35 | use super::fragmentation::PacketAssemblerSet;
   |     ^^^^^^^^^^^^^^^^^^^^^^^^^^^^^^^^^^^^^^^^

warning: unused imports: `IFACE_MAX_PREFIX_COUNT` and `IFACE_MAX_SIXLOWPAN_ADDRESS_CONTEXT_COUNT`
  --> /home/daivy/projects/serial/work/StarryOS/crates/smoltcp/src/iface/interface/mod.rs:42:27
   |
42 |     IFACE_MAX_ADDR_COUNT, IFACE_MAX_PREFIX_COUNT, IFACE_MAX_SIXLOWPAN_ADDRESS_CONTEXT_COUNT,
   |                           ^^^^^^^^^^^^^^^^^^^^^^  ^^^^^^^^^^^^^^^^^^^^^^^^^^^^^^^^^^^^^^^^^

warning: variable does not need to be mutable
   --> /home/daivy/projects/serial/work/StarryOS/crates/smoltcp/src/iface/interface/ipv4.rs:103:13
    |
103 |         let mut ipv4_repr = check!(Ipv4Repr::parse(ipv4_packet, &self.caps.checksum));
    |             ----^^^^^^^^^
    |             |
    |             help: remove this `mut`
    |
    = note: `#[warn(unused_mut)]` (part of `#[warn(unused)]`) on by default

warning: unused variable: `frag`
   --> /home/daivy/projects/serial/work/StarryOS/crates/smoltcp/src/iface/interface/ipv4.rs:101:9
    |
101 |         frag: &'a mut FragmentsBuffer,
    |         ^^^^ help: if this is intentional, prefix it with an underscore: `_frag`
    |
    = note: `#[warn(unused_variables)]` (part of `#[warn(unused)]`) on by default

warning: unused variable: `repr`
    --> /home/daivy/projects/serial/work/StarryOS/crates/smoltcp/src/iface/interface/mod.rs:1274:26
     |
1274 |             IpRepr::Ipv4(repr) => {
     |                          ^^^^ help: if this is intentional, prefix it with an underscore: `_repr`

warning: variable does not need to be mutable
   --> /home/daivy/projects/serial/work/StarryOS/crates/smoltcp/src/socket/dns.rs:247:13
    |
247 |         let mut mdns = MulticastDns::Disabled;
    |             ----^^^^
    |             |
    |             help: remove this `mut`

warning: methods `link_local_ipv6_address` and `mldv2_report_packet` are never used
   --> /home/daivy/projects/serial/work/StarryOS/crates/smoltcp/src/iface/interface/ipv6.rs:173:8
    |
 23 | impl InterfaceInner {
    | ------------------- methods in this implementation
...
173 |     fn link_local_ipv6_address(&self) -> Option<Ipv6Address> {
    |        ^^^^^^^^^^^^^^^^^^^^^^^
...
565 |     pub(super) fn mldv2_report_packet<'any>(
    |                   ^^^^^^^^^^^^^^^^^^^
    |
    = note: `#[warn(dead_code)]` (part of `#[warn(unused)]`) on by default

warning: variant `HopByHopIcmpv6` is never constructed
   --> /home/daivy/projects/serial/work/StarryOS/crates/smoltcp/src/iface/packet.rs:218:5
    |
210 | pub(crate) enum IpPayload<'p> {
    |                 --------- variant in this enum
...
218 |     HopByHopIcmpv6(Ipv6HopByHopRepr<'p>, Icmpv6Repr<'p>),
    |     ^^^^^^^^^^^^^^
    |
    = note: `IpPayload` has a derived impl for the trait `Debug`, but this is intentionally ignored during dead code analysis

warning: method `is_solicited_node_multicast` is never used
   --> /home/daivy/projects/serial/work/StarryOS/crates/smoltcp/src/wire/ipv6.rs:125:8
    |
 80 | pub(crate) trait AddressExt {
    |                  ---------- method in this trait
...
125 |     fn is_solicited_node_multicast(&self) -> bool;
    |        ^^^^^^^^^^^^^^^^^^^^^^^^^^^

warning: method `emit_header` is never used
   --> /home/daivy/projects/serial/work/StarryOS/crates/smoltcp/src/wire/udp.rs:275:19
    |
232 | impl Repr {
    | --------- method in this implementation
...
275 |     pub(crate) fn emit_header<T>(&self, packet: &mut Packet<&mut T>, payload_len: usize)
    |                   ^^^^^^^^^^^


running 109 tests
[32m.(B[m[32m.(B[m[32m.(B[m[32m.(B[m[32m.(B[m[32m.(B[m[32m.(B[m[32m.(B[m[32m.(B[m[32m.(B[m[32m.(B[m[32m.(B[m[32m.(B[m[32m.(B[m[32m.(B[m[32m.(B[m[32m.(B[m[32m.(B[m[32m.(B[m[32m.(B[m[32m.(B[m[32m.(B[m[32m.(B[m[32m.(B[m[32m.(B[m[32m.(B[m[32m.(B[m[32m.(B[m[32m.(B[m[32m.(B[m[32m.(B[m[32m.(B[m[32m.(B[m[32m.(B[m[32m.(B[m[32m.(B[m[32m.(B[m[32m.(B[m[32m.(B[m[32m.(B[m[32m.(B[m[32m.(B[m[32m.(B[m[32m.(B[m[32m.(B[m[32m.(B[m[32m.(B[m[32m.(B[m[32m.(B[m[32m.(B[m[32m.(B[m[32m.(B[m[32m.(B[m[32m.(B[m[32m.(B[m[32m.(B[m[32m.(B[m[32m.(B[m[32m.(B[m[32m.(B[m[32m.(B[m[32m.(B[m[32m.(B[m[32m.(B[m[32m.(B[m[32m.(B[m[32m.(B[m[32m.(B[m[32m.(B[m[32m.(B[m[32m.(B[m[32m.(B[m[32m.(B[m[32m.(B[m[32m.(B[m[32m.(B[m[32m.(B[m[32m.(B[m[32m.(B[m[32m.(B[m[32m.(B[m[32m.(B[m[32m.(B[m[32m.(B[m[32m.(B[m[32m.(B[m[32m.(B[m 87/109
[32m.(B[m[32m.(B[m[32m.(B[m[32m.(B[m[32m.(B[m[32m.(B[m[32m.(B[m[32m.(B[m[32m.(B[m[32m.(B[m[32m.(B[m[32m.(B[m[32m.(B[m[32m.(B[m[32m.(B[m[32m.(B[m[32m.(B[m[32m.(B[m[32m.(B[m[32m.(B[m[32m.(B[m[32m.(B[m
test result: [32mok(B[m. 109 passed; 0 failed; 0 ignored; 0 measured; 0 filtered out; finished in 0.01s

warning: `/home/daivy/.cargo/config` is deprecated in favor of `config.toml`
  |
  = help: if you need to support cargo 1.38 or earlier, you can symlink `config` to `config.toml`
warning: unused import: `crate::iface::Route`
 --> /home/daivy/projects/serial/work/StarryOS/crates/smoltcp/src/iface/interface/ipv6.rs:3:5
  |
3 | use crate::iface::Route;
  |     ^^^^^^^^^^^^^^^^^^^
  |
  = note: `#[warn(unused_imports)]` (part of `#[warn(unused)]`) on by default

warning: unused import: `super::fragmentation::PacketAssemblerSet`
  --> /home/daivy/projects/serial/work/StarryOS/crates/smoltcp/src/iface/interface/mod.rs:35:5
   |
35 | use super::fragmentation::PacketAssemblerSet;
   |     ^^^^^^^^^^^^^^^^^^^^^^^^^^^^^^^^^^^^^^^^

warning: unused imports: `IFACE_MAX_PREFIX_COUNT` and `IFACE_MAX_SIXLOWPAN_ADDRESS_CONTEXT_COUNT`
  --> /home/daivy/projects/serial/work/StarryOS/crates/smoltcp/src/iface/interface/mod.rs:42:27
   |
42 |     IFACE_MAX_ADDR_COUNT, IFACE_MAX_PREFIX_COUNT, IFACE_MAX_SIXLOWPAN_ADDRESS_CONTEXT_COUNT,
   |                           ^^^^^^^^^^^^^^^^^^^^^^  ^^^^^^^^^^^^^^^^^^^^^^^^^^^^^^^^^^^^^^^^^

warning: variable does not need to be mutable
   --> /home/daivy/projects/serial/work/StarryOS/crates/smoltcp/src/iface/interface/ipv4.rs:103:13
    |
103 |         let mut ipv4_repr = check!(Ipv4Repr::parse(ipv4_packet, &self.caps.checksum));
    |             ----^^^^^^^^^
    |             |
    |             help: remove this `mut`
    |
    = note: `#[warn(unused_mut)]` (part of `#[warn(unused)]`) on by default

warning: unused variable: `frag`
   --> /home/daivy/projects/serial/work/StarryOS/crates/smoltcp/src/iface/interface/ipv4.rs:101:9
    |
101 |         frag: &'a mut FragmentsBuffer,
    |         ^^^^ help: if this is intentional, prefix it with an underscore: `_frag`
    |
    = note: `#[warn(unused_variables)]` (part of `#[warn(unused)]`) on by default

warning: unused variable: `repr`
    --> /home/daivy/projects/serial/work/StarryOS/crates/smoltcp/src/iface/interface/mod.rs:1274:26
     |
1274 |             IpRepr::Ipv4(repr) => {
     |                          ^^^^ help: if this is intentional, prefix it with an underscore: `_repr`

warning: variable does not need to be mutable
   --> /home/daivy/projects/serial/work/StarryOS/crates/smoltcp/src/socket/dns.rs:247:13
    |
247 |         let mut mdns = MulticastDns::Disabled;
    |             ----^^^^
    |             |
    |             help: remove this `mut`

warning: methods `link_local_ipv6_address` and `mldv2_report_packet` are never used
   --> /home/daivy/projects/serial/work/StarryOS/crates/smoltcp/src/iface/interface/ipv6.rs:173:8
    |
 23 | impl InterfaceInner {
    | ------------------- methods in this implementation
...
173 |     fn link_local_ipv6_address(&self) -> Option<Ipv6Address> {
    |        ^^^^^^^^^^^^^^^^^^^^^^^
...
565 |     pub(super) fn mldv2_report_packet<'any>(
    |                   ^^^^^^^^^^^^^^^^^^^
    |
    = note: `#[warn(dead_code)]` (part of `#[warn(unused)]`) on by default

warning: variant `HopByHopIcmpv6` is never constructed
   --> /home/daivy/projects/serial/work/StarryOS/crates/smoltcp/src/iface/packet.rs:218:5
    |
210 | pub(crate) enum IpPayload<'p> {
    |                 --------- variant in this enum
...
218 |     HopByHopIcmpv6(Ipv6HopByHopRepr<'p>, Icmpv6Repr<'p>),
    |     ^^^^^^^^^^^^^^
    |
    = note: `IpPayload` has a derived impl for the trait `Debug`, but this is intentionally ignored during dead code analysis

warning: method `is_solicited_node_multicast` is never used
   --> /home/daivy/projects/serial/work/StarryOS/crates/smoltcp/src/wire/ipv6.rs:125:8
    |
 80 | pub(crate) trait AddressExt {
    |                  ---------- method in this trait
...
125 |     fn is_solicited_node_multicast(&self) -> bool;
    |        ^^^^^^^^^^^^^^^^^^^^^^^^^^^

warning: method `emit_header` is never used
   --> /home/daivy/projects/serial/work/StarryOS/crates/smoltcp/src/wire/udp.rs:275:19
    |
232 | impl Repr {
    | --------- method in this implementation
...
275 |     pub(crate) fn emit_header<T>(&self, packet: &mut Packet<&mut T>, payload_len: usize)
    |                   ^^^^^^^^^^^


running 109 tests
[32m.(B[m[32m.(B[m[32m.(B[m[32m.(B[m[32m.(B[m[32m.(B[m[32m.(B[m[32m.(B[m[32m.(B[m[32m.(B[m[32m.(B[m[32m.(B[m[32m.(B[m[32m.(B[m[32m.(B[m[32m.(B[m[32m.(B[m[32m.(B[m[32m.(B[m[32m.(B[m[32m.(B[m[32m.(B[m[32m.(B[m[32m.(B[m[32m.(B[m[32m.(B[m[32m.(B[m[32m.(B[m[32m.(B[m[32m.(B[m[32m.(B[m[32m.(B[m[32m.(B[m[32m.(B[m[32m.(B[m[32m.(B[m[32m.(B[m[32m.(B[m[32m.(B[m[32m.(B[m[32m.(B[m[32m.(B[m[32m.(B[m[32m.(B[m[32m.(B[m[32m.(B[m[32m.(B[m[32m.(B[m[32m.(B[m[32m.(B[m[32m.(B[m[32m.(B[m[32m.(B[m[32m.(B[m[32m.(B[m[32m.(B[m[32m.(B[m[32m.(B[m[32m.(B[m[32m.(B[m[32m.(B[m[32m.(B[m[32m.(B[m[32m.(B[m[32m.(B[m[32m.(B[m[32m.(B[m[32m.(B[m[32m.(B[m[32m.(B[m[32m.(B[m[32m.(B[m[32m.(B[m[32m.(B[m[32m.(B[m[32m.(B[m[32m.(B[m[32m.(B[m[32m.(B[m[32m.(B[m[32m.(B[m[32m.(B[m[32m.(B[m[32m.(B[m[32m.(B[m[32m.(B[m[32m.(B[m 87/109
[32m.(B[m[32m.(B[m[32m.(B[m[32m.(B[m[32m.(B[m[32m.(B[m[32m.(B[m[32m.(B[m[32m.(B[m[32m.(B[m[32m.(B[m[32m.(B[m[32m.(B[m[32m.(B[m[32m.(B[m[32m.(B[m[32m.(B[m[32m.(B[m[32m.(B[m[32m.(B[m[32m.(B[m[32m.(B[m
test result: [32mok(B[m. 109 passed; 0 failed; 0 ignored; 0 measured; 0 filtered out; finished in 0.02s

warning: `/home/daivy/.cargo/config` is deprecated in favor of `config.toml`
  |
  = help: if you need to support cargo 1.38 or earlier, you can symlink `config` to `config.toml`
warning: unused import: `crate::iface::Route`
 --> /home/daivy/projects/serial/work/StarryOS/crates/smoltcp/src/iface/interface/ipv6.rs:3:5
  |
3 | use crate::iface::Route;
  |     ^^^^^^^^^^^^^^^^^^^
  |
  = note: `#[warn(unused_imports)]` (part of `#[warn(unused)]`) on by default

warning: unused import: `super::fragmentation::PacketAssemblerSet`
  --> /home/daivy/projects/serial/work/StarryOS/crates/smoltcp/src/iface/interface/mod.rs:35:5
   |
35 | use super::fragmentation::PacketAssemblerSet;
   |     ^^^^^^^^^^^^^^^^^^^^^^^^^^^^^^^^^^^^^^^^

warning: unused imports: `IFACE_MAX_PREFIX_COUNT` and `IFACE_MAX_SIXLOWPAN_ADDRESS_CONTEXT_COUNT`
  --> /home/daivy/projects/serial/work/StarryOS/crates/smoltcp/src/iface/interface/mod.rs:42:27
   |
42 |     IFACE_MAX_ADDR_COUNT, IFACE_MAX_PREFIX_COUNT, IFACE_MAX_SIXLOWPAN_ADDRESS_CONTEXT_COUNT,
   |                           ^^^^^^^^^^^^^^^^^^^^^^  ^^^^^^^^^^^^^^^^^^^^^^^^^^^^^^^^^^^^^^^^^

warning: variable does not need to be mutable
   --> /home/daivy/projects/serial/work/StarryOS/crates/smoltcp/src/iface/interface/ipv4.rs:103:13
    |
103 |         let mut ipv4_repr = check!(Ipv4Repr::parse(ipv4_packet, &self.caps.checksum));
    |             ----^^^^^^^^^
    |             |
    |             help: remove this `mut`
    |
    = note: `#[warn(unused_mut)]` (part of `#[warn(unused)]`) on by default

warning: unused variable: `frag`
   --> /home/daivy/projects/serial/work/StarryOS/crates/smoltcp/src/iface/interface/ipv4.rs:101:9
    |
101 |         frag: &'a mut FragmentsBuffer,
    |         ^^^^ help: if this is intentional, prefix it with an underscore: `_frag`
    |
    = note: `#[warn(unused_variables)]` (part of `#[warn(unused)]`) on by default

warning: unused variable: `repr`
    --> /home/daivy/projects/serial/work/StarryOS/crates/smoltcp/src/iface/interface/mod.rs:1274:26
     |
1274 |             IpRepr::Ipv4(repr) => {
     |                          ^^^^ help: if this is intentional, prefix it with an underscore: `_repr`

warning: variable does not need to be mutable
   --> /home/daivy/projects/serial/work/StarryOS/crates/smoltcp/src/socket/dns.rs:247:13
    |
247 |         let mut mdns = MulticastDns::Disabled;
    |             ----^^^^
    |             |
    |             help: remove this `mut`

warning: methods `link_local_ipv6_address` and `mldv2_report_packet` are never used
   --> /home/daivy/projects/serial/work/StarryOS/crates/smoltcp/src/iface/interface/ipv6.rs:173:8
    |
 23 | impl InterfaceInner {
    | ------------------- methods in this implementation
...
173 |     fn link_local_ipv6_address(&self) -> Option<Ipv6Address> {
    |        ^^^^^^^^^^^^^^^^^^^^^^^
...
565 |     pub(super) fn mldv2_report_packet<'any>(
    |                   ^^^^^^^^^^^^^^^^^^^
    |
    = note: `#[warn(dead_code)]` (part of `#[warn(unused)]`) on by default

warning: variant `HopByHopIcmpv6` is never constructed
   --> /home/daivy/projects/serial/work/StarryOS/crates/smoltcp/src/iface/packet.rs:218:5
    |
210 | pub(crate) enum IpPayload<'p> {
    |                 --------- variant in this enum
...
218 |     HopByHopIcmpv6(Ipv6HopByHopRepr<'p>, Icmpv6Repr<'p>),
    |     ^^^^^^^^^^^^^^
    |
    = note: `IpPayload` has a derived impl for the trait `Debug`, but this is intentionally ignored during dead code analysis

warning: method `is_solicited_node_multicast` is never used
   --> /home/daivy/projects/serial/work/StarryOS/crates/smoltcp/src/wire/ipv6.rs:125:8
    |
 80 | pub(crate) trait AddressExt {
    |                  ---------- method in this trait
...
125 |     fn is_solicited_node_multicast(&self) -> bool;
    |        ^^^^^^^^^^^^^^^^^^^^^^^^^^^

warning: method `emit_header` is never used
   --> /home/daivy/projects/serial/work/StarryOS/crates/smoltcp/src/wire/udp.rs:275:19
    |
232 | impl Repr {
    | --------- method in this implementation
...
275 |     pub(crate) fn emit_header<T>(&self, packet: &mut Packet<&mut T>, payload_len: usize)
    |                   ^^^^^^^^^^^


running 109 tests
[32m.(B[m[32m.(B[m[32m.(B[m[32m.(B[m[32m.(B[m[32m.(B[m[32m.(B[m[32m.(B[m[32m.(B[m[32m.(B[m[32m.(B[m[32m.(B[m[32m.(B[m[32m.(B[m[32m.(B[m[32m.(B[m[32m.(B[m[32m.(B[m[32m.(B[m[32m.(B[m[32m.(B[m[32m.(B[m[32m.(B[m[32m.(B[m[32m.(B[m[32m.(B[m[32m.(B[m[32m.(B[m[32m.(B[m[32m.(B[m[32m.(B[m[32m.(B[m[32m.(B[m[32m.(B[m[32m.(B[m[32m.(B[m[32m.(B[m[32m.(B[m[32m.(B[m[32m.(B[m[32m.(B[m[32m.(B[m[32m.(B[m[32m.(B[m[32m.(B[m[32m.(B[m[32m.(B[m[32m.(B[m[32m.(B[m[32m.(B[m[32m.(B[m[32m.(B[m[32m.(B[m[32m.(B[m[32m.(B[m[32m.(B[m[32m.(B[m[32m.(B[m[32m.(B[m[32m.(B[m[32m.(B[m[32m.(B[m[32m.(B[m[32m.(B[m[32m.(B[m[32m.(B[m[32m.(B[m[32m.(B[m[32m.(B[m[32m.(B[m[32m.(B[m[32m.(B[m[32m.(B[m[32m.(B[m[32m.(B[m[32m.(B[m[32m.(B[m[32m.(B[m[32m.(B[m[32m.(B[m[32m.(B[m[32m.(B[m[32m.(B[m[32m.(B[m[32m.(B[m[32m.(B[m[32m.(B[m 87/109
[32m.(B[m[32m.(B[m[32m.(B[m[32m.(B[m[32m.(B[m[32m.(B[m[32m.(B[m[32m.(B[m[32m.(B[m[32m.(B[m[32m.(B[m[32m.(B[m[32m.(B[m[32m.(B[m[32m.(B[m[32m.(B[m[32m.(B[m[32m.(B[m[32m.(B[m[32m.(B[m[32m.(B[m[32m.(B[m
test result: [32mok(B[m. 109 passed; 0 failed; 0 ignored; 0 measured; 0 filtered out; finished in 0.02s

warning: `/home/daivy/.cargo/config` is deprecated in favor of `config.toml`
  |
  = help: if you need to support cargo 1.38 or earlier, you can symlink `config` to `config.toml`
warning: unused import: `crate::iface::Route`
 --> /home/daivy/projects/serial/work/StarryOS/crates/smoltcp/src/iface/interface/ipv6.rs:3:5
  |
3 | use crate::iface::Route;
  |     ^^^^^^^^^^^^^^^^^^^
  |
  = note: `#[warn(unused_imports)]` (part of `#[warn(unused)]`) on by default

warning: unused import: `super::fragmentation::PacketAssemblerSet`
  --> /home/daivy/projects/serial/work/StarryOS/crates/smoltcp/src/iface/interface/mod.rs:35:5
   |
35 | use super::fragmentation::PacketAssemblerSet;
   |     ^^^^^^^^^^^^^^^^^^^^^^^^^^^^^^^^^^^^^^^^

warning: unused imports: `IFACE_MAX_PREFIX_COUNT` and `IFACE_MAX_SIXLOWPAN_ADDRESS_CONTEXT_COUNT`
  --> /home/daivy/projects/serial/work/StarryOS/crates/smoltcp/src/iface/interface/mod.rs:42:27
   |
42 |     IFACE_MAX_ADDR_COUNT, IFACE_MAX_PREFIX_COUNT, IFACE_MAX_SIXLOWPAN_ADDRESS_CONTEXT_COUNT,
   |                           ^^^^^^^^^^^^^^^^^^^^^^  ^^^^^^^^^^^^^^^^^^^^^^^^^^^^^^^^^^^^^^^^^

warning: variable does not need to be mutable
   --> /home/daivy/projects/serial/work/StarryOS/crates/smoltcp/src/iface/interface/ipv4.rs:103:13
    |
103 |         let mut ipv4_repr = check!(Ipv4Repr::parse(ipv4_packet, &self.caps.checksum));
    |             ----^^^^^^^^^
    |             |
    |             help: remove this `mut`
    |
    = note: `#[warn(unused_mut)]` (part of `#[warn(unused)]`) on by default

warning: unused variable: `frag`
   --> /home/daivy/projects/serial/work/StarryOS/crates/smoltcp/src/iface/interface/ipv4.rs:101:9
    |
101 |         frag: &'a mut FragmentsBuffer,
    |         ^^^^ help: if this is intentional, prefix it with an underscore: `_frag`
    |
    = note: `#[warn(unused_variables)]` (part of `#[warn(unused)]`) on by default

warning: unused variable: `repr`
    --> /home/daivy/projects/serial/work/StarryOS/crates/smoltcp/src/iface/interface/mod.rs:1274:26
     |
1274 |             IpRepr::Ipv4(repr) => {
     |                          ^^^^ help: if this is intentional, prefix it with an underscore: `_repr`

warning: variable does not need to be mutable
   --> /home/daivy/projects/serial/work/StarryOS/crates/smoltcp/src/socket/dns.rs:247:13
    |
247 |         let mut mdns = MulticastDns::Disabled;
    |             ----^^^^
    |             |
    |             help: remove this `mut`

warning: methods `link_local_ipv6_address` and `mldv2_report_packet` are never used
   --> /home/daivy/projects/serial/work/StarryOS/crates/smoltcp/src/iface/interface/ipv6.rs:173:8
    |
 23 | impl InterfaceInner {
    | ------------------- methods in this implementation
...
173 |     fn link_local_ipv6_address(&self) -> Option<Ipv6Address> {
    |        ^^^^^^^^^^^^^^^^^^^^^^^
...
565 |     pub(super) fn mldv2_report_packet<'any>(
    |                   ^^^^^^^^^^^^^^^^^^^
    |
    = note: `#[warn(dead_code)]` (part of `#[warn(unused)]`) on by default

warning: variant `HopByHopIcmpv6` is never constructed
   --> /home/daivy/projects/serial/work/StarryOS/crates/smoltcp/src/iface/packet.rs:218:5
    |
210 | pub(crate) enum IpPayload<'p> {
    |                 --------- variant in this enum
...
218 |     HopByHopIcmpv6(Ipv6HopByHopRepr<'p>, Icmpv6Repr<'p>),
    |     ^^^^^^^^^^^^^^
    |
    = note: `IpPayload` has a derived impl for the trait `Debug`, but this is intentionally ignored during dead code analysis

warning: method `is_solicited_node_multicast` is never used
   --> /home/daivy/projects/serial/work/StarryOS/crates/smoltcp/src/wire/ipv6.rs:125:8
    |
 80 | pub(crate) trait AddressExt {
    |                  ---------- method in this trait
...
125 |     fn is_solicited_node_multicast(&self) -> bool;
    |        ^^^^^^^^^^^^^^^^^^^^^^^^^^^

warning: method `emit_header` is never used
   --> /home/daivy/projects/serial/work/StarryOS/crates/smoltcp/src/wire/udp.rs:275:19
    |
232 | impl Repr {
    | --------- method in this implementation
...
275 |     pub(crate) fn emit_header<T>(&self, packet: &mut Packet<&mut T>, payload_len: usize)
    |                   ^^^^^^^^^^^


running 109 tests
[32m.(B[m[32m.(B[m[32m.(B[m[32m.(B[m[32m.(B[m[32m.(B[m[32m.(B[m[32m.(B[m[32m.(B[m[32m.(B[m[32m.(B[m[32m.(B[m[32m.(B[m[32m.(B[m[32m.(B[m[32m.(B[m[32m.(B[m[32m.(B[m[32m.(B[m[32m.(B[m[32m.(B[m[32m.(B[m[32m.(B[m[32m.(B[m[32m.(B[m[32m.(B[m[32m.(B[m[32m.(B[m[32m.(B[m[32m.(B[m[32m.(B[m[32m.(B[m[32m.(B[m[32m.(B[m[32m.(B[m[32m.(B[m[32m.(B[m[32m.(B[m[32m.(B[m[32m.(B[m[32m.(B[m[32m.(B[m[32m.(B[m[32m.(B[m[32m.(B[m[32m.(B[m[32m.(B[m[32m.(B[m[32m.(B[m[32m.(B[m[32m.(B[m[32m.(B[m[32m.(B[m[32m.(B[m[32m.(B[m[32m.(B[m[32m.(B[m[32m.(B[m[32m.(B[m[32m.(B[m[32m.(B[m[32m.(B[m[32m.(B[m[32m.(B[m[32m.(B[m[32m.(B[m[32m.(B[m[32m.(B[m[32m.(B[m[32m.(B[m[32m.(B[m[32m.(B[m[32m.(B[m[32m.(B[m[32m.(B[m[32m.(B[m[32m.(B[m[32m.(B[m[32m.(B[m[32m.(B[m[32m.(B[m[32m.(B[m[32m.(B[m[32m.(B[m[32m.(B[m[32m.(B[m[32m.(B[m 87/109
[32m.(B[m[32m.(B[m[32m.(B[m[32m.(B[m[32m.(B[m[32m.(B[m[32m.(B[m[32m.(B[m[32m.(B[m[32m.(B[m[32m.(B[m[32m.(B[m[32m.(B[m[32m.(B[m[32m.(B[m[32m.(B[m[32m.(B[m[32m.(B[m[32m.(B[m[32m.(B[m[32m.(B[m[32m.(B[m
test result: [32mok(B[m. 109 passed; 0 failed; 0 ignored; 0 measured; 0 filtered out; finished in 0.01s

warning: `/home/daivy/.cargo/config` is deprecated in favor of `config.toml`
  |
  = help: if you need to support cargo 1.38 or earlier, you can symlink `config` to `config.toml`
warning: unused import: `crate::iface::Route`
 --> /home/daivy/projects/serial/work/StarryOS/crates/smoltcp/src/iface/interface/ipv6.rs:3:5
  |
3 | use crate::iface::Route;
  |     ^^^^^^^^^^^^^^^^^^^
  |
  = note: `#[warn(unused_imports)]` (part of `#[warn(unused)]`) on by default

warning: unused import: `super::fragmentation::PacketAssemblerSet`
  --> /home/daivy/projects/serial/work/StarryOS/crates/smoltcp/src/iface/interface/mod.rs:35:5
   |
35 | use super::fragmentation::PacketAssemblerSet;
   |     ^^^^^^^^^^^^^^^^^^^^^^^^^^^^^^^^^^^^^^^^

warning: unused imports: `IFACE_MAX_PREFIX_COUNT` and `IFACE_MAX_SIXLOWPAN_ADDRESS_CONTEXT_COUNT`
  --> /home/daivy/projects/serial/work/StarryOS/crates/smoltcp/src/iface/interface/mod.rs:42:27
   |
42 |     IFACE_MAX_ADDR_COUNT, IFACE_MAX_PREFIX_COUNT, IFACE_MAX_SIXLOWPAN_ADDRESS_CONTEXT_COUNT,
   |                           ^^^^^^^^^^^^^^^^^^^^^^  ^^^^^^^^^^^^^^^^^^^^^^^^^^^^^^^^^^^^^^^^^

warning: variable does not need to be mutable
   --> /home/daivy/projects/serial/work/StarryOS/crates/smoltcp/src/iface/interface/ipv4.rs:103:13
    |
103 |         let mut ipv4_repr = check!(Ipv4Repr::parse(ipv4_packet, &self.caps.checksum));
    |             ----^^^^^^^^^
    |             |
    |             help: remove this `mut`
    |
    = note: `#[warn(unused_mut)]` (part of `#[warn(unused)]`) on by default

warning: unused variable: `frag`
   --> /home/daivy/projects/serial/work/StarryOS/crates/smoltcp/src/iface/interface/ipv4.rs:101:9
    |
101 |         frag: &'a mut FragmentsBuffer,
    |         ^^^^ help: if this is intentional, prefix it with an underscore: `_frag`
    |
    = note: `#[warn(unused_variables)]` (part of `#[warn(unused)]`) on by default

warning: unused variable: `repr`
    --> /home/daivy/projects/serial/work/StarryOS/crates/smoltcp/src/iface/interface/mod.rs:1274:26
     |
1274 |             IpRepr::Ipv4(repr) => {
     |                          ^^^^ help: if this is intentional, prefix it with an underscore: `_repr`

warning: variable does not need to be mutable
   --> /home/daivy/projects/serial/work/StarryOS/crates/smoltcp/src/socket/dns.rs:247:13
    |
247 |         let mut mdns = MulticastDns::Disabled;
    |             ----^^^^
    |             |
    |             help: remove this `mut`

warning: methods `link_local_ipv6_address` and `mldv2_report_packet` are never used
   --> /home/daivy/projects/serial/work/StarryOS/crates/smoltcp/src/iface/interface/ipv6.rs:173:8
    |
 23 | impl InterfaceInner {
    | ------------------- methods in this implementation
...
173 |     fn link_local_ipv6_address(&self) -> Option<Ipv6Address> {
    |        ^^^^^^^^^^^^^^^^^^^^^^^
...
565 |     pub(super) fn mldv2_report_packet<'any>(
    |                   ^^^^^^^^^^^^^^^^^^^
    |
    = note: `#[warn(dead_code)]` (part of `#[warn(unused)]`) on by default

warning: variant `HopByHopIcmpv6` is never constructed
   --> /home/daivy/projects/serial/work/StarryOS/crates/smoltcp/src/iface/packet.rs:218:5
    |
210 | pub(crate) enum IpPayload<'p> {
    |                 --------- variant in this enum
...
218 |     HopByHopIcmpv6(Ipv6HopByHopRepr<'p>, Icmpv6Repr<'p>),
    |     ^^^^^^^^^^^^^^
    |
    = note: `IpPayload` has a derived impl for the trait `Debug`, but this is intentionally ignored during dead code analysis

warning: method `is_solicited_node_multicast` is never used
   --> /home/daivy/projects/serial/work/StarryOS/crates/smoltcp/src/wire/ipv6.rs:125:8
    |
 80 | pub(crate) trait AddressExt {
    |                  ---------- method in this trait
...
125 |     fn is_solicited_node_multicast(&self) -> bool;
    |        ^^^^^^^^^^^^^^^^^^^^^^^^^^^

warning: method `emit_header` is never used
   --> /home/daivy/projects/serial/work/StarryOS/crates/smoltcp/src/wire/udp.rs:275:19
    |
232 | impl Repr {
    | --------- method in this implementation
...
275 |     pub(crate) fn emit_header<T>(&self, packet: &mut Packet<&mut T>, payload_len: usize)
    |                   ^^^^^^^^^^^


running 109 tests
[32m.(B[m[32m.(B[m[32m.(B[m[32m.(B[m[32m.(B[m[32m.(B[m[32m.(B[m[32m.(B[m[32m.(B[m[32m.(B[m[32m.(B[m[32m.(B[m[32m.(B[m[32m.(B[m[32m.(B[m[32m.(B[m[32m.(B[m[32m.(B[m[32m.(B[m[32m.(B[m[32m.(B[m[32m.(B[m[32m.(B[m[32m.(B[m[32m.(B[m[32m.(B[m[32m.(B[m[32m.(B[m[32m.(B[m[32m.(B[m[32m.(B[m[32m.(B[m[32m.(B[m[32m.(B[m[32m.(B[m[32m.(B[m[32m.(B[m[32m.(B[m[32m.(B[m[32m.(B[m[32m.(B[m[32m.(B[m[32m.(B[m[32m.(B[m[32m.(B[m[32m.(B[m[32m.(B[m[32m.(B[m[32m.(B[m[32m.(B[m[32m.(B[m[32m.(B[m[32m.(B[m[32m.(B[m[32m.(B[m[32m.(B[m[32m.(B[m[32m.(B[m[32m.(B[m[32m.(B[m[32m.(B[m[32m.(B[m[32m.(B[m[32m.(B[m[32m.(B[m[32m.(B[m[32m.(B[m[32m.(B[m[32m.(B[m[32m.(B[m[32m.(B[m[32m.(B[m[32m.(B[m[32m.(B[m[32m.(B[m[32m.(B[m[32m.(B[m[32m.(B[m[32m.(B[m[32m.(B[m[32m.(B[m[32m.(B[m[32m.(B[m[32m.(B[m[32m.(B[m[32m.(B[m[32m.(B[m 87/109
[32m.(B[m[32m.(B[m[32m.(B[m[32m.(B[m[32m.(B[m[32m.(B[m[32m.(B[m[32m.(B[m[32m.(B[m[32m.(B[m[32m.(B[m[32m.(B[m[32m.(B[m[32m.(B[m[32m.(B[m[32m.(B[m[32m.(B[m[32m.(B[m[32m.(B[m[32m.(B[m[32m.(B[m[32m.(B[m
test result: [32mok(B[m. 109 passed; 0 failed; 0 ignored; 0 measured; 0 filtered out; finished in 0.02s

warning: `/home/daivy/.cargo/config` is deprecated in favor of `config.toml`
  |
  = help: if you need to support cargo 1.38 or earlier, you can symlink `config` to `config.toml`
warning: unused import: `crate::iface::Route`
 --> /home/daivy/projects/serial/work/StarryOS/crates/smoltcp/src/iface/interface/ipv6.rs:3:5
  |
3 | use crate::iface::Route;
  |     ^^^^^^^^^^^^^^^^^^^
  |
  = note: `#[warn(unused_imports)]` (part of `#[warn(unused)]`) on by default

warning: unused import: `super::fragmentation::PacketAssemblerSet`
  --> /home/daivy/projects/serial/work/StarryOS/crates/smoltcp/src/iface/interface/mod.rs:35:5
   |
35 | use super::fragmentation::PacketAssemblerSet;
   |     ^^^^^^^^^^^^^^^^^^^^^^^^^^^^^^^^^^^^^^^^

warning: unused imports: `IFACE_MAX_PREFIX_COUNT` and `IFACE_MAX_SIXLOWPAN_ADDRESS_CONTEXT_COUNT`
  --> /home/daivy/projects/serial/work/StarryOS/crates/smoltcp/src/iface/interface/mod.rs:42:27
   |
42 |     IFACE_MAX_ADDR_COUNT, IFACE_MAX_PREFIX_COUNT, IFACE_MAX_SIXLOWPAN_ADDRESS_CONTEXT_COUNT,
   |                           ^^^^^^^^^^^^^^^^^^^^^^  ^^^^^^^^^^^^^^^^^^^^^^^^^^^^^^^^^^^^^^^^^

warning: variable does not need to be mutable
   --> /home/daivy/projects/serial/work/StarryOS/crates/smoltcp/src/iface/interface/ipv4.rs:103:13
    |
103 |         let mut ipv4_repr = check!(Ipv4Repr::parse(ipv4_packet, &self.caps.checksum));
    |             ----^^^^^^^^^
    |             |
    |             help: remove this `mut`
    |
    = note: `#[warn(unused_mut)]` (part of `#[warn(unused)]`) on by default

warning: unused variable: `frag`
   --> /home/daivy/projects/serial/work/StarryOS/crates/smoltcp/src/iface/interface/ipv4.rs:101:9
    |
101 |         frag: &'a mut FragmentsBuffer,
    |         ^^^^ help: if this is intentional, prefix it with an underscore: `_frag`
    |
    = note: `#[warn(unused_variables)]` (part of `#[warn(unused)]`) on by default

warning: unused variable: `repr`
    --> /home/daivy/projects/serial/work/StarryOS/crates/smoltcp/src/iface/interface/mod.rs:1274:26
     |
1274 |             IpRepr::Ipv4(repr) => {
     |                          ^^^^ help: if this is intentional, prefix it with an underscore: `_repr`

warning: variable does not need to be mutable
   --> /home/daivy/projects/serial/work/StarryOS/crates/smoltcp/src/socket/dns.rs:247:13
    |
247 |         let mut mdns = MulticastDns::Disabled;
    |             ----^^^^
    |             |
    |             help: remove this `mut`

warning: methods `link_local_ipv6_address` and `mldv2_report_packet` are never used
   --> /home/daivy/projects/serial/work/StarryOS/crates/smoltcp/src/iface/interface/ipv6.rs:173:8
    |
 23 | impl InterfaceInner {
    | ------------------- methods in this implementation
...
173 |     fn link_local_ipv6_address(&self) -> Option<Ipv6Address> {
    |        ^^^^^^^^^^^^^^^^^^^^^^^
...
565 |     pub(super) fn mldv2_report_packet<'any>(
    |                   ^^^^^^^^^^^^^^^^^^^
    |
    = note: `#[warn(dead_code)]` (part of `#[warn(unused)]`) on by default

warning: variant `HopByHopIcmpv6` is never constructed
   --> /home/daivy/projects/serial/work/StarryOS/crates/smoltcp/src/iface/packet.rs:218:5
    |
210 | pub(crate) enum IpPayload<'p> {
    |                 --------- variant in this enum
...
218 |     HopByHopIcmpv6(Ipv6HopByHopRepr<'p>, Icmpv6Repr<'p>),
    |     ^^^^^^^^^^^^^^
    |
    = note: `IpPayload` has a derived impl for the trait `Debug`, but this is intentionally ignored during dead code analysis

warning: method `is_solicited_node_multicast` is never used
   --> /home/daivy/projects/serial/work/StarryOS/crates/smoltcp/src/wire/ipv6.rs:125:8
    |
 80 | pub(crate) trait AddressExt {
    |                  ---------- method in this trait
...
125 |     fn is_solicited_node_multicast(&self) -> bool;
    |        ^^^^^^^^^^^^^^^^^^^^^^^^^^^

warning: method `emit_header` is never used
   --> /home/daivy/projects/serial/work/StarryOS/crates/smoltcp/src/wire/udp.rs:275:19
    |
232 | impl Repr {
    | --------- method in this implementation
...
275 |     pub(crate) fn emit_header<T>(&self, packet: &mut Packet<&mut T>, payload_len: usize)
    |                   ^^^^^^^^^^^


running 109 tests
[32m.(B[m[32m.(B[m[32m.(B[m[32m.(B[m[32m.(B[m[32m.(B[m[32m.(B[m[32m.(B[m[32m.(B[m[32m.(B[m[32m.(B[m[32m.(B[m[32m.(B[m[32m.(B[m[32m.(B[m[32m.(B[m[32m.(B[m[32m.(B[m[32m.(B[m[32m.(B[m[32m.(B[m[32m.(B[m[32m.(B[m[32m.(B[m[32m.(B[m[32m.(B[m[32m.(B[m[32m.(B[m[32m.(B[m[32m.(B[m[32m.(B[m[32m.(B[m[32m.(B[m[32m.(B[m[32m.(B[m[32m.(B[m[32m.(B[m[32m.(B[m[32m.(B[m[32m.(B[m[32m.(B[m[32m.(B[m[32m.(B[m[32m.(B[m[32m.(B[m[32m.(B[m[32m.(B[m[32m.(B[m[32m.(B[m[32m.(B[m[32m.(B[m[32m.(B[m[32m.(B[m[32m.(B[m[32m.(B[m[32m.(B[m[32m.(B[m[32m.(B[m[32m.(B[m[32m.(B[m[32m.(B[m[32m.(B[m[32m.(B[m[32m.(B[m[32m.(B[m[32m.(B[m[32m.(B[m[32m.(B[m[32m.(B[m[32m.(B[m[32m.(B[m[32m.(B[m[32m.(B[m[32m.(B[m[32m.(B[m[32m.(B[m[32m.(B[m[32m.(B[m[32m.(B[m[32m.(B[m[32m.(B[m[32m.(B[m[32m.(B[m[32m.(B[m[32m.(B[m[32m.(B[m[32m.(B[m 87/109
[32m.(B[m[32m.(B[m[32m.(B[m[32m.(B[m[32m.(B[m[32m.(B[m[32m.(B[m[32m.(B[m[32m.(B[m[32m.(B[m[32m.(B[m[32m.(B[m[32m.(B[m[32m.(B[m[32m.(B[m[32m.(B[m[32m.(B[m[32m.(B[m[32m.(B[m[32m.(B[m[32m.(B[m[32m.(B[m
test result: [32mok(B[m. 109 passed; 0 failed; 0 ignored; 0 measured; 0 filtered out; finished in 0.01s

warning: `/home/daivy/.cargo/config` is deprecated in favor of `config.toml`
  |
  = help: if you need to support cargo 1.38 or earlier, you can symlink `config` to `config.toml`
warning: unused import: `crate::iface::Route`
 --> /home/daivy/projects/serial/work/StarryOS/crates/smoltcp/src/iface/interface/ipv6.rs:3:5
  |
3 | use crate::iface::Route;
  |     ^^^^^^^^^^^^^^^^^^^
  |
  = note: `#[warn(unused_imports)]` (part of `#[warn(unused)]`) on by default

warning: unused import: `super::fragmentation::PacketAssemblerSet`
  --> /home/daivy/projects/serial/work/StarryOS/crates/smoltcp/src/iface/interface/mod.rs:35:5
   |
35 | use super::fragmentation::PacketAssemblerSet;
   |     ^^^^^^^^^^^^^^^^^^^^^^^^^^^^^^^^^^^^^^^^

warning: unused imports: `IFACE_MAX_PREFIX_COUNT` and `IFACE_MAX_SIXLOWPAN_ADDRESS_CONTEXT_COUNT`
  --> /home/daivy/projects/serial/work/StarryOS/crates/smoltcp/src/iface/interface/mod.rs:42:27
   |
42 |     IFACE_MAX_ADDR_COUNT, IFACE_MAX_PREFIX_COUNT, IFACE_MAX_SIXLOWPAN_ADDRESS_CONTEXT_COUNT,
   |                           ^^^^^^^^^^^^^^^^^^^^^^  ^^^^^^^^^^^^^^^^^^^^^^^^^^^^^^^^^^^^^^^^^

warning: variable does not need to be mutable
   --> /home/daivy/projects/serial/work/StarryOS/crates/smoltcp/src/iface/interface/ipv4.rs:103:13
    |
103 |         let mut ipv4_repr = check!(Ipv4Repr::parse(ipv4_packet, &self.caps.checksum));
    |             ----^^^^^^^^^
    |             |
    |             help: remove this `mut`
    |
    = note: `#[warn(unused_mut)]` (part of `#[warn(unused)]`) on by default

warning: unused variable: `frag`
   --> /home/daivy/projects/serial/work/StarryOS/crates/smoltcp/src/iface/interface/ipv4.rs:101:9
    |
101 |         frag: &'a mut FragmentsBuffer,
    |         ^^^^ help: if this is intentional, prefix it with an underscore: `_frag`
    |
    = note: `#[warn(unused_variables)]` (part of `#[warn(unused)]`) on by default

warning: unused variable: `repr`
    --> /home/daivy/projects/serial/work/StarryOS/crates/smoltcp/src/iface/interface/mod.rs:1274:26
     |
1274 |             IpRepr::Ipv4(repr) => {
     |                          ^^^^ help: if this is intentional, prefix it with an underscore: `_repr`

warning: variable does not need to be mutable
   --> /home/daivy/projects/serial/work/StarryOS/crates/smoltcp/src/socket/dns.rs:247:13
    |
247 |         let mut mdns = MulticastDns::Disabled;
    |             ----^^^^
    |             |
    |             help: remove this `mut`

warning: methods `link_local_ipv6_address` and `mldv2_report_packet` are never used
   --> /home/daivy/projects/serial/work/StarryOS/crates/smoltcp/src/iface/interface/ipv6.rs:173:8
    |
 23 | impl InterfaceInner {
    | ------------------- methods in this implementation
...
173 |     fn link_local_ipv6_address(&self) -> Option<Ipv6Address> {
    |        ^^^^^^^^^^^^^^^^^^^^^^^
...
565 |     pub(super) fn mldv2_report_packet<'any>(
    |                   ^^^^^^^^^^^^^^^^^^^
    |
    = note: `#[warn(dead_code)]` (part of `#[warn(unused)]`) on by default

warning: variant `HopByHopIcmpv6` is never constructed
   --> /home/daivy/projects/serial/work/StarryOS/crates/smoltcp/src/iface/packet.rs:218:5
    |
210 | pub(crate) enum IpPayload<'p> {
    |                 --------- variant in this enum
...
218 |     HopByHopIcmpv6(Ipv6HopByHopRepr<'p>, Icmpv6Repr<'p>),
    |     ^^^^^^^^^^^^^^
    |
    = note: `IpPayload` has a derived impl for the trait `Debug`, but this is intentionally ignored during dead code analysis

warning: method `is_solicited_node_multicast` is never used
   --> /home/daivy/projects/serial/work/StarryOS/crates/smoltcp/src/wire/ipv6.rs:125:8
    |
 80 | pub(crate) trait AddressExt {
    |                  ---------- method in this trait
...
125 |     fn is_solicited_node_multicast(&self) -> bool;
    |        ^^^^^^^^^^^^^^^^^^^^^^^^^^^

warning: method `emit_header` is never used
   --> /home/daivy/projects/serial/work/StarryOS/crates/smoltcp/src/wire/udp.rs:275:19
    |
232 | impl Repr {
    | --------- method in this implementation
...
275 |     pub(crate) fn emit_header<T>(&self, packet: &mut Packet<&mut T>, payload_len: usize)
    |                   ^^^^^^^^^^^


running 109 tests
[32m.(B[m[32m.(B[m[32m.(B[m[32m.(B[m[32m.(B[m[32m.(B[m[32m.(B[m[32m.(B[m[32m.(B[m[32m.(B[m[32m.(B[m[32m.(B[m[32m.(B[m[32m.(B[m[32m.(B[m[32m.(B[m[32m.(B[m[32m.(B[m[32m.(B[m[32m.(B[m[32m.(B[m[32m.(B[m[32m.(B[m[32m.(B[m[32m.(B[m[32m.(B[m[32m.(B[m[32m.(B[m[32m.(B[m[32m.(B[m[32m.(B[m[32m.(B[m[32m.(B[m[32m.(B[m[32m.(B[m[32m.(B[m[32m.(B[m[32m.(B[m[32m.(B[m[32m.(B[m[32m.(B[m[32m.(B[m[32m.(B[m[32m.(B[m[32m.(B[m[32m.(B[m[32m.(B[m[32m.(B[m[32m.(B[m[32m.(B[m[32m.(B[m[32m.(B[m[32m.(B[m[32m.(B[m[32m.(B[m[32m.(B[m[32m.(B[m[32m.(B[m[32m.(B[m[32m.(B[m[32m.(B[m[32m.(B[m[32m.(B[m[32m.(B[m[32m.(B[m[32m.(B[m[32m.(B[m[32m.(B[m[32m.(B[m[32m.(B[m[32m.(B[m[32m.(B[m[32m.(B[m[32m.(B[m[32m.(B[m[32m.(B[m[32m.(B[m[32m.(B[m[32m.(B[m[32m.(B[m[32m.(B[m[32m.(B[m[32m.(B[m[32m.(B[m[32m.(B[m[32m.(B[m[32m.(B[m 87/109
[32m.(B[m[32m.(B[m[32m.(B[m[32m.(B[m[32m.(B[m[32m.(B[m[32m.(B[m[32m.(B[m[32m.(B[m[32m.(B[m[32m.(B[m[32m.(B[m[32m.(B[m[32m.(B[m[32m.(B[m[32m.(B[m[32m.(B[m[32m.(B[m[32m.(B[m[32m.(B[m[32m.(B[m[32m.(B[m
test result: [32mok(B[m. 109 passed; 0 failed; 0 ignored; 0 measured; 0 filtered out; finished in 0.01s

warning: `/home/daivy/.cargo/config` is deprecated in favor of `config.toml`
  |
  = help: if you need to support cargo 1.38 or earlier, you can symlink `config` to `config.toml`
warning: unused import: `crate::iface::Route`
 --> /home/daivy/projects/serial/work/StarryOS/crates/smoltcp/src/iface/interface/ipv6.rs:3:5
  |
3 | use crate::iface::Route;
  |     ^^^^^^^^^^^^^^^^^^^
  |
  = note: `#[warn(unused_imports)]` (part of `#[warn(unused)]`) on by default

warning: unused import: `super::fragmentation::PacketAssemblerSet`
  --> /home/daivy/projects/serial/work/StarryOS/crates/smoltcp/src/iface/interface/mod.rs:35:5
   |
35 | use super::fragmentation::PacketAssemblerSet;
   |     ^^^^^^^^^^^^^^^^^^^^^^^^^^^^^^^^^^^^^^^^

warning: unused imports: `IFACE_MAX_PREFIX_COUNT` and `IFACE_MAX_SIXLOWPAN_ADDRESS_CONTEXT_COUNT`
  --> /home/daivy/projects/serial/work/StarryOS/crates/smoltcp/src/iface/interface/mod.rs:42:27
   |
42 |     IFACE_MAX_ADDR_COUNT, IFACE_MAX_PREFIX_COUNT, IFACE_MAX_SIXLOWPAN_ADDRESS_CONTEXT_COUNT,
   |                           ^^^^^^^^^^^^^^^^^^^^^^  ^^^^^^^^^^^^^^^^^^^^^^^^^^^^^^^^^^^^^^^^^

warning: variable does not need to be mutable
   --> /home/daivy/projects/serial/work/StarryOS/crates/smoltcp/src/iface/interface/ipv4.rs:103:13
    |
103 |         let mut ipv4_repr = check!(Ipv4Repr::parse(ipv4_packet, &self.caps.checksum));
    |             ----^^^^^^^^^
    |             |
    |             help: remove this `mut`
    |
    = note: `#[warn(unused_mut)]` (part of `#[warn(unused)]`) on by default

warning: unused variable: `frag`
   --> /home/daivy/projects/serial/work/StarryOS/crates/smoltcp/src/iface/interface/ipv4.rs:101:9
    |
101 |         frag: &'a mut FragmentsBuffer,
    |         ^^^^ help: if this is intentional, prefix it with an underscore: `_frag`
    |
    = note: `#[warn(unused_variables)]` (part of `#[warn(unused)]`) on by default

warning: unused variable: `repr`
    --> /home/daivy/projects/serial/work/StarryOS/crates/smoltcp/src/iface/interface/mod.rs:1274:26
     |
1274 |             IpRepr::Ipv4(repr) => {
     |                          ^^^^ help: if this is intentional, prefix it with an underscore: `_repr`

warning: variable does not need to be mutable
   --> /home/daivy/projects/serial/work/StarryOS/crates/smoltcp/src/socket/dns.rs:247:13
    |
247 |         let mut mdns = MulticastDns::Disabled;
    |             ----^^^^
    |             |
    |             help: remove this `mut`

warning: methods `link_local_ipv6_address` and `mldv2_report_packet` are never used
   --> /home/daivy/projects/serial/work/StarryOS/crates/smoltcp/src/iface/interface/ipv6.rs:173:8
    |
 23 | impl InterfaceInner {
    | ------------------- methods in this implementation
...
173 |     fn link_local_ipv6_address(&self) -> Option<Ipv6Address> {
    |        ^^^^^^^^^^^^^^^^^^^^^^^
...
565 |     pub(super) fn mldv2_report_packet<'any>(
    |                   ^^^^^^^^^^^^^^^^^^^
    |
    = note: `#[warn(dead_code)]` (part of `#[warn(unused)]`) on by default

warning: variant `HopByHopIcmpv6` is never constructed
   --> /home/daivy/projects/serial/work/StarryOS/crates/smoltcp/src/iface/packet.rs:218:5
    |
210 | pub(crate) enum IpPayload<'p> {
    |                 --------- variant in this enum
...
218 |     HopByHopIcmpv6(Ipv6HopByHopRepr<'p>, Icmpv6Repr<'p>),
    |     ^^^^^^^^^^^^^^
    |
    = note: `IpPayload` has a derived impl for the trait `Debug`, but this is intentionally ignored during dead code analysis

warning: method `is_solicited_node_multicast` is never used
   --> /home/daivy/projects/serial/work/StarryOS/crates/smoltcp/src/wire/ipv6.rs:125:8
    |
 80 | pub(crate) trait AddressExt {
    |                  ---------- method in this trait
...
125 |     fn is_solicited_node_multicast(&self) -> bool;
    |        ^^^^^^^^^^^^^^^^^^^^^^^^^^^

warning: method `emit_header` is never used
   --> /home/daivy/projects/serial/work/StarryOS/crates/smoltcp/src/wire/udp.rs:275:19
    |
232 | impl Repr {
    | --------- method in this implementation
...
275 |     pub(crate) fn emit_header<T>(&self, packet: &mut Packet<&mut T>, payload_len: usize)
    |                   ^^^^^^^^^^^


running 109 tests
[32m.(B[m[32m.(B[m[32m.(B[m[32m.(B[m[32m.(B[m[32m.(B[m[32m.(B[m[32m.(B[m[32m.(B[m[32m.(B[m[32m.(B[m[32m.(B[m[32m.(B[m[32m.(B[m[32m.(B[m[32m.(B[m[32m.(B[m[32m.(B[m[32m.(B[m[32m.(B[m[32m.(B[m[32m.(B[m[32m.(B[m[32m.(B[m[32m.(B[m[32m.(B[m[32m.(B[m[32m.(B[m[32m.(B[m[32m.(B[m[32m.(B[m[32m.(B[m[32m.(B[m[32m.(B[m[32m.(B[m[32m.(B[m[32m.(B[m[32m.(B[m[32m.(B[m[32m.(B[m[32m.(B[m[32m.(B[m[32m.(B[m[32m.(B[m[32m.(B[m[32m.(B[m[32m.(B[m[32m.(B[m[32m.(B[m[32m.(B[m[32m.(B[m[32m.(B[m[32m.(B[m[32m.(B[m[32m.(B[m[32m.(B[m[32m.(B[m[32m.(B[m[32m.(B[m[32m.(B[m[32m.(B[m[32m.(B[m[32m.(B[m[32m.(B[m[32m.(B[m[32m.(B[m[32m.(B[m[32m.(B[m[32m.(B[m[32m.(B[m[32m.(B[m[32m.(B[m[32m.(B[m[32m.(B[m[32m.(B[m[32m.(B[m[32m.(B[m[32m.(B[m[32m.(B[m[32m.(B[m[32m.(B[m[32m.(B[m[32m.(B[m[32m.(B[m[32m.(B[m[32m.(B[m[32m.(B[m 87/109
[32m.(B[m[32m.(B[m[32m.(B[m[32m.(B[m[32m.(B[m[32m.(B[m[32m.(B[m[32m.(B[m[32m.(B[m[32m.(B[m[32m.(B[m[32m.(B[m[32m.(B[m[32m.(B[m[32m.(B[m[32m.(B[m[32m.(B[m[32m.(B[m[32m.(B[m[32m.(B[m[32m.(B[m[32m.(B[m
test result: [32mok(B[m. 109 passed; 0 failed; 0 ignored; 0 measured; 0 filtered out; finished in 0.01s

warning: `/home/daivy/.cargo/config` is deprecated in favor of `config.toml`
  |
  = help: if you need to support cargo 1.38 or earlier, you can symlink `config` to `config.toml`
warning: unused import: `crate::iface::Route`
 --> /home/daivy/projects/serial/work/StarryOS/crates/smoltcp/src/iface/interface/ipv6.rs:3:5
  |
3 | use crate::iface::Route;
  |     ^^^^^^^^^^^^^^^^^^^
  |
  = note: `#[warn(unused_imports)]` (part of `#[warn(unused)]`) on by default

warning: unused import: `super::fragmentation::PacketAssemblerSet`
  --> /home/daivy/projects/serial/work/StarryOS/crates/smoltcp/src/iface/interface/mod.rs:35:5
   |
35 | use super::fragmentation::PacketAssemblerSet;
   |     ^^^^^^^^^^^^^^^^^^^^^^^^^^^^^^^^^^^^^^^^

warning: unused imports: `IFACE_MAX_PREFIX_COUNT` and `IFACE_MAX_SIXLOWPAN_ADDRESS_CONTEXT_COUNT`
  --> /home/daivy/projects/serial/work/StarryOS/crates/smoltcp/src/iface/interface/mod.rs:42:27
   |
42 |     IFACE_MAX_ADDR_COUNT, IFACE_MAX_PREFIX_COUNT, IFACE_MAX_SIXLOWPAN_ADDRESS_CONTEXT_COUNT,
   |                           ^^^^^^^^^^^^^^^^^^^^^^  ^^^^^^^^^^^^^^^^^^^^^^^^^^^^^^^^^^^^^^^^^

warning: variable does not need to be mutable
   --> /home/daivy/projects/serial/work/StarryOS/crates/smoltcp/src/iface/interface/ipv4.rs:103:13
    |
103 |         let mut ipv4_repr = check!(Ipv4Repr::parse(ipv4_packet, &self.caps.checksum));
    |             ----^^^^^^^^^
    |             |
    |             help: remove this `mut`
    |
    = note: `#[warn(unused_mut)]` (part of `#[warn(unused)]`) on by default

warning: unused variable: `frag`
   --> /home/daivy/projects/serial/work/StarryOS/crates/smoltcp/src/iface/interface/ipv4.rs:101:9
    |
101 |         frag: &'a mut FragmentsBuffer,
    |         ^^^^ help: if this is intentional, prefix it with an underscore: `_frag`
    |
    = note: `#[warn(unused_variables)]` (part of `#[warn(unused)]`) on by default

warning: unused variable: `repr`
    --> /home/daivy/projects/serial/work/StarryOS/crates/smoltcp/src/iface/interface/mod.rs:1274:26
     |
1274 |             IpRepr::Ipv4(repr) => {
     |                          ^^^^ help: if this is intentional, prefix it with an underscore: `_repr`

warning: variable does not need to be mutable
   --> /home/daivy/projects/serial/work/StarryOS/crates/smoltcp/src/socket/dns.rs:247:13
    |
247 |         let mut mdns = MulticastDns::Disabled;
    |             ----^^^^
    |             |
    |             help: remove this `mut`

warning: methods `link_local_ipv6_address` and `mldv2_report_packet` are never used
   --> /home/daivy/projects/serial/work/StarryOS/crates/smoltcp/src/iface/interface/ipv6.rs:173:8
    |
 23 | impl InterfaceInner {
    | ------------------- methods in this implementation
...
173 |     fn link_local_ipv6_address(&self) -> Option<Ipv6Address> {
    |        ^^^^^^^^^^^^^^^^^^^^^^^
...
565 |     pub(super) fn mldv2_report_packet<'any>(
    |                   ^^^^^^^^^^^^^^^^^^^
    |
    = note: `#[warn(dead_code)]` (part of `#[warn(unused)]`) on by default

warning: variant `HopByHopIcmpv6` is never constructed
   --> /home/daivy/projects/serial/work/StarryOS/crates/smoltcp/src/iface/packet.rs:218:5
    |
210 | pub(crate) enum IpPayload<'p> {
    |                 --------- variant in this enum
...
218 |     HopByHopIcmpv6(Ipv6HopByHopRepr<'p>, Icmpv6Repr<'p>),
    |     ^^^^^^^^^^^^^^
    |
    = note: `IpPayload` has a derived impl for the trait `Debug`, but this is intentionally ignored during dead code analysis

warning: method `is_solicited_node_multicast` is never used
   --> /home/daivy/projects/serial/work/StarryOS/crates/smoltcp/src/wire/ipv6.rs:125:8
    |
 80 | pub(crate) trait AddressExt {
    |                  ---------- method in this trait
...
125 |     fn is_solicited_node_multicast(&self) -> bool;
    |        ^^^^^^^^^^^^^^^^^^^^^^^^^^^

warning: method `emit_header` is never used
   --> /home/daivy/projects/serial/work/StarryOS/crates/smoltcp/src/wire/udp.rs:275:19
    |
232 | impl Repr {
    | --------- method in this implementation
...
275 |     pub(crate) fn emit_header<T>(&self, packet: &mut Packet<&mut T>, payload_len: usize)
    |                   ^^^^^^^^^^^


running 109 tests
[32m.(B[m[32m.(B[m[32m.(B[m[32m.(B[m[32m.(B[m[32m.(B[m[32m.(B[m[32m.(B[m[32m.(B[m[32m.(B[m[32m.(B[m[32m.(B[m[32m.(B[m[32m.(B[m[32m.(B[m[32m.(B[m[32m.(B[m[32m.(B[m[32m.(B[m[32m.(B[m[32m.(B[m[32m.(B[m[32m.(B[m[32m.(B[m[32m.(B[m[32m.(B[m[32m.(B[m[32m.(B[m[32m.(B[m[32m.(B[m[32m.(B[m[32m.(B[m[32m.(B[m[32m.(B[m[32m.(B[m[32m.(B[m[32m.(B[m[32m.(B[m[32m.(B[m[32m.(B[m[32m.(B[m[32m.(B[m[32m.(B[m[32m.(B[m[32m.(B[m[32m.(B[m[32m.(B[m[32m.(B[m[32m.(B[m[32m.(B[m[32m.(B[m[32m.(B[m[32m.(B[m[32m.(B[m[32m.(B[m[32m.(B[m[32m.(B[m[32m.(B[m[32m.(B[m[32m.(B[m[32m.(B[m[32m.(B[m[32m.(B[m[32m.(B[m[32m.(B[m[32m.(B[m[32m.(B[m[32m.(B[m[32m.(B[m[32m.(B[m[32m.(B[m[32m.(B[m[32m.(B[m[32m.(B[m[32m.(B[m[32m.(B[m[32m.(B[m[32m.(B[m[32m.(B[m[32m.(B[m[32m.(B[m[32m.(B[m[32m.(B[m[32m.(B[m[32m.(B[m[32m.(B[m[32m.(B[m 87/109
[32m.(B[m[32m.(B[m[32m.(B[m[32m.(B[m[32m.(B[m[32m.(B[m[32m.(B[m[32m.(B[m[32m.(B[m[32m.(B[m[32m.(B[m[32m.(B[m[32m.(B[m[32m.(B[m[32m.(B[m[32m.(B[m[32m.(B[m[32m.(B[m[32m.(B[m[32m.(B[m[32m.(B[m[32m.(B[m
test result: [32mok(B[m. 109 passed; 0 failed; 0 ignored; 0 measured; 0 filtered out; finished in 0.02s

warning: `/home/daivy/.cargo/config` is deprecated in favor of `config.toml`
  |
  = help: if you need to support cargo 1.38 or earlier, you can symlink `config` to `config.toml`
warning: unused import: `crate::iface::Route`
 --> /home/daivy/projects/serial/work/StarryOS/crates/smoltcp/src/iface/interface/ipv6.rs:3:5
  |
3 | use crate::iface::Route;
  |     ^^^^^^^^^^^^^^^^^^^
  |
  = note: `#[warn(unused_imports)]` (part of `#[warn(unused)]`) on by default

warning: unused import: `super::fragmentation::PacketAssemblerSet`
  --> /home/daivy/projects/serial/work/StarryOS/crates/smoltcp/src/iface/interface/mod.rs:35:5
   |
35 | use super::fragmentation::PacketAssemblerSet;
   |     ^^^^^^^^^^^^^^^^^^^^^^^^^^^^^^^^^^^^^^^^

warning: unused imports: `IFACE_MAX_PREFIX_COUNT` and `IFACE_MAX_SIXLOWPAN_ADDRESS_CONTEXT_COUNT`
  --> /home/daivy/projects/serial/work/StarryOS/crates/smoltcp/src/iface/interface/mod.rs:42:27
   |
42 |     IFACE_MAX_ADDR_COUNT, IFACE_MAX_PREFIX_COUNT, IFACE_MAX_SIXLOWPAN_ADDRESS_CONTEXT_COUNT,
   |                           ^^^^^^^^^^^^^^^^^^^^^^  ^^^^^^^^^^^^^^^^^^^^^^^^^^^^^^^^^^^^^^^^^

warning: variable does not need to be mutable
   --> /home/daivy/projects/serial/work/StarryOS/crates/smoltcp/src/iface/interface/ipv4.rs:103:13
    |
103 |         let mut ipv4_repr = check!(Ipv4Repr::parse(ipv4_packet, &self.caps.checksum));
    |             ----^^^^^^^^^
    |             |
    |             help: remove this `mut`
    |
    = note: `#[warn(unused_mut)]` (part of `#[warn(unused)]`) on by default

warning: unused variable: `frag`
   --> /home/daivy/projects/serial/work/StarryOS/crates/smoltcp/src/iface/interface/ipv4.rs:101:9
    |
101 |         frag: &'a mut FragmentsBuffer,
    |         ^^^^ help: if this is intentional, prefix it with an underscore: `_frag`
    |
    = note: `#[warn(unused_variables)]` (part of `#[warn(unused)]`) on by default

warning: unused variable: `repr`
    --> /home/daivy/projects/serial/work/StarryOS/crates/smoltcp/src/iface/interface/mod.rs:1274:26
     |
1274 |             IpRepr::Ipv4(repr) => {
     |                          ^^^^ help: if this is intentional, prefix it with an underscore: `_repr`

warning: variable does not need to be mutable
   --> /home/daivy/projects/serial/work/StarryOS/crates/smoltcp/src/socket/dns.rs:247:13
    |
247 |         let mut mdns = MulticastDns::Disabled;
    |             ----^^^^
    |             |
    |             help: remove this `mut`

warning: methods `link_local_ipv6_address` and `mldv2_report_packet` are never used
   --> /home/daivy/projects/serial/work/StarryOS/crates/smoltcp/src/iface/interface/ipv6.rs:173:8
    |
 23 | impl InterfaceInner {
    | ------------------- methods in this implementation
...
173 |     fn link_local_ipv6_address(&self) -> Option<Ipv6Address> {
    |        ^^^^^^^^^^^^^^^^^^^^^^^
...
565 |     pub(super) fn mldv2_report_packet<'any>(
    |                   ^^^^^^^^^^^^^^^^^^^
    |
    = note: `#[warn(dead_code)]` (part of `#[warn(unused)]`) on by default

warning: variant `HopByHopIcmpv6` is never constructed
   --> /home/daivy/projects/serial/work/StarryOS/crates/smoltcp/src/iface/packet.rs:218:5
    |
210 | pub(crate) enum IpPayload<'p> {
    |                 --------- variant in this enum
...
218 |     HopByHopIcmpv6(Ipv6HopByHopRepr<'p>, Icmpv6Repr<'p>),
    |     ^^^^^^^^^^^^^^
    |
    = note: `IpPayload` has a derived impl for the trait `Debug`, but this is intentionally ignored during dead code analysis

warning: method `is_solicited_node_multicast` is never used
   --> /home/daivy/projects/serial/work/StarryOS/crates/smoltcp/src/wire/ipv6.rs:125:8
    |
 80 | pub(crate) trait AddressExt {
    |                  ---------- method in this trait
...
125 |     fn is_solicited_node_multicast(&self) -> bool;
    |        ^^^^^^^^^^^^^^^^^^^^^^^^^^^

warning: method `emit_header` is never used
   --> /home/daivy/projects/serial/work/StarryOS/crates/smoltcp/src/wire/udp.rs:275:19
    |
232 | impl Repr {
    | --------- method in this implementation
...
275 |     pub(crate) fn emit_header<T>(&self, packet: &mut Packet<&mut T>, payload_len: usize)
    |                   ^^^^^^^^^^^


running 109 tests
[32m.(B[m[32m.(B[m[32m.(B[m[32m.(B[m[32m.(B[m[32m.(B[m[32m.(B[m[32m.(B[m[32m.(B[m[32m.(B[m[32m.(B[m[32m.(B[m[32m.(B[m[32m.(B[m[32m.(B[m[32m.(B[m[32m.(B[m[32m.(B[m[32m.(B[m[32m.(B[m[32m.(B[m[32m.(B[m[32m.(B[m[32m.(B[m[32m.(B[m[32m.(B[m[32m.(B[m[32m.(B[m[32m.(B[m[32m.(B[m[32m.(B[m[32m.(B[m[32m.(B[m[32m.(B[m[32m.(B[m[32m.(B[m[32m.(B[m[32m.(B[m[32m.(B[m[32m.(B[m[32m.(B[m[32m.(B[m[32m.(B[m[32m.(B[m[32m.(B[m[32m.(B[m[32m.(B[m[32m.(B[m[32m.(B[m[32m.(B[m[32m.(B[m[32m.(B[m[32m.(B[m[32m.(B[m[32m.(B[m[32m.(B[m[32m.(B[m[32m.(B[m[32m.(B[m[32m.(B[m[32m.(B[m[32m.(B[m[32m.(B[m[32m.(B[m[32m.(B[m[32m.(B[m[32m.(B[m[32m.(B[m[32m.(B[m[32m.(B[m[32m.(B[m[32m.(B[m[32m.(B[m[32m.(B[m[32m.(B[m[32m.(B[m[32m.(B[m[32m.(B[m[32m.(B[m[32m.(B[m[32m.(B[m[32m.(B[m[32m.(B[m[32m.(B[m[32m.(B[m[32m.(B[m[32m.(B[m 87/109
[32m.(B[m[32m.(B[m[32m.(B[m[32m.(B[m[32m.(B[m[32m.(B[m[32m.(B[m[32m.(B[m[32m.(B[m[32m.(B[m[32m.(B[m[32m.(B[m[32m.(B[m[32m.(B[m[32m.(B[m[32m.(B[m[32m.(B[m[32m.(B[m[32m.(B[m[32m.(B[m[32m.(B[m[32m.(B[m
test result: [32mok(B[m. 109 passed; 0 failed; 0 ignored; 0 measured; 0 filtered out; finished in 0.02s

warning: `/home/daivy/.cargo/config` is deprecated in favor of `config.toml`
  |
  = help: if you need to support cargo 1.38 or earlier, you can symlink `config` to `config.toml`
warning: unused import: `crate::iface::Route`
 --> /home/daivy/projects/serial/work/StarryOS/crates/smoltcp/src/iface/interface/ipv6.rs:3:5
  |
3 | use crate::iface::Route;
  |     ^^^^^^^^^^^^^^^^^^^
  |
  = note: `#[warn(unused_imports)]` (part of `#[warn(unused)]`) on by default

warning: unused import: `super::fragmentation::PacketAssemblerSet`
  --> /home/daivy/projects/serial/work/StarryOS/crates/smoltcp/src/iface/interface/mod.rs:35:5
   |
35 | use super::fragmentation::PacketAssemblerSet;
   |     ^^^^^^^^^^^^^^^^^^^^^^^^^^^^^^^^^^^^^^^^

warning: unused imports: `IFACE_MAX_PREFIX_COUNT` and `IFACE_MAX_SIXLOWPAN_ADDRESS_CONTEXT_COUNT`
  --> /home/daivy/projects/serial/work/StarryOS/crates/smoltcp/src/iface/interface/mod.rs:42:27
   |
42 |     IFACE_MAX_ADDR_COUNT, IFACE_MAX_PREFIX_COUNT, IFACE_MAX_SIXLOWPAN_ADDRESS_CONTEXT_COUNT,
   |                           ^^^^^^^^^^^^^^^^^^^^^^  ^^^^^^^^^^^^^^^^^^^^^^^^^^^^^^^^^^^^^^^^^

warning: variable does not need to be mutable
   --> /home/daivy/projects/serial/work/StarryOS/crates/smoltcp/src/iface/interface/ipv4.rs:103:13
    |
103 |         let mut ipv4_repr = check!(Ipv4Repr::parse(ipv4_packet, &self.caps.checksum));
    |             ----^^^^^^^^^
    |             |
    |             help: remove this `mut`
    |
    = note: `#[warn(unused_mut)]` (part of `#[warn(unused)]`) on by default

warning: unused variable: `frag`
   --> /home/daivy/projects/serial/work/StarryOS/crates/smoltcp/src/iface/interface/ipv4.rs:101:9
    |
101 |         frag: &'a mut FragmentsBuffer,
    |         ^^^^ help: if this is intentional, prefix it with an underscore: `_frag`
    |
    = note: `#[warn(unused_variables)]` (part of `#[warn(unused)]`) on by default

warning: unused variable: `repr`
    --> /home/daivy/projects/serial/work/StarryOS/crates/smoltcp/src/iface/interface/mod.rs:1274:26
     |
1274 |             IpRepr::Ipv4(repr) => {
     |                          ^^^^ help: if this is intentional, prefix it with an underscore: `_repr`

warning: variable does not need to be mutable
   --> /home/daivy/projects/serial/work/StarryOS/crates/smoltcp/src/socket/dns.rs:247:13
    |
247 |         let mut mdns = MulticastDns::Disabled;
    |             ----^^^^
    |             |
    |             help: remove this `mut`

warning: methods `link_local_ipv6_address` and `mldv2_report_packet` are never used
   --> /home/daivy/projects/serial/work/StarryOS/crates/smoltcp/src/iface/interface/ipv6.rs:173:8
    |
 23 | impl InterfaceInner {
    | ------------------- methods in this implementation
...
173 |     fn link_local_ipv6_address(&self) -> Option<Ipv6Address> {
    |        ^^^^^^^^^^^^^^^^^^^^^^^
...
565 |     pub(super) fn mldv2_report_packet<'any>(
    |                   ^^^^^^^^^^^^^^^^^^^
    |
    = note: `#[warn(dead_code)]` (part of `#[warn(unused)]`) on by default

warning: variant `HopByHopIcmpv6` is never constructed
   --> /home/daivy/projects/serial/work/StarryOS/crates/smoltcp/src/iface/packet.rs:218:5
    |
210 | pub(crate) enum IpPayload<'p> {
    |                 --------- variant in this enum
...
218 |     HopByHopIcmpv6(Ipv6HopByHopRepr<'p>, Icmpv6Repr<'p>),
    |     ^^^^^^^^^^^^^^
    |
    = note: `IpPayload` has a derived impl for the trait `Debug`, but this is intentionally ignored during dead code analysis

warning: method `is_solicited_node_multicast` is never used
   --> /home/daivy/projects/serial/work/StarryOS/crates/smoltcp/src/wire/ipv6.rs:125:8
    |
 80 | pub(crate) trait AddressExt {
    |                  ---------- method in this trait
...
125 |     fn is_solicited_node_multicast(&self) -> bool;
    |        ^^^^^^^^^^^^^^^^^^^^^^^^^^^

warning: method `emit_header` is never used
   --> /home/daivy/projects/serial/work/StarryOS/crates/smoltcp/src/wire/udp.rs:275:19
    |
232 | impl Repr {
    | --------- method in this implementation
...
275 |     pub(crate) fn emit_header<T>(&self, packet: &mut Packet<&mut T>, payload_len: usize)
    |                   ^^^^^^^^^^^


running 109 tests
[32m.(B[m[32m.(B[m[32m.(B[m[32m.(B[m[32m.(B[m[32m.(B[m[32m.(B[m[32m.(B[m[32m.(B[m[32m.(B[m[32m.(B[m[32m.(B[m[32m.(B[m[32m.(B[m[32m.(B[m[32m.(B[m[32m.(B[m[32m.(B[m[32m.(B[m[32m.(B[m[32m.(B[m[32m.(B[m[32m.(B[m[32m.(B[m[32m.(B[m[32m.(B[m[32m.(B[m[32m.(B[m[32m.(B[m[32m.(B[m[32m.(B[m[32m.(B[m[32m.(B[m[32m.(B[m[32m.(B[m[32m.(B[m[32m.(B[m[32m.(B[m[32m.(B[m[32m.(B[m[32m.(B[m[32m.(B[m[32m.(B[m[32m.(B[m[32m.(B[m[32m.(B[m[32m.(B[m[32m.(B[m[32m.(B[m[32m.(B[m[32m.(B[m[32m.(B[m[32m.(B[m[32m.(B[m[32m.(B[m[32m.(B[m[32m.(B[m[32m.(B[m[32m.(B[m[32m.(B[m[32m.(B[m[32m.(B[m[32m.(B[m[32m.(B[m[32m.(B[m[32m.(B[m[32m.(B[m[32m.(B[m[32m.(B[m[32m.(B[m[32m.(B[m[32m.(B[m[32m.(B[m[32m.(B[m[32m.(B[m[32m.(B[m[32m.(B[m[32m.(B[m[32m.(B[m[32m.(B[m[32m.(B[m[32m.(B[m[32m.(B[m[32m.(B[m[32m.(B[m[32m.(B[m[32m.(B[m 87/109
[32m.(B[m[32m.(B[m[32m.(B[m[32m.(B[m[32m.(B[m[32m.(B[m[32m.(B[m[32m.(B[m[32m.(B[m[32m.(B[m[32m.(B[m[32m.(B[m[32m.(B[m[32m.(B[m[32m.(B[m[32m.(B[m[32m.(B[m[32m.(B[m[32m.(B[m[32m.(B[m[32m.(B[m[32m.(B[m
test result: [32mok(B[m. 109 passed; 0 failed; 0 ignored; 0 measured; 0 filtered out; finished in 0.01s

warning: `/home/daivy/.cargo/config` is deprecated in favor of `config.toml`
  |
  = help: if you need to support cargo 1.38 or earlier, you can symlink `config` to `config.toml`
warning: unused import: `crate::iface::Route`
 --> /home/daivy/projects/serial/work/StarryOS/crates/smoltcp/src/iface/interface/ipv6.rs:3:5
  |
3 | use crate::iface::Route;
  |     ^^^^^^^^^^^^^^^^^^^
  |
  = note: `#[warn(unused_imports)]` (part of `#[warn(unused)]`) on by default

warning: unused import: `super::fragmentation::PacketAssemblerSet`
  --> /home/daivy/projects/serial/work/StarryOS/crates/smoltcp/src/iface/interface/mod.rs:35:5
   |
35 | use super::fragmentation::PacketAssemblerSet;
   |     ^^^^^^^^^^^^^^^^^^^^^^^^^^^^^^^^^^^^^^^^

warning: unused imports: `IFACE_MAX_PREFIX_COUNT` and `IFACE_MAX_SIXLOWPAN_ADDRESS_CONTEXT_COUNT`
  --> /home/daivy/projects/serial/work/StarryOS/crates/smoltcp/src/iface/interface/mod.rs:42:27
   |
42 |     IFACE_MAX_ADDR_COUNT, IFACE_MAX_PREFIX_COUNT, IFACE_MAX_SIXLOWPAN_ADDRESS_CONTEXT_COUNT,
   |                           ^^^^^^^^^^^^^^^^^^^^^^  ^^^^^^^^^^^^^^^^^^^^^^^^^^^^^^^^^^^^^^^^^

warning: variable does not need to be mutable
   --> /home/daivy/projects/serial/work/StarryOS/crates/smoltcp/src/iface/interface/ipv4.rs:103:13
    |
103 |         let mut ipv4_repr = check!(Ipv4Repr::parse(ipv4_packet, &self.caps.checksum));
    |             ----^^^^^^^^^
    |             |
    |             help: remove this `mut`
    |
    = note: `#[warn(unused_mut)]` (part of `#[warn(unused)]`) on by default

warning: unused variable: `frag`
   --> /home/daivy/projects/serial/work/StarryOS/crates/smoltcp/src/iface/interface/ipv4.rs:101:9
    |
101 |         frag: &'a mut FragmentsBuffer,
    |         ^^^^ help: if this is intentional, prefix it with an underscore: `_frag`
    |
    = note: `#[warn(unused_variables)]` (part of `#[warn(unused)]`) on by default

warning: unused variable: `repr`
    --> /home/daivy/projects/serial/work/StarryOS/crates/smoltcp/src/iface/interface/mod.rs:1274:26
     |
1274 |             IpRepr::Ipv4(repr) => {
     |                          ^^^^ help: if this is intentional, prefix it with an underscore: `_repr`

warning: variable does not need to be mutable
   --> /home/daivy/projects/serial/work/StarryOS/crates/smoltcp/src/socket/dns.rs:247:13
    |
247 |         let mut mdns = MulticastDns::Disabled;
    |             ----^^^^
    |             |
    |             help: remove this `mut`

warning: methods `link_local_ipv6_address` and `mldv2_report_packet` are never used
   --> /home/daivy/projects/serial/work/StarryOS/crates/smoltcp/src/iface/interface/ipv6.rs:173:8
    |
 23 | impl InterfaceInner {
    | ------------------- methods in this implementation
...
173 |     fn link_local_ipv6_address(&self) -> Option<Ipv6Address> {
    |        ^^^^^^^^^^^^^^^^^^^^^^^
...
565 |     pub(super) fn mldv2_report_packet<'any>(
    |                   ^^^^^^^^^^^^^^^^^^^
    |
    = note: `#[warn(dead_code)]` (part of `#[warn(unused)]`) on by default

warning: variant `HopByHopIcmpv6` is never constructed
   --> /home/daivy/projects/serial/work/StarryOS/crates/smoltcp/src/iface/packet.rs:218:5
    |
210 | pub(crate) enum IpPayload<'p> {
    |                 --------- variant in this enum
...
218 |     HopByHopIcmpv6(Ipv6HopByHopRepr<'p>, Icmpv6Repr<'p>),
    |     ^^^^^^^^^^^^^^
    |
    = note: `IpPayload` has a derived impl for the trait `Debug`, but this is intentionally ignored during dead code analysis

warning: method `is_solicited_node_multicast` is never used
   --> /home/daivy/projects/serial/work/StarryOS/crates/smoltcp/src/wire/ipv6.rs:125:8
    |
 80 | pub(crate) trait AddressExt {
    |                  ---------- method in this trait
...
125 |     fn is_solicited_node_multicast(&self) -> bool;
    |        ^^^^^^^^^^^^^^^^^^^^^^^^^^^

warning: method `emit_header` is never used
   --> /home/daivy/projects/serial/work/StarryOS/crates/smoltcp/src/wire/udp.rs:275:19
    |
232 | impl Repr {
    | --------- method in this implementation
...
275 |     pub(crate) fn emit_header<T>(&self, packet: &mut Packet<&mut T>, payload_len: usize)
    |                   ^^^^^^^^^^^


running 109 tests
[32m.(B[m[32m.(B[m[32m.(B[m[32m.(B[m[32m.(B[m[32m.(B[m[32m.(B[m[32m.(B[m[32m.(B[m[32m.(B[m[32m.(B[m[32m.(B[m[32m.(B[m[32m.(B[m[32m.(B[m[32m.(B[m[32m.(B[m[32m.(B[m[32m.(B[m[32m.(B[m[32m.(B[m[32m.(B[m[32m.(B[m[32m.(B[m[32m.(B[m[32m.(B[m[32m.(B[m[32m.(B[m[32m.(B[m[32m.(B[m[32m.(B[m[32m.(B[m[32m.(B[m[32m.(B[m[32m.(B[m[32m.(B[m[32m.(B[m[32m.(B[m[32m.(B[m[32m.(B[m[32m.(B[m[32m.(B[m[32m.(B[m[32m.(B[m[32m.(B[m[32m.(B[m[32m.(B[m[32m.(B[m[32m.(B[m[32m.(B[m[32m.(B[m[32m.(B[m[32m.(B[m[32m.(B[m[32m.(B[m[32m.(B[m[32m.(B[m[32m.(B[m[32m.(B[m[32m.(B[m[32m.(B[m[32m.(B[m[32m.(B[m[32m.(B[m[32m.(B[m[32m.(B[m[32m.(B[m[32m.(B[m[32m.(B[m[32m.(B[m[32m.(B[m[32m.(B[m[32m.(B[m[32m.(B[m[32m.(B[m[32m.(B[m[32m.(B[m[32m.(B[m[32m.(B[m[32m.(B[m[32m.(B[m[32m.(B[m[32m.(B[m[32m.(B[m[32m.(B[m[32m.(B[m[32m.(B[m 87/109
[32m.(B[m[32m.(B[m[32m.(B[m[32m.(B[m[32m.(B[m[32m.(B[m[32m.(B[m[32m.(B[m[32m.(B[m[32m.(B[m[32m.(B[m[32m.(B[m[32m.(B[m[32m.(B[m[32m.(B[m[32m.(B[m[32m.(B[m[32m.(B[m[32m.(B[m[32m.(B[m[32m.(B[m[32m.(B[m
test result: [32mok(B[m. 109 passed; 0 failed; 0 ignored; 0 measured; 0 filtered out; finished in 0.02s

warning: `/home/daivy/.cargo/config` is deprecated in favor of `config.toml`
  |
  = help: if you need to support cargo 1.38 or earlier, you can symlink `config` to `config.toml`
warning: unused import: `crate::iface::Route`
 --> /home/daivy/projects/serial/work/StarryOS/crates/smoltcp/src/iface/interface/ipv6.rs:3:5
  |
3 | use crate::iface::Route;
  |     ^^^^^^^^^^^^^^^^^^^
  |
  = note: `#[warn(unused_imports)]` (part of `#[warn(unused)]`) on by default

warning: unused import: `super::fragmentation::PacketAssemblerSet`
  --> /home/daivy/projects/serial/work/StarryOS/crates/smoltcp/src/iface/interface/mod.rs:35:5
   |
35 | use super::fragmentation::PacketAssemblerSet;
   |     ^^^^^^^^^^^^^^^^^^^^^^^^^^^^^^^^^^^^^^^^

warning: unused imports: `IFACE_MAX_PREFIX_COUNT` and `IFACE_MAX_SIXLOWPAN_ADDRESS_CONTEXT_COUNT`
  --> /home/daivy/projects/serial/work/StarryOS/crates/smoltcp/src/iface/interface/mod.rs:42:27
   |
42 |     IFACE_MAX_ADDR_COUNT, IFACE_MAX_PREFIX_COUNT, IFACE_MAX_SIXLOWPAN_ADDRESS_CONTEXT_COUNT,
   |                           ^^^^^^^^^^^^^^^^^^^^^^  ^^^^^^^^^^^^^^^^^^^^^^^^^^^^^^^^^^^^^^^^^

warning: variable does not need to be mutable
   --> /home/daivy/projects/serial/work/StarryOS/crates/smoltcp/src/iface/interface/ipv4.rs:103:13
    |
103 |         let mut ipv4_repr = check!(Ipv4Repr::parse(ipv4_packet, &self.caps.checksum));
    |             ----^^^^^^^^^
    |             |
    |             help: remove this `mut`
    |
    = note: `#[warn(unused_mut)]` (part of `#[warn(unused)]`) on by default

warning: unused variable: `frag`
   --> /home/daivy/projects/serial/work/StarryOS/crates/smoltcp/src/iface/interface/ipv4.rs:101:9
    |
101 |         frag: &'a mut FragmentsBuffer,
    |         ^^^^ help: if this is intentional, prefix it with an underscore: `_frag`
    |
    = note: `#[warn(unused_variables)]` (part of `#[warn(unused)]`) on by default

warning: unused variable: `repr`
    --> /home/daivy/projects/serial/work/StarryOS/crates/smoltcp/src/iface/interface/mod.rs:1274:26
     |
1274 |             IpRepr::Ipv4(repr) => {
     |                          ^^^^ help: if this is intentional, prefix it with an underscore: `_repr`

warning: variable does not need to be mutable
   --> /home/daivy/projects/serial/work/StarryOS/crates/smoltcp/src/socket/dns.rs:247:13
    |
247 |         let mut mdns = MulticastDns::Disabled;
    |             ----^^^^
    |             |
    |             help: remove this `mut`

warning: methods `link_local_ipv6_address` and `mldv2_report_packet` are never used
   --> /home/daivy/projects/serial/work/StarryOS/crates/smoltcp/src/iface/interface/ipv6.rs:173:8
    |
 23 | impl InterfaceInner {
    | ------------------- methods in this implementation
...
173 |     fn link_local_ipv6_address(&self) -> Option<Ipv6Address> {
    |        ^^^^^^^^^^^^^^^^^^^^^^^
...
565 |     pub(super) fn mldv2_report_packet<'any>(
    |                   ^^^^^^^^^^^^^^^^^^^
    |
    = note: `#[warn(dead_code)]` (part of `#[warn(unused)]`) on by default

warning: variant `HopByHopIcmpv6` is never constructed
   --> /home/daivy/projects/serial/work/StarryOS/crates/smoltcp/src/iface/packet.rs:218:5
    |
210 | pub(crate) enum IpPayload<'p> {
    |                 --------- variant in this enum
...
218 |     HopByHopIcmpv6(Ipv6HopByHopRepr<'p>, Icmpv6Repr<'p>),
    |     ^^^^^^^^^^^^^^
    |
    = note: `IpPayload` has a derived impl for the trait `Debug`, but this is intentionally ignored during dead code analysis

warning: method `is_solicited_node_multicast` is never used
   --> /home/daivy/projects/serial/work/StarryOS/crates/smoltcp/src/wire/ipv6.rs:125:8
    |
 80 | pub(crate) trait AddressExt {
    |                  ---------- method in this trait
...
125 |     fn is_solicited_node_multicast(&self) -> bool;
    |        ^^^^^^^^^^^^^^^^^^^^^^^^^^^

warning: method `emit_header` is never used
   --> /home/daivy/projects/serial/work/StarryOS/crates/smoltcp/src/wire/udp.rs:275:19
    |
232 | impl Repr {
    | --------- method in this implementation
...
275 |     pub(crate) fn emit_header<T>(&self, packet: &mut Packet<&mut T>, payload_len: usize)
    |                   ^^^^^^^^^^^


running 109 tests
[32m.(B[m[32m.(B[m[32m.(B[m[32m.(B[m[32m.(B[m[32m.(B[m[32m.(B[m[32m.(B[m[32m.(B[m[32m.(B[m[32m.(B[m[32m.(B[m[32m.(B[m[32m.(B[m[32m.(B[m[32m.(B[m[32m.(B[m[32m.(B[m[32m.(B[m[32m.(B[m[32m.(B[m[32m.(B[m[32m.(B[m[32m.(B[m[32m.(B[m[32m.(B[m[32m.(B[m[32m.(B[m[32m.(B[m[32m.(B[m[32m.(B[m[32m.(B[m[32m.(B[m[32m.(B[m[32m.(B[m[32m.(B[m[32m.(B[m[32m.(B[m[32m.(B[m[32m.(B[m[32m.(B[m[32m.(B[m[32m.(B[m[32m.(B[m[32m.(B[m[32m.(B[m[32m.(B[m[32m.(B[m[32m.(B[m[32m.(B[m[32m.(B[m[32m.(B[m[32m.(B[m[32m.(B[m[32m.(B[m[32m.(B[m[32m.(B[m[32m.(B[m[32m.(B[m[32m.(B[m[32m.(B[m[32m.(B[m[32m.(B[m[32m.(B[m[32m.(B[m[32m.(B[m[32m.(B[m[32m.(B[m[32m.(B[m[32m.(B[m[32m.(B[m[32m.(B[m[32m.(B[m[32m.(B[m[32m.(B[m[32m.(B[m[32m.(B[m[32m.(B[m[32m.(B[m[32m.(B[m[32m.(B[m[32m.(B[m[32m.(B[m[32m.(B[m[32m.(B[m[32m.(B[m[32m.(B[m 87/109
[32m.(B[m[32m.(B[m[32m.(B[m[32m.(B[m[32m.(B[m[32m.(B[m[32m.(B[m[32m.(B[m[32m.(B[m[32m.(B[m[32m.(B[m[32m.(B[m[32m.(B[m[32m.(B[m[32m.(B[m[32m.(B[m[32m.(B[m[32m.(B[m[32m.(B[m[32m.(B[m[32m.(B[m[32m.(B[m
test result: [32mok(B[m. 109 passed; 0 failed; 0 ignored; 0 measured; 0 filtered out; finished in 0.02s

warning: `/home/daivy/.cargo/config` is deprecated in favor of `config.toml`
  |
  = help: if you need to support cargo 1.38 or earlier, you can symlink `config` to `config.toml`
warning: unused import: `crate::iface::Route`
 --> /home/daivy/projects/serial/work/StarryOS/crates/smoltcp/src/iface/interface/ipv6.rs:3:5
  |
3 | use crate::iface::Route;
  |     ^^^^^^^^^^^^^^^^^^^
  |
  = note: `#[warn(unused_imports)]` (part of `#[warn(unused)]`) on by default

warning: unused import: `super::fragmentation::PacketAssemblerSet`
  --> /home/daivy/projects/serial/work/StarryOS/crates/smoltcp/src/iface/interface/mod.rs:35:5
   |
35 | use super::fragmentation::PacketAssemblerSet;
   |     ^^^^^^^^^^^^^^^^^^^^^^^^^^^^^^^^^^^^^^^^

warning: unused imports: `IFACE_MAX_PREFIX_COUNT` and `IFACE_MAX_SIXLOWPAN_ADDRESS_CONTEXT_COUNT`
  --> /home/daivy/projects/serial/work/StarryOS/crates/smoltcp/src/iface/interface/mod.rs:42:27
   |
42 |     IFACE_MAX_ADDR_COUNT, IFACE_MAX_PREFIX_COUNT, IFACE_MAX_SIXLOWPAN_ADDRESS_CONTEXT_COUNT,
   |                           ^^^^^^^^^^^^^^^^^^^^^^  ^^^^^^^^^^^^^^^^^^^^^^^^^^^^^^^^^^^^^^^^^

warning: variable does not need to be mutable
   --> /home/daivy/projects/serial/work/StarryOS/crates/smoltcp/src/iface/interface/ipv4.rs:103:13
    |
103 |         let mut ipv4_repr = check!(Ipv4Repr::parse(ipv4_packet, &self.caps.checksum));
    |             ----^^^^^^^^^
    |             |
    |             help: remove this `mut`
    |
    = note: `#[warn(unused_mut)]` (part of `#[warn(unused)]`) on by default

warning: unused variable: `frag`
   --> /home/daivy/projects/serial/work/StarryOS/crates/smoltcp/src/iface/interface/ipv4.rs:101:9
    |
101 |         frag: &'a mut FragmentsBuffer,
    |         ^^^^ help: if this is intentional, prefix it with an underscore: `_frag`
    |
    = note: `#[warn(unused_variables)]` (part of `#[warn(unused)]`) on by default

warning: unused variable: `repr`
    --> /home/daivy/projects/serial/work/StarryOS/crates/smoltcp/src/iface/interface/mod.rs:1274:26
     |
1274 |             IpRepr::Ipv4(repr) => {
     |                          ^^^^ help: if this is intentional, prefix it with an underscore: `_repr`

warning: variable does not need to be mutable
   --> /home/daivy/projects/serial/work/StarryOS/crates/smoltcp/src/socket/dns.rs:247:13
    |
247 |         let mut mdns = MulticastDns::Disabled;
    |             ----^^^^
    |             |
    |             help: remove this `mut`

warning: methods `link_local_ipv6_address` and `mldv2_report_packet` are never used
   --> /home/daivy/projects/serial/work/StarryOS/crates/smoltcp/src/iface/interface/ipv6.rs:173:8
    |
 23 | impl InterfaceInner {
    | ------------------- methods in this implementation
...
173 |     fn link_local_ipv6_address(&self) -> Option<Ipv6Address> {
    |        ^^^^^^^^^^^^^^^^^^^^^^^
...
565 |     pub(super) fn mldv2_report_packet<'any>(
    |                   ^^^^^^^^^^^^^^^^^^^
    |
    = note: `#[warn(dead_code)]` (part of `#[warn(unused)]`) on by default

warning: variant `HopByHopIcmpv6` is never constructed
   --> /home/daivy/projects/serial/work/StarryOS/crates/smoltcp/src/iface/packet.rs:218:5
    |
210 | pub(crate) enum IpPayload<'p> {
    |                 --------- variant in this enum
...
218 |     HopByHopIcmpv6(Ipv6HopByHopRepr<'p>, Icmpv6Repr<'p>),
    |     ^^^^^^^^^^^^^^
    |
    = note: `IpPayload` has a derived impl for the trait `Debug`, but this is intentionally ignored during dead code analysis

warning: method `is_solicited_node_multicast` is never used
   --> /home/daivy/projects/serial/work/StarryOS/crates/smoltcp/src/wire/ipv6.rs:125:8
    |
 80 | pub(crate) trait AddressExt {
    |                  ---------- method in this trait
...
125 |     fn is_solicited_node_multicast(&self) -> bool;
    |        ^^^^^^^^^^^^^^^^^^^^^^^^^^^

warning: method `emit_header` is never used
   --> /home/daivy/projects/serial/work/StarryOS/crates/smoltcp/src/wire/udp.rs:275:19
    |
232 | impl Repr {
    | --------- method in this implementation
...
275 |     pub(crate) fn emit_header<T>(&self, packet: &mut Packet<&mut T>, payload_len: usize)
    |                   ^^^^^^^^^^^


running 109 tests
[32m.(B[m[32m.(B[m[32m.(B[m[32m.(B[m[32m.(B[m[32m.(B[m[32m.(B[m[32m.(B[m[32m.(B[m[32m.(B[m[32m.(B[m[32m.(B[m[32m.(B[m[32m.(B[m[32m.(B[m[32m.(B[m[32m.(B[m[32m.(B[m[32m.(B[m[32m.(B[m[32m.(B[m[32m.(B[m[32m.(B[m[32m.(B[m[32m.(B[m[32m.(B[m[32m.(B[m[32m.(B[m[32m.(B[m[32m.(B[m[32m.(B[m[32m.(B[m[32m.(B[m[32m.(B[m[32m.(B[m[32m.(B[m[32m.(B[m[32m.(B[m[32m.(B[m[32m.(B[m[32m.(B[m[32m.(B[m[32m.(B[m[32m.(B[m[32m.(B[m[32m.(B[m[32m.(B[m[32m.(B[m[32m.(B[m[32m.(B[m[32m.(B[m[32m.(B[m[32m.(B[m[32m.(B[m[32m.(B[m[32m.(B[m[32m.(B[m[32m.(B[m[32m.(B[m[32m.(B[m[32m.(B[m[32m.(B[m[32m.(B[m[32m.(B[m[32m.(B[m[32m.(B[m[32m.(B[m[32m.(B[m[32m.(B[m[32m.(B[m[32m.(B[m[32m.(B[m[32m.(B[m[32m.(B[m[32m.(B[m[32m.(B[m[32m.(B[m[32m.(B[m[32m.(B[m[32m.(B[m[32m.(B[m[32m.(B[m[32m.(B[m[32m.(B[m[32m.(B[m[32m.(B[m[32m.(B[m 87/109
[32m.(B[m[32m.(B[m[32m.(B[m[32m.(B[m[32m.(B[m[32m.(B[m[32m.(B[m[32m.(B[m[32m.(B[m[32m.(B[m[32m.(B[m[32m.(B[m[32m.(B[m[32m.(B[m[32m.(B[m[32m.(B[m[32m.(B[m[32m.(B[m[32m.(B[m[32m.(B[m[32m.(B[m[32m.(B[m
test result: [32mok(B[m. 109 passed; 0 failed; 0 ignored; 0 measured; 0 filtered out; finished in 0.02s

warning: `/home/daivy/.cargo/config` is deprecated in favor of `config.toml`
  |
  = help: if you need to support cargo 1.38 or earlier, you can symlink `config` to `config.toml`
warning: unused import: `crate::iface::Route`
 --> /home/daivy/projects/serial/work/StarryOS/crates/smoltcp/src/iface/interface/ipv6.rs:3:5
  |
3 | use crate::iface::Route;
  |     ^^^^^^^^^^^^^^^^^^^
  |
  = note: `#[warn(unused_imports)]` (part of `#[warn(unused)]`) on by default

warning: unused import: `super::fragmentation::PacketAssemblerSet`
  --> /home/daivy/projects/serial/work/StarryOS/crates/smoltcp/src/iface/interface/mod.rs:35:5
   |
35 | use super::fragmentation::PacketAssemblerSet;
   |     ^^^^^^^^^^^^^^^^^^^^^^^^^^^^^^^^^^^^^^^^

warning: unused imports: `IFACE_MAX_PREFIX_COUNT` and `IFACE_MAX_SIXLOWPAN_ADDRESS_CONTEXT_COUNT`
  --> /home/daivy/projects/serial/work/StarryOS/crates/smoltcp/src/iface/interface/mod.rs:42:27
   |
42 |     IFACE_MAX_ADDR_COUNT, IFACE_MAX_PREFIX_COUNT, IFACE_MAX_SIXLOWPAN_ADDRESS_CONTEXT_COUNT,
   |                           ^^^^^^^^^^^^^^^^^^^^^^  ^^^^^^^^^^^^^^^^^^^^^^^^^^^^^^^^^^^^^^^^^

warning: variable does not need to be mutable
   --> /home/daivy/projects/serial/work/StarryOS/crates/smoltcp/src/iface/interface/ipv4.rs:103:13
    |
103 |         let mut ipv4_repr = check!(Ipv4Repr::parse(ipv4_packet, &self.caps.checksum));
    |             ----^^^^^^^^^
    |             |
    |             help: remove this `mut`
    |
    = note: `#[warn(unused_mut)]` (part of `#[warn(unused)]`) on by default

warning: unused variable: `frag`
   --> /home/daivy/projects/serial/work/StarryOS/crates/smoltcp/src/iface/interface/ipv4.rs:101:9
    |
101 |         frag: &'a mut FragmentsBuffer,
    |         ^^^^ help: if this is intentional, prefix it with an underscore: `_frag`
    |
    = note: `#[warn(unused_variables)]` (part of `#[warn(unused)]`) on by default

warning: unused variable: `repr`
    --> /home/daivy/projects/serial/work/StarryOS/crates/smoltcp/src/iface/interface/mod.rs:1274:26
     |
1274 |             IpRepr::Ipv4(repr) => {
     |                          ^^^^ help: if this is intentional, prefix it with an underscore: `_repr`

warning: variable does not need to be mutable
   --> /home/daivy/projects/serial/work/StarryOS/crates/smoltcp/src/socket/dns.rs:247:13
    |
247 |         let mut mdns = MulticastDns::Disabled;
    |             ----^^^^
    |             |
    |             help: remove this `mut`

warning: methods `link_local_ipv6_address` and `mldv2_report_packet` are never used
   --> /home/daivy/projects/serial/work/StarryOS/crates/smoltcp/src/iface/interface/ipv6.rs:173:8
    |
 23 | impl InterfaceInner {
    | ------------------- methods in this implementation
...
173 |     fn link_local_ipv6_address(&self) -> Option<Ipv6Address> {
    |        ^^^^^^^^^^^^^^^^^^^^^^^
...
565 |     pub(super) fn mldv2_report_packet<'any>(
    |                   ^^^^^^^^^^^^^^^^^^^
    |
    = note: `#[warn(dead_code)]` (part of `#[warn(unused)]`) on by default

warning: variant `HopByHopIcmpv6` is never constructed
   --> /home/daivy/projects/serial/work/StarryOS/crates/smoltcp/src/iface/packet.rs:218:5
    |
210 | pub(crate) enum IpPayload<'p> {
    |                 --------- variant in this enum
...
218 |     HopByHopIcmpv6(Ipv6HopByHopRepr<'p>, Icmpv6Repr<'p>),
    |     ^^^^^^^^^^^^^^
    |
    = note: `IpPayload` has a derived impl for the trait `Debug`, but this is intentionally ignored during dead code analysis

warning: method `is_solicited_node_multicast` is never used
   --> /home/daivy/projects/serial/work/StarryOS/crates/smoltcp/src/wire/ipv6.rs:125:8
    |
 80 | pub(crate) trait AddressExt {
    |                  ---------- method in this trait
...
125 |     fn is_solicited_node_multicast(&self) -> bool;
    |        ^^^^^^^^^^^^^^^^^^^^^^^^^^^

warning: method `emit_header` is never used
   --> /home/daivy/projects/serial/work/StarryOS/crates/smoltcp/src/wire/udp.rs:275:19
    |
232 | impl Repr {
    | --------- method in this implementation
...
275 |     pub(crate) fn emit_header<T>(&self, packet: &mut Packet<&mut T>, payload_len: usize)
    |                   ^^^^^^^^^^^


running 109 tests
[32m.(B[m[32m.(B[m[32m.(B[m[32m.(B[m[32m.(B[m[32m.(B[m[32m.(B[m[32m.(B[m[32m.(B[m[32m.(B[m[32m.(B[m[32m.(B[m[32m.(B[m[32m.(B[m[32m.(B[m[32m.(B[m[32m.(B[m[32m.(B[m[32m.(B[m[32m.(B[m[32m.(B[m[32m.(B[m[32m.(B[m[32m.(B[m[32m.(B[m[32m.(B[m[32m.(B[m[32m.(B[m[32m.(B[m[32m.(B[m[32m.(B[m[32m.(B[m[32m.(B[m[32m.(B[m[32m.(B[m[32m.(B[m[32m.(B[m[32m.(B[m[32m.(B[m[32m.(B[m[32m.(B[m[32m.(B[m[32m.(B[m[32m.(B[m[32m.(B[m[32m.(B[m[32m.(B[m[32m.(B[m[32m.(B[m[32m.(B[m[32m.(B[m[32m.(B[m[32m.(B[m[32m.(B[m[32m.(B[m[32m.(B[m[32m.(B[m[32m.(B[m[32m.(B[m[32m.(B[m[32m.(B[m[32m.(B[m[32m.(B[m[32m.(B[m[32m.(B[m[32m.(B[m[32m.(B[m[32m.(B[m[32m.(B[m[32m.(B[m[32m.(B[m[32m.(B[m[32m.(B[m[32m.(B[m[32m.(B[m[32m.(B[m[32m.(B[m[32m.(B[m[32m.(B[m[32m.(B[m[32m.(B[m[32m.(B[m[32m.(B[m[32m.(B[m[32m.(B[m[32m.(B[m[32m.(B[m 87/109
[32m.(B[m[32m.(B[m[32m.(B[m[32m.(B[m[32m.(B[m[32m.(B[m[32m.(B[m[32m.(B[m[32m.(B[m[32m.(B[m[32m.(B[m[32m.(B[m[32m.(B[m[32m.(B[m[32m.(B[m[32m.(B[m[32m.(B[m[32m.(B[m[32m.(B[m[32m.(B[m[32m.(B[m[32m.(B[m
test result: [32mok(B[m. 109 passed; 0 failed; 0 ignored; 0 measured; 0 filtered out; finished in 0.01s

warning: `/home/daivy/.cargo/config` is deprecated in favor of `config.toml`
  |
  = help: if you need to support cargo 1.38 or earlier, you can symlink `config` to `config.toml`
warning: unused import: `crate::iface::Route`
 --> /home/daivy/projects/serial/work/StarryOS/crates/smoltcp/src/iface/interface/ipv6.rs:3:5
  |
3 | use crate::iface::Route;
  |     ^^^^^^^^^^^^^^^^^^^
  |
  = note: `#[warn(unused_imports)]` (part of `#[warn(unused)]`) on by default

warning: unused import: `super::fragmentation::PacketAssemblerSet`
  --> /home/daivy/projects/serial/work/StarryOS/crates/smoltcp/src/iface/interface/mod.rs:35:5
   |
35 | use super::fragmentation::PacketAssemblerSet;
   |     ^^^^^^^^^^^^^^^^^^^^^^^^^^^^^^^^^^^^^^^^

warning: unused imports: `IFACE_MAX_PREFIX_COUNT` and `IFACE_MAX_SIXLOWPAN_ADDRESS_CONTEXT_COUNT`
  --> /home/daivy/projects/serial/work/StarryOS/crates/smoltcp/src/iface/interface/mod.rs:42:27
   |
42 |     IFACE_MAX_ADDR_COUNT, IFACE_MAX_PREFIX_COUNT, IFACE_MAX_SIXLOWPAN_ADDRESS_CONTEXT_COUNT,
   |                           ^^^^^^^^^^^^^^^^^^^^^^  ^^^^^^^^^^^^^^^^^^^^^^^^^^^^^^^^^^^^^^^^^

warning: variable does not need to be mutable
   --> /home/daivy/projects/serial/work/StarryOS/crates/smoltcp/src/iface/interface/ipv4.rs:103:13
    |
103 |         let mut ipv4_repr = check!(Ipv4Repr::parse(ipv4_packet, &self.caps.checksum));
    |             ----^^^^^^^^^
    |             |
    |             help: remove this `mut`
    |
    = note: `#[warn(unused_mut)]` (part of `#[warn(unused)]`) on by default

warning: unused variable: `frag`
   --> /home/daivy/projects/serial/work/StarryOS/crates/smoltcp/src/iface/interface/ipv4.rs:101:9
    |
101 |         frag: &'a mut FragmentsBuffer,
    |         ^^^^ help: if this is intentional, prefix it with an underscore: `_frag`
    |
    = note: `#[warn(unused_variables)]` (part of `#[warn(unused)]`) on by default

warning: unused variable: `repr`
    --> /home/daivy/projects/serial/work/StarryOS/crates/smoltcp/src/iface/interface/mod.rs:1274:26
     |
1274 |             IpRepr::Ipv4(repr) => {
     |                          ^^^^ help: if this is intentional, prefix it with an underscore: `_repr`

warning: variable does not need to be mutable
   --> /home/daivy/projects/serial/work/StarryOS/crates/smoltcp/src/socket/dns.rs:247:13
    |
247 |         let mut mdns = MulticastDns::Disabled;
    |             ----^^^^
    |             |
    |             help: remove this `mut`

warning: methods `link_local_ipv6_address` and `mldv2_report_packet` are never used
   --> /home/daivy/projects/serial/work/StarryOS/crates/smoltcp/src/iface/interface/ipv6.rs:173:8
    |
 23 | impl InterfaceInner {
    | ------------------- methods in this implementation
...
173 |     fn link_local_ipv6_address(&self) -> Option<Ipv6Address> {
    |        ^^^^^^^^^^^^^^^^^^^^^^^
...
565 |     pub(super) fn mldv2_report_packet<'any>(
    |                   ^^^^^^^^^^^^^^^^^^^
    |
    = note: `#[warn(dead_code)]` (part of `#[warn(unused)]`) on by default

warning: variant `HopByHopIcmpv6` is never constructed
   --> /home/daivy/projects/serial/work/StarryOS/crates/smoltcp/src/iface/packet.rs:218:5
    |
210 | pub(crate) enum IpPayload<'p> {
    |                 --------- variant in this enum
...
218 |     HopByHopIcmpv6(Ipv6HopByHopRepr<'p>, Icmpv6Repr<'p>),
    |     ^^^^^^^^^^^^^^
    |
    = note: `IpPayload` has a derived impl for the trait `Debug`, but this is intentionally ignored during dead code analysis

warning: method `is_solicited_node_multicast` is never used
   --> /home/daivy/projects/serial/work/StarryOS/crates/smoltcp/src/wire/ipv6.rs:125:8
    |
 80 | pub(crate) trait AddressExt {
    |                  ---------- method in this trait
...
125 |     fn is_solicited_node_multicast(&self) -> bool;
    |        ^^^^^^^^^^^^^^^^^^^^^^^^^^^

warning: method `emit_header` is never used
   --> /home/daivy/projects/serial/work/StarryOS/crates/smoltcp/src/wire/udp.rs:275:19
    |
232 | impl Repr {
    | --------- method in this implementation
...
275 |     pub(crate) fn emit_header<T>(&self, packet: &mut Packet<&mut T>, payload_len: usize)
    |                   ^^^^^^^^^^^


running 109 tests
[32m.(B[m[32m.(B[m[32m.(B[m[32m.(B[m[32m.(B[m[32m.(B[m[32m.(B[m[32m.(B[m[32m.(B[m[32m.(B[m[32m.(B[m[32m.(B[m[32m.(B[m[32m.(B[m[32m.(B[m[32m.(B[m[32m.(B[m[32m.(B[m[32m.(B[m[32m.(B[m[32m.(B[m[32m.(B[m[32m.(B[m[32m.(B[m[32m.(B[m[32m.(B[m[32m.(B[m[32m.(B[m[32m.(B[m[32m.(B[m[32m.(B[m[32m.(B[m[32m.(B[m[32m.(B[m[32m.(B[m[32m.(B[m[32m.(B[m[32m.(B[m[32m.(B[m[32m.(B[m[32m.(B[m[32m.(B[m[32m.(B[m[32m.(B[m[32m.(B[m[32m.(B[m[32m.(B[m[32m.(B[m[32m.(B[m[32m.(B[m[32m.(B[m[32m.(B[m[32m.(B[m[32m.(B[m[32m.(B[m[32m.(B[m[32m.(B[m[32m.(B[m[32m.(B[m[32m.(B[m[32m.(B[m[32m.(B[m[32m.(B[m[32m.(B[m[32m.(B[m[32m.(B[m[32m.(B[m[32m.(B[m[32m.(B[m[32m.(B[m[32m.(B[m[32m.(B[m[32m.(B[m[32m.(B[m[32m.(B[m[32m.(B[m[32m.(B[m[32m.(B[m[32m.(B[m[32m.(B[m[32m.(B[m[32m.(B[m[32m.(B[m[32m.(B[m[32m.(B[m[32m.(B[m[32m.(B[m 87/109
[32m.(B[m[32m.(B[m[32m.(B[m[32m.(B[m[32m.(B[m[32m.(B[m[32m.(B[m[32m.(B[m[32m.(B[m[32m.(B[m[32m.(B[m[32m.(B[m[32m.(B[m[32m.(B[m[32m.(B[m[32m.(B[m[32m.(B[m[32m.(B[m[32m.(B[m[32m.(B[m[32m.(B[m[32m.(B[m
test result: [32mok(B[m. 109 passed; 0 failed; 0 ignored; 0 measured; 0 filtered out; finished in 0.02s

warning: `/home/daivy/.cargo/config` is deprecated in favor of `config.toml`
  |
  = help: if you need to support cargo 1.38 or earlier, you can symlink `config` to `config.toml`
warning: unused import: `crate::iface::Route`
 --> /home/daivy/projects/serial/work/StarryOS/crates/smoltcp/src/iface/interface/ipv6.rs:3:5
  |
3 | use crate::iface::Route;
  |     ^^^^^^^^^^^^^^^^^^^
  |
  = note: `#[warn(unused_imports)]` (part of `#[warn(unused)]`) on by default

warning: unused import: `super::fragmentation::PacketAssemblerSet`
  --> /home/daivy/projects/serial/work/StarryOS/crates/smoltcp/src/iface/interface/mod.rs:35:5
   |
35 | use super::fragmentation::PacketAssemblerSet;
   |     ^^^^^^^^^^^^^^^^^^^^^^^^^^^^^^^^^^^^^^^^

warning: unused imports: `IFACE_MAX_PREFIX_COUNT` and `IFACE_MAX_SIXLOWPAN_ADDRESS_CONTEXT_COUNT`
  --> /home/daivy/projects/serial/work/StarryOS/crates/smoltcp/src/iface/interface/mod.rs:42:27
   |
42 |     IFACE_MAX_ADDR_COUNT, IFACE_MAX_PREFIX_COUNT, IFACE_MAX_SIXLOWPAN_ADDRESS_CONTEXT_COUNT,
   |                           ^^^^^^^^^^^^^^^^^^^^^^  ^^^^^^^^^^^^^^^^^^^^^^^^^^^^^^^^^^^^^^^^^

warning: variable does not need to be mutable
   --> /home/daivy/projects/serial/work/StarryOS/crates/smoltcp/src/iface/interface/ipv4.rs:103:13
    |
103 |         let mut ipv4_repr = check!(Ipv4Repr::parse(ipv4_packet, &self.caps.checksum));
    |             ----^^^^^^^^^
    |             |
    |             help: remove this `mut`
    |
    = note: `#[warn(unused_mut)]` (part of `#[warn(unused)]`) on by default

warning: unused variable: `frag`
   --> /home/daivy/projects/serial/work/StarryOS/crates/smoltcp/src/iface/interface/ipv4.rs:101:9
    |
101 |         frag: &'a mut FragmentsBuffer,
    |         ^^^^ help: if this is intentional, prefix it with an underscore: `_frag`
    |
    = note: `#[warn(unused_variables)]` (part of `#[warn(unused)]`) on by default

warning: unused variable: `repr`
    --> /home/daivy/projects/serial/work/StarryOS/crates/smoltcp/src/iface/interface/mod.rs:1274:26
     |
1274 |             IpRepr::Ipv4(repr) => {
     |                          ^^^^ help: if this is intentional, prefix it with an underscore: `_repr`

warning: variable does not need to be mutable
   --> /home/daivy/projects/serial/work/StarryOS/crates/smoltcp/src/socket/dns.rs:247:13
    |
247 |         let mut mdns = MulticastDns::Disabled;
    |             ----^^^^
    |             |
    |             help: remove this `mut`

warning: methods `link_local_ipv6_address` and `mldv2_report_packet` are never used
   --> /home/daivy/projects/serial/work/StarryOS/crates/smoltcp/src/iface/interface/ipv6.rs:173:8
    |
 23 | impl InterfaceInner {
    | ------------------- methods in this implementation
...
173 |     fn link_local_ipv6_address(&self) -> Option<Ipv6Address> {
    |        ^^^^^^^^^^^^^^^^^^^^^^^
...
565 |     pub(super) fn mldv2_report_packet<'any>(
    |                   ^^^^^^^^^^^^^^^^^^^
    |
    = note: `#[warn(dead_code)]` (part of `#[warn(unused)]`) on by default

warning: variant `HopByHopIcmpv6` is never constructed
   --> /home/daivy/projects/serial/work/StarryOS/crates/smoltcp/src/iface/packet.rs:218:5
    |
210 | pub(crate) enum IpPayload<'p> {
    |                 --------- variant in this enum
...
218 |     HopByHopIcmpv6(Ipv6HopByHopRepr<'p>, Icmpv6Repr<'p>),
    |     ^^^^^^^^^^^^^^
    |
    = note: `IpPayload` has a derived impl for the trait `Debug`, but this is intentionally ignored during dead code analysis

warning: method `is_solicited_node_multicast` is never used
   --> /home/daivy/projects/serial/work/StarryOS/crates/smoltcp/src/wire/ipv6.rs:125:8
    |
 80 | pub(crate) trait AddressExt {
    |                  ---------- method in this trait
...
125 |     fn is_solicited_node_multicast(&self) -> bool;
    |        ^^^^^^^^^^^^^^^^^^^^^^^^^^^

warning: method `emit_header` is never used
   --> /home/daivy/projects/serial/work/StarryOS/crates/smoltcp/src/wire/udp.rs:275:19
    |
232 | impl Repr {
    | --------- method in this implementation
...
275 |     pub(crate) fn emit_header<T>(&self, packet: &mut Packet<&mut T>, payload_len: usize)
    |                   ^^^^^^^^^^^


running 109 tests
[32m.(B[m[32m.(B[m[32m.(B[m[32m.(B[m[32m.(B[m[32m.(B[m[32m.(B[m[32m.(B[m[32m.(B[m[32m.(B[m[32m.(B[m[32m.(B[m[32m.(B[m[32m.(B[m[32m.(B[m[32m.(B[m[32m.(B[m[32m.(B[m[32m.(B[m[32m.(B[m[32m.(B[m[32m.(B[m[32m.(B[m[32m.(B[m[32m.(B[m[32m.(B[m[32m.(B[m[32m.(B[m[32m.(B[m[32m.(B[m[32m.(B[m[32m.(B[m[32m.(B[m[32m.(B[m[32m.(B[m[32m.(B[m[32m.(B[m[32m.(B[m[32m.(B[m[32m.(B[m[32m.(B[m[32m.(B[m[32m.(B[m[32m.(B[m[32m.(B[m[32m.(B[m[32m.(B[m[32m.(B[m[32m.(B[m[32m.(B[m[32m.(B[m[32m.(B[m[32m.(B[m[32m.(B[m[32m.(B[m[32m.(B[m[32m.(B[m[32m.(B[m[32m.(B[m[32m.(B[m[32m.(B[m[32m.(B[m[32m.(B[m[32m.(B[m[32m.(B[m[32m.(B[m[32m.(B[m[32m.(B[m[32m.(B[m[32m.(B[m[32m.(B[m[32m.(B[m[32m.(B[m[32m.(B[m[32m.(B[m[32m.(B[m[32m.(B[m[32m.(B[m[32m.(B[m[32m.(B[m[32m.(B[m[32m.(B[m[32m.(B[m[32m.(B[m[32m.(B[m[32m.(B[m[32m.(B[m 87/109
[32m.(B[m[32m.(B[m[32m.(B[m[32m.(B[m[32m.(B[m[32m.(B[m[32m.(B[m[32m.(B[m[32m.(B[m[32m.(B[m[32m.(B[m[32m.(B[m[32m.(B[m[32m.(B[m[32m.(B[m[32m.(B[m[32m.(B[m[32m.(B[m[32m.(B[m[32m.(B[m[32m.(B[m[32m.(B[m
test result: [32mok(B[m. 109 passed; 0 failed; 0 ignored; 0 measured; 0 filtered out; finished in 0.02s

warning: `/home/daivy/.cargo/config` is deprecated in favor of `config.toml`
  |
  = help: if you need to support cargo 1.38 or earlier, you can symlink `config` to `config.toml`
warning: unused import: `crate::iface::Route`
 --> /home/daivy/projects/serial/work/StarryOS/crates/smoltcp/src/iface/interface/ipv6.rs:3:5
  |
3 | use crate::iface::Route;
  |     ^^^^^^^^^^^^^^^^^^^
  |
  = note: `#[warn(unused_imports)]` (part of `#[warn(unused)]`) on by default

warning: unused import: `super::fragmentation::PacketAssemblerSet`
  --> /home/daivy/projects/serial/work/StarryOS/crates/smoltcp/src/iface/interface/mod.rs:35:5
   |
35 | use super::fragmentation::PacketAssemblerSet;
   |     ^^^^^^^^^^^^^^^^^^^^^^^^^^^^^^^^^^^^^^^^

warning: unused imports: `IFACE_MAX_PREFIX_COUNT` and `IFACE_MAX_SIXLOWPAN_ADDRESS_CONTEXT_COUNT`
  --> /home/daivy/projects/serial/work/StarryOS/crates/smoltcp/src/iface/interface/mod.rs:42:27
   |
42 |     IFACE_MAX_ADDR_COUNT, IFACE_MAX_PREFIX_COUNT, IFACE_MAX_SIXLOWPAN_ADDRESS_CONTEXT_COUNT,
   |                           ^^^^^^^^^^^^^^^^^^^^^^  ^^^^^^^^^^^^^^^^^^^^^^^^^^^^^^^^^^^^^^^^^

warning: variable does not need to be mutable
   --> /home/daivy/projects/serial/work/StarryOS/crates/smoltcp/src/iface/interface/ipv4.rs:103:13
    |
103 |         let mut ipv4_repr = check!(Ipv4Repr::parse(ipv4_packet, &self.caps.checksum));
    |             ----^^^^^^^^^
    |             |
    |             help: remove this `mut`
    |
    = note: `#[warn(unused_mut)]` (part of `#[warn(unused)]`) on by default

warning: unused variable: `frag`
   --> /home/daivy/projects/serial/work/StarryOS/crates/smoltcp/src/iface/interface/ipv4.rs:101:9
    |
101 |         frag: &'a mut FragmentsBuffer,
    |         ^^^^ help: if this is intentional, prefix it with an underscore: `_frag`
    |
    = note: `#[warn(unused_variables)]` (part of `#[warn(unused)]`) on by default

warning: unused variable: `repr`
    --> /home/daivy/projects/serial/work/StarryOS/crates/smoltcp/src/iface/interface/mod.rs:1274:26
     |
1274 |             IpRepr::Ipv4(repr) => {
     |                          ^^^^ help: if this is intentional, prefix it with an underscore: `_repr`

warning: variable does not need to be mutable
   --> /home/daivy/projects/serial/work/StarryOS/crates/smoltcp/src/socket/dns.rs:247:13
    |
247 |         let mut mdns = MulticastDns::Disabled;
    |             ----^^^^
    |             |
    |             help: remove this `mut`

warning: methods `link_local_ipv6_address` and `mldv2_report_packet` are never used
   --> /home/daivy/projects/serial/work/StarryOS/crates/smoltcp/src/iface/interface/ipv6.rs:173:8
    |
 23 | impl InterfaceInner {
    | ------------------- methods in this implementation
...
173 |     fn link_local_ipv6_address(&self) -> Option<Ipv6Address> {
    |        ^^^^^^^^^^^^^^^^^^^^^^^
...
565 |     pub(super) fn mldv2_report_packet<'any>(
    |                   ^^^^^^^^^^^^^^^^^^^
    |
    = note: `#[warn(dead_code)]` (part of `#[warn(unused)]`) on by default

warning: variant `HopByHopIcmpv6` is never constructed
   --> /home/daivy/projects/serial/work/StarryOS/crates/smoltcp/src/iface/packet.rs:218:5
    |
210 | pub(crate) enum IpPayload<'p> {
    |                 --------- variant in this enum
...
218 |     HopByHopIcmpv6(Ipv6HopByHopRepr<'p>, Icmpv6Repr<'p>),
    |     ^^^^^^^^^^^^^^
    |
    = note: `IpPayload` has a derived impl for the trait `Debug`, but this is intentionally ignored during dead code analysis

warning: method `is_solicited_node_multicast` is never used
   --> /home/daivy/projects/serial/work/StarryOS/crates/smoltcp/src/wire/ipv6.rs:125:8
    |
 80 | pub(crate) trait AddressExt {
    |                  ---------- method in this trait
...
125 |     fn is_solicited_node_multicast(&self) -> bool;
    |        ^^^^^^^^^^^^^^^^^^^^^^^^^^^

warning: method `emit_header` is never used
   --> /home/daivy/projects/serial/work/StarryOS/crates/smoltcp/src/wire/udp.rs:275:19
    |
232 | impl Repr {
    | --------- method in this implementation
...
275 |     pub(crate) fn emit_header<T>(&self, packet: &mut Packet<&mut T>, payload_len: usize)
    |                   ^^^^^^^^^^^


running 109 tests
[32m.(B[m[32m.(B[m[32m.(B[m[32m.(B[m[32m.(B[m[32m.(B[m[32m.(B[m[32m.(B[m[32m.(B[m[32m.(B[m[32m.(B[m[32m.(B[m[32m.(B[m[32m.(B[m[32m.(B[m[32m.(B[m[32m.(B[m[32m.(B[m[32m.(B[m[32m.(B[m[32m.(B[m[32m.(B[m[32m.(B[m[32m.(B[m[32m.(B[m[32m.(B[m[32m.(B[m[32m.(B[m[32m.(B[m[32m.(B[m[32m.(B[m[32m.(B[m[32m.(B[m[32m.(B[m[32m.(B[m[32m.(B[m[32m.(B[m[32m.(B[m[32m.(B[m[32m.(B[m[32m.(B[m[32m.(B[m[32m.(B[m[32m.(B[m[32m.(B[m[32m.(B[m[32m.(B[m[32m.(B[m[32m.(B[m[32m.(B[m[32m.(B[m[32m.(B[m[32m.(B[m[32m.(B[m[32m.(B[m[32m.(B[m[32m.(B[m[32m.(B[m[32m.(B[m[32m.(B[m[32m.(B[m[32m.(B[m[32m.(B[m[32m.(B[m[32m.(B[m[32m.(B[m[32m.(B[m[32m.(B[m[32m.(B[m[32m.(B[m[32m.(B[m[32m.(B[m[32m.(B[m[32m.(B[m[32m.(B[m[32m.(B[m[32m.(B[m[32m.(B[m[32m.(B[m[32m.(B[m[32m.(B[m[32m.(B[m[32m.(B[m[32m.(B[m[32m.(B[m[32m.(B[m[32m.(B[m 87/109
[32m.(B[m[32m.(B[m[32m.(B[m[32m.(B[m[32m.(B[m[32m.(B[m[32m.(B[m[32m.(B[m[32m.(B[m[32m.(B[m[32m.(B[m[32m.(B[m[32m.(B[m[32m.(B[m[32m.(B[m[32m.(B[m[32m.(B[m[32m.(B[m[32m.(B[m[32m.(B[m[32m.(B[m[32m.(B[m
test result: [32mok(B[m. 109 passed; 0 failed; 0 ignored; 0 measured; 0 filtered out; finished in 0.02s

warning: `/home/daivy/.cargo/config` is deprecated in favor of `config.toml`
  |
  = help: if you need to support cargo 1.38 or earlier, you can symlink `config` to `config.toml`
warning: unused import: `crate::iface::Route`
 --> /home/daivy/projects/serial/work/StarryOS/crates/smoltcp/src/iface/interface/ipv6.rs:3:5
  |
3 | use crate::iface::Route;
  |     ^^^^^^^^^^^^^^^^^^^
  |
  = note: `#[warn(unused_imports)]` (part of `#[warn(unused)]`) on by default

warning: unused import: `super::fragmentation::PacketAssemblerSet`
  --> /home/daivy/projects/serial/work/StarryOS/crates/smoltcp/src/iface/interface/mod.rs:35:5
   |
35 | use super::fragmentation::PacketAssemblerSet;
   |     ^^^^^^^^^^^^^^^^^^^^^^^^^^^^^^^^^^^^^^^^

warning: unused imports: `IFACE_MAX_PREFIX_COUNT` and `IFACE_MAX_SIXLOWPAN_ADDRESS_CONTEXT_COUNT`
  --> /home/daivy/projects/serial/work/StarryOS/crates/smoltcp/src/iface/interface/mod.rs:42:27
   |
42 |     IFACE_MAX_ADDR_COUNT, IFACE_MAX_PREFIX_COUNT, IFACE_MAX_SIXLOWPAN_ADDRESS_CONTEXT_COUNT,
   |                           ^^^^^^^^^^^^^^^^^^^^^^  ^^^^^^^^^^^^^^^^^^^^^^^^^^^^^^^^^^^^^^^^^

warning: variable does not need to be mutable
   --> /home/daivy/projects/serial/work/StarryOS/crates/smoltcp/src/iface/interface/ipv4.rs:103:13
    |
103 |         let mut ipv4_repr = check!(Ipv4Repr::parse(ipv4_packet, &self.caps.checksum));
    |             ----^^^^^^^^^
    |             |
    |             help: remove this `mut`
    |
    = note: `#[warn(unused_mut)]` (part of `#[warn(unused)]`) on by default

warning: unused variable: `frag`
   --> /home/daivy/projects/serial/work/StarryOS/crates/smoltcp/src/iface/interface/ipv4.rs:101:9
    |
101 |         frag: &'a mut FragmentsBuffer,
    |         ^^^^ help: if this is intentional, prefix it with an underscore: `_frag`
    |
    = note: `#[warn(unused_variables)]` (part of `#[warn(unused)]`) on by default

warning: unused variable: `repr`
    --> /home/daivy/projects/serial/work/StarryOS/crates/smoltcp/src/iface/interface/mod.rs:1274:26
     |
1274 |             IpRepr::Ipv4(repr) => {
     |                          ^^^^ help: if this is intentional, prefix it with an underscore: `_repr`

warning: variable does not need to be mutable
   --> /home/daivy/projects/serial/work/StarryOS/crates/smoltcp/src/socket/dns.rs:247:13
    |
247 |         let mut mdns = MulticastDns::Disabled;
    |             ----^^^^
    |             |
    |             help: remove this `mut`

warning: methods `link_local_ipv6_address` and `mldv2_report_packet` are never used
   --> /home/daivy/projects/serial/work/StarryOS/crates/smoltcp/src/iface/interface/ipv6.rs:173:8
    |
 23 | impl InterfaceInner {
    | ------------------- methods in this implementation
...
173 |     fn link_local_ipv6_address(&self) -> Option<Ipv6Address> {
    |        ^^^^^^^^^^^^^^^^^^^^^^^
...
565 |     pub(super) fn mldv2_report_packet<'any>(
    |                   ^^^^^^^^^^^^^^^^^^^
    |
    = note: `#[warn(dead_code)]` (part of `#[warn(unused)]`) on by default

warning: variant `HopByHopIcmpv6` is never constructed
   --> /home/daivy/projects/serial/work/StarryOS/crates/smoltcp/src/iface/packet.rs:218:5
    |
210 | pub(crate) enum IpPayload<'p> {
    |                 --------- variant in this enum
...
218 |     HopByHopIcmpv6(Ipv6HopByHopRepr<'p>, Icmpv6Repr<'p>),
    |     ^^^^^^^^^^^^^^
    |
    = note: `IpPayload` has a derived impl for the trait `Debug`, but this is intentionally ignored during dead code analysis

warning: method `is_solicited_node_multicast` is never used
   --> /home/daivy/projects/serial/work/StarryOS/crates/smoltcp/src/wire/ipv6.rs:125:8
    |
 80 | pub(crate) trait AddressExt {
    |                  ---------- method in this trait
...
125 |     fn is_solicited_node_multicast(&self) -> bool;
    |        ^^^^^^^^^^^^^^^^^^^^^^^^^^^

warning: method `emit_header` is never used
   --> /home/daivy/projects/serial/work/StarryOS/crates/smoltcp/src/wire/udp.rs:275:19
    |
232 | impl Repr {
    | --------- method in this implementation
...
275 |     pub(crate) fn emit_header<T>(&self, packet: &mut Packet<&mut T>, payload_len: usize)
    |                   ^^^^^^^^^^^


running 109 tests
[32m.(B[m[32m.(B[m[32m.(B[m[32m.(B[m[32m.(B[m[32m.(B[m[32m.(B[m[32m.(B[m[32m.(B[m[32m.(B[m[32m.(B[m[32m.(B[m[32m.(B[m[32m.(B[m[32m.(B[m[32m.(B[m[32m.(B[m[32m.(B[m[32m.(B[m[32m.(B[m[32m.(B[m[32m.(B[m[32m.(B[m[32m.(B[m[32m.(B[m[32m.(B[m[32m.(B[m[32m.(B[m[32m.(B[m[32m.(B[m[32m.(B[m[32m.(B[m[32m.(B[m[32m.(B[m[32m.(B[m[32m.(B[m[32m.(B[m[32m.(B[m[32m.(B[m[32m.(B[m[32m.(B[m[32m.(B[m[32m.(B[m[32m.(B[m[32m.(B[m[32m.(B[m[32m.(B[m[32m.(B[m[32m.(B[m[32m.(B[m[32m.(B[m[32m.(B[m[32m.(B[m[32m.(B[m[32m.(B[m[32m.(B[m[32m.(B[m[32m.(B[m[32m.(B[m[32m.(B[m[32m.(B[m[32m.(B[m[32m.(B[m[32m.(B[m[32m.(B[m[32m.(B[m[32m.(B[m[32m.(B[m[32m.(B[m[32m.(B[m[32m.(B[m[32m.(B[m[32m.(B[m[32m.(B[m[32m.(B[m[32m.(B[m[32m.(B[m[32m.(B[m[32m.(B[m[32m.(B[m[32m.(B[m[32m.(B[m[32m.(B[m[32m.(B[m[32m.(B[m[32m.(B[m[32m.(B[m 87/109
[32m.(B[m[32m.(B[m[32m.(B[m[32m.(B[m[32m.(B[m[32m.(B[m[32m.(B[m[32m.(B[m[32m.(B[m[32m.(B[m[32m.(B[m[32m.(B[m[32m.(B[m[32m.(B[m[32m.(B[m[32m.(B[m[32m.(B[m[32m.(B[m[32m.(B[m[32m.(B[m[32m.(B[m[32m.(B[m
test result: [32mok(B[m. 109 passed; 0 failed; 0 ignored; 0 measured; 0 filtered out; finished in 0.01s

warning: `/home/daivy/.cargo/config` is deprecated in favor of `config.toml`
  |
  = help: if you need to support cargo 1.38 or earlier, you can symlink `config` to `config.toml`
warning: unused import: `crate::iface::Route`
 --> /home/daivy/projects/serial/work/StarryOS/crates/smoltcp/src/iface/interface/ipv6.rs:3:5
  |
3 | use crate::iface::Route;
  |     ^^^^^^^^^^^^^^^^^^^
  |
  = note: `#[warn(unused_imports)]` (part of `#[warn(unused)]`) on by default

warning: unused import: `super::fragmentation::PacketAssemblerSet`
  --> /home/daivy/projects/serial/work/StarryOS/crates/smoltcp/src/iface/interface/mod.rs:35:5
   |
35 | use super::fragmentation::PacketAssemblerSet;
   |     ^^^^^^^^^^^^^^^^^^^^^^^^^^^^^^^^^^^^^^^^

warning: unused imports: `IFACE_MAX_PREFIX_COUNT` and `IFACE_MAX_SIXLOWPAN_ADDRESS_CONTEXT_COUNT`
  --> /home/daivy/projects/serial/work/StarryOS/crates/smoltcp/src/iface/interface/mod.rs:42:27
   |
42 |     IFACE_MAX_ADDR_COUNT, IFACE_MAX_PREFIX_COUNT, IFACE_MAX_SIXLOWPAN_ADDRESS_CONTEXT_COUNT,
   |                           ^^^^^^^^^^^^^^^^^^^^^^  ^^^^^^^^^^^^^^^^^^^^^^^^^^^^^^^^^^^^^^^^^

warning: variable does not need to be mutable
   --> /home/daivy/projects/serial/work/StarryOS/crates/smoltcp/src/iface/interface/ipv4.rs:103:13
    |
103 |         let mut ipv4_repr = check!(Ipv4Repr::parse(ipv4_packet, &self.caps.checksum));
    |             ----^^^^^^^^^
    |             |
    |             help: remove this `mut`
    |
    = note: `#[warn(unused_mut)]` (part of `#[warn(unused)]`) on by default

warning: unused variable: `frag`
   --> /home/daivy/projects/serial/work/StarryOS/crates/smoltcp/src/iface/interface/ipv4.rs:101:9
    |
101 |         frag: &'a mut FragmentsBuffer,
    |         ^^^^ help: if this is intentional, prefix it with an underscore: `_frag`
    |
    = note: `#[warn(unused_variables)]` (part of `#[warn(unused)]`) on by default

warning: unused variable: `repr`
    --> /home/daivy/projects/serial/work/StarryOS/crates/smoltcp/src/iface/interface/mod.rs:1274:26
     |
1274 |             IpRepr::Ipv4(repr) => {
     |                          ^^^^ help: if this is intentional, prefix it with an underscore: `_repr`

warning: variable does not need to be mutable
   --> /home/daivy/projects/serial/work/StarryOS/crates/smoltcp/src/socket/dns.rs:247:13
    |
247 |         let mut mdns = MulticastDns::Disabled;
    |             ----^^^^
    |             |
    |             help: remove this `mut`

warning: methods `link_local_ipv6_address` and `mldv2_report_packet` are never used
   --> /home/daivy/projects/serial/work/StarryOS/crates/smoltcp/src/iface/interface/ipv6.rs:173:8
    |
 23 | impl InterfaceInner {
    | ------------------- methods in this implementation
...
173 |     fn link_local_ipv6_address(&self) -> Option<Ipv6Address> {
    |        ^^^^^^^^^^^^^^^^^^^^^^^
...
565 |     pub(super) fn mldv2_report_packet<'any>(
    |                   ^^^^^^^^^^^^^^^^^^^
    |
    = note: `#[warn(dead_code)]` (part of `#[warn(unused)]`) on by default

warning: variant `HopByHopIcmpv6` is never constructed
   --> /home/daivy/projects/serial/work/StarryOS/crates/smoltcp/src/iface/packet.rs:218:5
    |
210 | pub(crate) enum IpPayload<'p> {
    |                 --------- variant in this enum
...
218 |     HopByHopIcmpv6(Ipv6HopByHopRepr<'p>, Icmpv6Repr<'p>),
    |     ^^^^^^^^^^^^^^
    |
    = note: `IpPayload` has a derived impl for the trait `Debug`, but this is intentionally ignored during dead code analysis

warning: method `is_solicited_node_multicast` is never used
   --> /home/daivy/projects/serial/work/StarryOS/crates/smoltcp/src/wire/ipv6.rs:125:8
    |
 80 | pub(crate) trait AddressExt {
    |                  ---------- method in this trait
...
125 |     fn is_solicited_node_multicast(&self) -> bool;
    |        ^^^^^^^^^^^^^^^^^^^^^^^^^^^

warning: method `emit_header` is never used
   --> /home/daivy/projects/serial/work/StarryOS/crates/smoltcp/src/wire/udp.rs:275:19
    |
232 | impl Repr {
    | --------- method in this implementation
...
275 |     pub(crate) fn emit_header<T>(&self, packet: &mut Packet<&mut T>, payload_len: usize)
    |                   ^^^^^^^^^^^


running 109 tests
[32m.(B[m[32m.(B[m[32m.(B[m[32m.(B[m[32m.(B[m[32m.(B[m[32m.(B[m[32m.(B[m[32m.(B[m[32m.(B[m[32m.(B[m[32m.(B[m[32m.(B[m[32m.(B[m[32m.(B[m[32m.(B[m[32m.(B[m[32m.(B[m[32m.(B[m[32m.(B[m[32m.(B[m[32m.(B[m[32m.(B[m[32m.(B[m[32m.(B[m[32m.(B[m[32m.(B[m[32m.(B[m[32m.(B[m[32m.(B[m[32m.(B[m[32m.(B[m[32m.(B[m[32m.(B[m[32m.(B[m[32m.(B[m[32m.(B[m[32m.(B[m[32m.(B[m[32m.(B[m[32m.(B[m[32m.(B[m[32m.(B[m[32m.(B[m[32m.(B[m[32m.(B[m[32m.(B[m[32m.(B[m[32m.(B[m[32m.(B[m[32m.(B[m[32m.(B[m[32m.(B[m[32m.(B[m[32m.(B[m[32m.(B[m[32m.(B[m[32m.(B[m[32m.(B[m[32m.(B[m[32m.(B[m[32m.(B[m[32m.(B[m[32m.(B[m[32m.(B[m[32m.(B[m[32m.(B[m[32m.(B[m[32m.(B[m[32m.(B[m[32m.(B[m[32m.(B[m[32m.(B[m[32m.(B[m[32m.(B[m[32m.(B[m[32m.(B[m[32m.(B[m[32m.(B[m[32m.(B[m[32m.(B[m[32m.(B[m[32m.(B[m[32m.(B[m[32m.(B[m[32m.(B[m[32m.(B[m 87/109
[32m.(B[m[32m.(B[m[32m.(B[m[32m.(B[m[32m.(B[m[32m.(B[m[32m.(B[m[32m.(B[m[32m.(B[m[32m.(B[m[32m.(B[m[32m.(B[m[32m.(B[m[32m.(B[m[32m.(B[m[32m.(B[m[32m.(B[m[32m.(B[m[32m.(B[m[32m.(B[m[32m.(B[m[32m.(B[m
test result: [32mok(B[m. 109 passed; 0 failed; 0 ignored; 0 measured; 0 filtered out; finished in 0.01s

warning: `/home/daivy/.cargo/config` is deprecated in favor of `config.toml`
  |
  = help: if you need to support cargo 1.38 or earlier, you can symlink `config` to `config.toml`
warning: unused import: `crate::iface::Route`
 --> /home/daivy/projects/serial/work/StarryOS/crates/smoltcp/src/iface/interface/ipv6.rs:3:5
  |
3 | use crate::iface::Route;
  |     ^^^^^^^^^^^^^^^^^^^
  |
  = note: `#[warn(unused_imports)]` (part of `#[warn(unused)]`) on by default

warning: unused import: `super::fragmentation::PacketAssemblerSet`
  --> /home/daivy/projects/serial/work/StarryOS/crates/smoltcp/src/iface/interface/mod.rs:35:5
   |
35 | use super::fragmentation::PacketAssemblerSet;
   |     ^^^^^^^^^^^^^^^^^^^^^^^^^^^^^^^^^^^^^^^^

warning: unused imports: `IFACE_MAX_PREFIX_COUNT` and `IFACE_MAX_SIXLOWPAN_ADDRESS_CONTEXT_COUNT`
  --> /home/daivy/projects/serial/work/StarryOS/crates/smoltcp/src/iface/interface/mod.rs:42:27
   |
42 |     IFACE_MAX_ADDR_COUNT, IFACE_MAX_PREFIX_COUNT, IFACE_MAX_SIXLOWPAN_ADDRESS_CONTEXT_COUNT,
   |                           ^^^^^^^^^^^^^^^^^^^^^^  ^^^^^^^^^^^^^^^^^^^^^^^^^^^^^^^^^^^^^^^^^

warning: variable does not need to be mutable
   --> /home/daivy/projects/serial/work/StarryOS/crates/smoltcp/src/iface/interface/ipv4.rs:103:13
    |
103 |         let mut ipv4_repr = check!(Ipv4Repr::parse(ipv4_packet, &self.caps.checksum));
    |             ----^^^^^^^^^
    |             |
    |             help: remove this `mut`
    |
    = note: `#[warn(unused_mut)]` (part of `#[warn(unused)]`) on by default

warning: unused variable: `frag`
   --> /home/daivy/projects/serial/work/StarryOS/crates/smoltcp/src/iface/interface/ipv4.rs:101:9
    |
101 |         frag: &'a mut FragmentsBuffer,
    |         ^^^^ help: if this is intentional, prefix it with an underscore: `_frag`
    |
    = note: `#[warn(unused_variables)]` (part of `#[warn(unused)]`) on by default

warning: unused variable: `repr`
    --> /home/daivy/projects/serial/work/StarryOS/crates/smoltcp/src/iface/interface/mod.rs:1274:26
     |
1274 |             IpRepr::Ipv4(repr) => {
     |                          ^^^^ help: if this is intentional, prefix it with an underscore: `_repr`

warning: variable does not need to be mutable
   --> /home/daivy/projects/serial/work/StarryOS/crates/smoltcp/src/socket/dns.rs:247:13
    |
247 |         let mut mdns = MulticastDns::Disabled;
    |             ----^^^^
    |             |
    |             help: remove this `mut`

warning: methods `link_local_ipv6_address` and `mldv2_report_packet` are never used
   --> /home/daivy/projects/serial/work/StarryOS/crates/smoltcp/src/iface/interface/ipv6.rs:173:8
    |
 23 | impl InterfaceInner {
    | ------------------- methods in this implementation
...
173 |     fn link_local_ipv6_address(&self) -> Option<Ipv6Address> {
    |        ^^^^^^^^^^^^^^^^^^^^^^^
...
565 |     pub(super) fn mldv2_report_packet<'any>(
    |                   ^^^^^^^^^^^^^^^^^^^
    |
    = note: `#[warn(dead_code)]` (part of `#[warn(unused)]`) on by default

warning: variant `HopByHopIcmpv6` is never constructed
   --> /home/daivy/projects/serial/work/StarryOS/crates/smoltcp/src/iface/packet.rs:218:5
    |
210 | pub(crate) enum IpPayload<'p> {
    |                 --------- variant in this enum
...
218 |     HopByHopIcmpv6(Ipv6HopByHopRepr<'p>, Icmpv6Repr<'p>),
    |     ^^^^^^^^^^^^^^
    |
    = note: `IpPayload` has a derived impl for the trait `Debug`, but this is intentionally ignored during dead code analysis

warning: method `is_solicited_node_multicast` is never used
   --> /home/daivy/projects/serial/work/StarryOS/crates/smoltcp/src/wire/ipv6.rs:125:8
    |
 80 | pub(crate) trait AddressExt {
    |                  ---------- method in this trait
...
125 |     fn is_solicited_node_multicast(&self) -> bool;
    |        ^^^^^^^^^^^^^^^^^^^^^^^^^^^

warning: method `emit_header` is never used
   --> /home/daivy/projects/serial/work/StarryOS/crates/smoltcp/src/wire/udp.rs:275:19
    |
232 | impl Repr {
    | --------- method in this implementation
...
275 |     pub(crate) fn emit_header<T>(&self, packet: &mut Packet<&mut T>, payload_len: usize)
    |                   ^^^^^^^^^^^


running 109 tests
[32m.(B[m[32m.(B[m[32m.(B[m[32m.(B[m[32m.(B[m[32m.(B[m[32m.(B[m[32m.(B[m[32m.(B[m[32m.(B[m[32m.(B[m[32m.(B[m[32m.(B[m[32m.(B[m[32m.(B[m[32m.(B[m[32m.(B[m[32m.(B[m[32m.(B[m[32m.(B[m[32m.(B[m[32m.(B[m[32m.(B[m[32m.(B[m[32m.(B[m[32m.(B[m[32m.(B[m[32m.(B[m[32m.(B[m[32m.(B[m[32m.(B[m[32m.(B[m[32m.(B[m[32m.(B[m[32m.(B[m[32m.(B[m[32m.(B[m[32m.(B[m[32m.(B[m[32m.(B[m[32m.(B[m[32m.(B[m[32m.(B[m[32m.(B[m[32m.(B[m[32m.(B[m[32m.(B[m[32m.(B[m[32m.(B[m[32m.(B[m[32m.(B[m[32m.(B[m[32m.(B[m[32m.(B[m[32m.(B[m[32m.(B[m[32m.(B[m[32m.(B[m[32m.(B[m[32m.(B[m[32m.(B[m[32m.(B[m[32m.(B[m[32m.(B[m[32m.(B[m[32m.(B[m[32m.(B[m[32m.(B[m[32m.(B[m[32m.(B[m[32m.(B[m[32m.(B[m[32m.(B[m[32m.(B[m[32m.(B[m[32m.(B[m[32m.(B[m[32m.(B[m[32m.(B[m[32m.(B[m[32m.(B[m[32m.(B[m[32m.(B[m[32m.(B[m[32m.(B[m[32m.(B[m[32m.(B[m 87/109
[32m.(B[m[32m.(B[m[32m.(B[m[32m.(B[m[32m.(B[m[32m.(B[m[32m.(B[m[32m.(B[m[32m.(B[m[32m.(B[m[32m.(B[m[32m.(B[m[32m.(B[m[32m.(B[m[32m.(B[m[32m.(B[m[32m.(B[m[32m.(B[m[32m.(B[m[32m.(B[m[32m.(B[m[32m.(B[m
test result: [32mok(B[m. 109 passed; 0 failed; 0 ignored; 0 measured; 0 filtered out; finished in 0.01s

warning: `/home/daivy/.cargo/config` is deprecated in favor of `config.toml`
  |
  = help: if you need to support cargo 1.38 or earlier, you can symlink `config` to `config.toml`
warning: unused import: `crate::iface::Route`
 --> /home/daivy/projects/serial/work/StarryOS/crates/smoltcp/src/iface/interface/ipv6.rs:3:5
  |
3 | use crate::iface::Route;
  |     ^^^^^^^^^^^^^^^^^^^
  |
  = note: `#[warn(unused_imports)]` (part of `#[warn(unused)]`) on by default

warning: unused import: `super::fragmentation::PacketAssemblerSet`
  --> /home/daivy/projects/serial/work/StarryOS/crates/smoltcp/src/iface/interface/mod.rs:35:5
   |
35 | use super::fragmentation::PacketAssemblerSet;
   |     ^^^^^^^^^^^^^^^^^^^^^^^^^^^^^^^^^^^^^^^^

warning: unused imports: `IFACE_MAX_PREFIX_COUNT` and `IFACE_MAX_SIXLOWPAN_ADDRESS_CONTEXT_COUNT`
  --> /home/daivy/projects/serial/work/StarryOS/crates/smoltcp/src/iface/interface/mod.rs:42:27
   |
42 |     IFACE_MAX_ADDR_COUNT, IFACE_MAX_PREFIX_COUNT, IFACE_MAX_SIXLOWPAN_ADDRESS_CONTEXT_COUNT,
   |                           ^^^^^^^^^^^^^^^^^^^^^^  ^^^^^^^^^^^^^^^^^^^^^^^^^^^^^^^^^^^^^^^^^

warning: variable does not need to be mutable
   --> /home/daivy/projects/serial/work/StarryOS/crates/smoltcp/src/iface/interface/ipv4.rs:103:13
    |
103 |         let mut ipv4_repr = check!(Ipv4Repr::parse(ipv4_packet, &self.caps.checksum));
    |             ----^^^^^^^^^
    |             |
    |             help: remove this `mut`
    |
    = note: `#[warn(unused_mut)]` (part of `#[warn(unused)]`) on by default

warning: unused variable: `frag`
   --> /home/daivy/projects/serial/work/StarryOS/crates/smoltcp/src/iface/interface/ipv4.rs:101:9
    |
101 |         frag: &'a mut FragmentsBuffer,
    |         ^^^^ help: if this is intentional, prefix it with an underscore: `_frag`
    |
    = note: `#[warn(unused_variables)]` (part of `#[warn(unused)]`) on by default

warning: unused variable: `repr`
    --> /home/daivy/projects/serial/work/StarryOS/crates/smoltcp/src/iface/interface/mod.rs:1274:26
     |
1274 |             IpRepr::Ipv4(repr) => {
     |                          ^^^^ help: if this is intentional, prefix it with an underscore: `_repr`

warning: variable does not need to be mutable
   --> /home/daivy/projects/serial/work/StarryOS/crates/smoltcp/src/socket/dns.rs:247:13
    |
247 |         let mut mdns = MulticastDns::Disabled;
    |             ----^^^^
    |             |
    |             help: remove this `mut`

warning: methods `link_local_ipv6_address` and `mldv2_report_packet` are never used
   --> /home/daivy/projects/serial/work/StarryOS/crates/smoltcp/src/iface/interface/ipv6.rs:173:8
    |
 23 | impl InterfaceInner {
    | ------------------- methods in this implementation
...
173 |     fn link_local_ipv6_address(&self) -> Option<Ipv6Address> {
    |        ^^^^^^^^^^^^^^^^^^^^^^^
...
565 |     pub(super) fn mldv2_report_packet<'any>(
    |                   ^^^^^^^^^^^^^^^^^^^
    |
    = note: `#[warn(dead_code)]` (part of `#[warn(unused)]`) on by default

warning: variant `HopByHopIcmpv6` is never constructed
   --> /home/daivy/projects/serial/work/StarryOS/crates/smoltcp/src/iface/packet.rs:218:5
    |
210 | pub(crate) enum IpPayload<'p> {
    |                 --------- variant in this enum
...
218 |     HopByHopIcmpv6(Ipv6HopByHopRepr<'p>, Icmpv6Repr<'p>),
    |     ^^^^^^^^^^^^^^
    |
    = note: `IpPayload` has a derived impl for the trait `Debug`, but this is intentionally ignored during dead code analysis

warning: method `is_solicited_node_multicast` is never used
   --> /home/daivy/projects/serial/work/StarryOS/crates/smoltcp/src/wire/ipv6.rs:125:8
    |
 80 | pub(crate) trait AddressExt {
    |                  ---------- method in this trait
...
125 |     fn is_solicited_node_multicast(&self) -> bool;
    |        ^^^^^^^^^^^^^^^^^^^^^^^^^^^

warning: method `emit_header` is never used
   --> /home/daivy/projects/serial/work/StarryOS/crates/smoltcp/src/wire/udp.rs:275:19
    |
232 | impl Repr {
    | --------- method in this implementation
...
275 |     pub(crate) fn emit_header<T>(&self, packet: &mut Packet<&mut T>, payload_len: usize)
    |                   ^^^^^^^^^^^


running 109 tests
[32m.(B[m[32m.(B[m[32m.(B[m[32m.(B[m[32m.(B[m[32m.(B[m[32m.(B[m[32m.(B[m[32m.(B[m[32m.(B[m[32m.(B[m[32m.(B[m[32m.(B[m[32m.(B[m[32m.(B[m[32m.(B[m[32m.(B[m[32m.(B[m[32m.(B[m[32m.(B[m[32m.(B[m[32m.(B[m[32m.(B[m[32m.(B[m[32m.(B[m[32m.(B[m[32m.(B[m[32m.(B[m[32m.(B[m[32m.(B[m[32m.(B[m[32m.(B[m[32m.(B[m[32m.(B[m[32m.(B[m[32m.(B[m[32m.(B[m[32m.(B[m[32m.(B[m[32m.(B[m[32m.(B[m[32m.(B[m[32m.(B[m[32m.(B[m[32m.(B[m[32m.(B[m[32m.(B[m[32m.(B[m[32m.(B[m[32m.(B[m[32m.(B[m[32m.(B[m[32m.(B[m[32m.(B[m[32m.(B[m[32m.(B[m[32m.(B[m[32m.(B[m[32m.(B[m[32m.(B[m[32m.(B[m[32m.(B[m[32m.(B[m[32m.(B[m[32m.(B[m[32m.(B[m[32m.(B[m[32m.(B[m[32m.(B[m[32m.(B[m[32m.(B[m[32m.(B[m[32m.(B[m[32m.(B[m[32m.(B[m[32m.(B[m[32m.(B[m[32m.(B[m[32m.(B[m[32m.(B[m[32m.(B[m[32m.(B[m[32m.(B[m[32m.(B[m[32m.(B[m[32m.(B[m[32m.(B[m 87/109
[32m.(B[m[32m.(B[m[32m.(B[m[32m.(B[m[32m.(B[m[32m.(B[m[32m.(B[m[32m.(B[m[32m.(B[m[32m.(B[m[32m.(B[m[32m.(B[m[32m.(B[m[32m.(B[m[32m.(B[m[32m.(B[m[32m.(B[m[32m.(B[m[32m.(B[m[32m.(B[m[32m.(B[m[32m.(B[m
test result: [32mok(B[m. 109 passed; 0 failed; 0 ignored; 0 measured; 0 filtered out; finished in 0.02s

warning: `/home/daivy/.cargo/config` is deprecated in favor of `config.toml`
  |
  = help: if you need to support cargo 1.38 or earlier, you can symlink `config` to `config.toml`
warning: unused import: `crate::iface::Route`
 --> /home/daivy/projects/serial/work/StarryOS/crates/smoltcp/src/iface/interface/ipv6.rs:3:5
  |
3 | use crate::iface::Route;
  |     ^^^^^^^^^^^^^^^^^^^
  |
  = note: `#[warn(unused_imports)]` (part of `#[warn(unused)]`) on by default

warning: unused import: `super::fragmentation::PacketAssemblerSet`
  --> /home/daivy/projects/serial/work/StarryOS/crates/smoltcp/src/iface/interface/mod.rs:35:5
   |
35 | use super::fragmentation::PacketAssemblerSet;
   |     ^^^^^^^^^^^^^^^^^^^^^^^^^^^^^^^^^^^^^^^^

warning: unused imports: `IFACE_MAX_PREFIX_COUNT` and `IFACE_MAX_SIXLOWPAN_ADDRESS_CONTEXT_COUNT`
  --> /home/daivy/projects/serial/work/StarryOS/crates/smoltcp/src/iface/interface/mod.rs:42:27
   |
42 |     IFACE_MAX_ADDR_COUNT, IFACE_MAX_PREFIX_COUNT, IFACE_MAX_SIXLOWPAN_ADDRESS_CONTEXT_COUNT,
   |                           ^^^^^^^^^^^^^^^^^^^^^^  ^^^^^^^^^^^^^^^^^^^^^^^^^^^^^^^^^^^^^^^^^

warning: variable does not need to be mutable
   --> /home/daivy/projects/serial/work/StarryOS/crates/smoltcp/src/iface/interface/ipv4.rs:103:13
    |
103 |         let mut ipv4_repr = check!(Ipv4Repr::parse(ipv4_packet, &self.caps.checksum));
    |             ----^^^^^^^^^
    |             |
    |             help: remove this `mut`
    |
    = note: `#[warn(unused_mut)]` (part of `#[warn(unused)]`) on by default

warning: unused variable: `frag`
   --> /home/daivy/projects/serial/work/StarryOS/crates/smoltcp/src/iface/interface/ipv4.rs:101:9
    |
101 |         frag: &'a mut FragmentsBuffer,
    |         ^^^^ help: if this is intentional, prefix it with an underscore: `_frag`
    |
    = note: `#[warn(unused_variables)]` (part of `#[warn(unused)]`) on by default

warning: unused variable: `repr`
    --> /home/daivy/projects/serial/work/StarryOS/crates/smoltcp/src/iface/interface/mod.rs:1274:26
     |
1274 |             IpRepr::Ipv4(repr) => {
     |                          ^^^^ help: if this is intentional, prefix it with an underscore: `_repr`

warning: variable does not need to be mutable
   --> /home/daivy/projects/serial/work/StarryOS/crates/smoltcp/src/socket/dns.rs:247:13
    |
247 |         let mut mdns = MulticastDns::Disabled;
    |             ----^^^^
    |             |
    |             help: remove this `mut`

warning: methods `link_local_ipv6_address` and `mldv2_report_packet` are never used
   --> /home/daivy/projects/serial/work/StarryOS/crates/smoltcp/src/iface/interface/ipv6.rs:173:8
    |
 23 | impl InterfaceInner {
    | ------------------- methods in this implementation
...
173 |     fn link_local_ipv6_address(&self) -> Option<Ipv6Address> {
    |        ^^^^^^^^^^^^^^^^^^^^^^^
...
565 |     pub(super) fn mldv2_report_packet<'any>(
    |                   ^^^^^^^^^^^^^^^^^^^
    |
    = note: `#[warn(dead_code)]` (part of `#[warn(unused)]`) on by default

warning: variant `HopByHopIcmpv6` is never constructed
   --> /home/daivy/projects/serial/work/StarryOS/crates/smoltcp/src/iface/packet.rs:218:5
    |
210 | pub(crate) enum IpPayload<'p> {
    |                 --------- variant in this enum
...
218 |     HopByHopIcmpv6(Ipv6HopByHopRepr<'p>, Icmpv6Repr<'p>),
    |     ^^^^^^^^^^^^^^
    |
    = note: `IpPayload` has a derived impl for the trait `Debug`, but this is intentionally ignored during dead code analysis

warning: method `is_solicited_node_multicast` is never used
   --> /home/daivy/projects/serial/work/StarryOS/crates/smoltcp/src/wire/ipv6.rs:125:8
    |
 80 | pub(crate) trait AddressExt {
    |                  ---------- method in this trait
...
125 |     fn is_solicited_node_multicast(&self) -> bool;
    |        ^^^^^^^^^^^^^^^^^^^^^^^^^^^

warning: method `emit_header` is never used
   --> /home/daivy/projects/serial/work/StarryOS/crates/smoltcp/src/wire/udp.rs:275:19
    |
232 | impl Repr {
    | --------- method in this implementation
...
275 |     pub(crate) fn emit_header<T>(&self, packet: &mut Packet<&mut T>, payload_len: usize)
    |                   ^^^^^^^^^^^


running 109 tests
[32m.(B[m[32m.(B[m[32m.(B[m[32m.(B[m[32m.(B[m[32m.(B[m[32m.(B[m[32m.(B[m[32m.(B[m[32m.(B[m[32m.(B[m[32m.(B[m[32m.(B[m[32m.(B[m[32m.(B[m[32m.(B[m[32m.(B[m[32m.(B[m[32m.(B[m[32m.(B[m[32m.(B[m[32m.(B[m[32m.(B[m[32m.(B[m[32m.(B[m[32m.(B[m[32m.(B[m[32m.(B[m[32m.(B[m[32m.(B[m[32m.(B[m[32m.(B[m[32m.(B[m[32m.(B[m[32m.(B[m[32m.(B[m[32m.(B[m[32m.(B[m[32m.(B[m[32m.(B[m[32m.(B[m[32m.(B[m[32m.(B[m[32m.(B[m[32m.(B[m[32m.(B[m[32m.(B[m[32m.(B[m[32m.(B[m[32m.(B[m[32m.(B[m[32m.(B[m[32m.(B[m[32m.(B[m[32m.(B[m[32m.(B[m[32m.(B[m[32m.(B[m[32m.(B[m[32m.(B[m[32m.(B[m[32m.(B[m[32m.(B[m[32m.(B[m[32m.(B[m[32m.(B[m[32m.(B[m[32m.(B[m[32m.(B[m[32m.(B[m[32m.(B[m[32m.(B[m[32m.(B[m[32m.(B[m[32m.(B[m[32m.(B[m[32m.(B[m[32m.(B[m[32m.(B[m[32m.(B[m[32m.(B[m[32m.(B[m[32m.(B[m[32m.(B[m[32m.(B[m[32m.(B[m[32m.(B[m 87/109
[32m.(B[m[32m.(B[m[32m.(B[m[32m.(B[m[32m.(B[m[32m.(B[m[32m.(B[m[32m.(B[m[32m.(B[m[32m.(B[m[32m.(B[m[32m.(B[m[32m.(B[m[32m.(B[m[32m.(B[m[32m.(B[m[32m.(B[m[32m.(B[m[32m.(B[m[32m.(B[m[32m.(B[m[32m.(B[m
test result: [32mok(B[m. 109 passed; 0 failed; 0 ignored; 0 measured; 0 filtered out; finished in 0.02s

warning: `/home/daivy/.cargo/config` is deprecated in favor of `config.toml`
  |
  = help: if you need to support cargo 1.38 or earlier, you can symlink `config` to `config.toml`
warning: unused import: `crate::iface::Route`
 --> /home/daivy/projects/serial/work/StarryOS/crates/smoltcp/src/iface/interface/ipv6.rs:3:5
  |
3 | use crate::iface::Route;
  |     ^^^^^^^^^^^^^^^^^^^
  |
  = note: `#[warn(unused_imports)]` (part of `#[warn(unused)]`) on by default

warning: unused import: `super::fragmentation::PacketAssemblerSet`
  --> /home/daivy/projects/serial/work/StarryOS/crates/smoltcp/src/iface/interface/mod.rs:35:5
   |
35 | use super::fragmentation::PacketAssemblerSet;
   |     ^^^^^^^^^^^^^^^^^^^^^^^^^^^^^^^^^^^^^^^^

warning: unused imports: `IFACE_MAX_PREFIX_COUNT` and `IFACE_MAX_SIXLOWPAN_ADDRESS_CONTEXT_COUNT`
  --> /home/daivy/projects/serial/work/StarryOS/crates/smoltcp/src/iface/interface/mod.rs:42:27
   |
42 |     IFACE_MAX_ADDR_COUNT, IFACE_MAX_PREFIX_COUNT, IFACE_MAX_SIXLOWPAN_ADDRESS_CONTEXT_COUNT,
   |                           ^^^^^^^^^^^^^^^^^^^^^^  ^^^^^^^^^^^^^^^^^^^^^^^^^^^^^^^^^^^^^^^^^

warning: variable does not need to be mutable
   --> /home/daivy/projects/serial/work/StarryOS/crates/smoltcp/src/iface/interface/ipv4.rs:103:13
    |
103 |         let mut ipv4_repr = check!(Ipv4Repr::parse(ipv4_packet, &self.caps.checksum));
    |             ----^^^^^^^^^
    |             |
    |             help: remove this `mut`
    |
    = note: `#[warn(unused_mut)]` (part of `#[warn(unused)]`) on by default

warning: unused variable: `frag`
   --> /home/daivy/projects/serial/work/StarryOS/crates/smoltcp/src/iface/interface/ipv4.rs:101:9
    |
101 |         frag: &'a mut FragmentsBuffer,
    |         ^^^^ help: if this is intentional, prefix it with an underscore: `_frag`
    |
    = note: `#[warn(unused_variables)]` (part of `#[warn(unused)]`) on by default

warning: unused variable: `repr`
    --> /home/daivy/projects/serial/work/StarryOS/crates/smoltcp/src/iface/interface/mod.rs:1274:26
     |
1274 |             IpRepr::Ipv4(repr) => {
     |                          ^^^^ help: if this is intentional, prefix it with an underscore: `_repr`

warning: variable does not need to be mutable
   --> /home/daivy/projects/serial/work/StarryOS/crates/smoltcp/src/socket/dns.rs:247:13
    |
247 |         let mut mdns = MulticastDns::Disabled;
    |             ----^^^^
    |             |
    |             help: remove this `mut`

warning: methods `link_local_ipv6_address` and `mldv2_report_packet` are never used
   --> /home/daivy/projects/serial/work/StarryOS/crates/smoltcp/src/iface/interface/ipv6.rs:173:8
    |
 23 | impl InterfaceInner {
    | ------------------- methods in this implementation
...
173 |     fn link_local_ipv6_address(&self) -> Option<Ipv6Address> {
    |        ^^^^^^^^^^^^^^^^^^^^^^^
...
565 |     pub(super) fn mldv2_report_packet<'any>(
    |                   ^^^^^^^^^^^^^^^^^^^
    |
    = note: `#[warn(dead_code)]` (part of `#[warn(unused)]`) on by default

warning: variant `HopByHopIcmpv6` is never constructed
   --> /home/daivy/projects/serial/work/StarryOS/crates/smoltcp/src/iface/packet.rs:218:5
    |
210 | pub(crate) enum IpPayload<'p> {
    |                 --------- variant in this enum
...
218 |     HopByHopIcmpv6(Ipv6HopByHopRepr<'p>, Icmpv6Repr<'p>),
    |     ^^^^^^^^^^^^^^
    |
    = note: `IpPayload` has a derived impl for the trait `Debug`, but this is intentionally ignored during dead code analysis

warning: method `is_solicited_node_multicast` is never used
   --> /home/daivy/projects/serial/work/StarryOS/crates/smoltcp/src/wire/ipv6.rs:125:8
    |
 80 | pub(crate) trait AddressExt {
    |                  ---------- method in this trait
...
125 |     fn is_solicited_node_multicast(&self) -> bool;
    |        ^^^^^^^^^^^^^^^^^^^^^^^^^^^

warning: method `emit_header` is never used
   --> /home/daivy/projects/serial/work/StarryOS/crates/smoltcp/src/wire/udp.rs:275:19
    |
232 | impl Repr {
    | --------- method in this implementation
...
275 |     pub(crate) fn emit_header<T>(&self, packet: &mut Packet<&mut T>, payload_len: usize)
    |                   ^^^^^^^^^^^


running 109 tests
[32m.(B[m[32m.(B[m[32m.(B[m[32m.(B[m[32m.(B[m[32m.(B[m[32m.(B[m[32m.(B[m[32m.(B[m[32m.(B[m[32m.(B[m[32m.(B[m[32m.(B[m[32m.(B[m[32m.(B[m[32m.(B[m[32m.(B[m[32m.(B[m[32m.(B[m[32m.(B[m[32m.(B[m[32m.(B[m[32m.(B[m[32m.(B[m[32m.(B[m[32m.(B[m[32m.(B[m[32m.(B[m[32m.(B[m[32m.(B[m[32m.(B[m[32m.(B[m[32m.(B[m[32m.(B[m[32m.(B[m[32m.(B[m[32m.(B[m[32m.(B[m[32m.(B[m[32m.(B[m[32m.(B[m[32m.(B[m[32m.(B[m[32m.(B[m[32m.(B[m[32m.(B[m[32m.(B[m[32m.(B[m[32m.(B[m[32m.(B[m[32m.(B[m[32m.(B[m[32m.(B[m[32m.(B[m[32m.(B[m[32m.(B[m[32m.(B[m[32m.(B[m[32m.(B[m[32m.(B[m[32m.(B[m[32m.(B[m[32m.(B[m[32m.(B[m[32m.(B[m[32m.(B[m[32m.(B[m[32m.(B[m[32m.(B[m[32m.(B[m[32m.(B[m[32m.(B[m[32m.(B[m[32m.(B[m[32m.(B[m[32m.(B[m[32m.(B[m[32m.(B[m[32m.(B[m[32m.(B[m[32m.(B[m[32m.(B[m[32m.(B[m[32m.(B[m[32m.(B[m[32m.(B[m[32m.(B[m 87/109
[32m.(B[m[32m.(B[m[32m.(B[m[32m.(B[m[32m.(B[m[32m.(B[m[32m.(B[m[32m.(B[m[32m.(B[m[32m.(B[m[32m.(B[m[32m.(B[m[32m.(B[m[32m.(B[m[32m.(B[m[32m.(B[m[32m.(B[m[32m.(B[m[32m.(B[m[32m.(B[m[32m.(B[m[32m.(B[m
test result: [32mok(B[m. 109 passed; 0 failed; 0 ignored; 0 measured; 0 filtered out; finished in 0.02s

warning: `/home/daivy/.cargo/config` is deprecated in favor of `config.toml`
  |
  = help: if you need to support cargo 1.38 or earlier, you can symlink `config` to `config.toml`
warning: unused import: `crate::iface::Route`
 --> /home/daivy/projects/serial/work/StarryOS/crates/smoltcp/src/iface/interface/ipv6.rs:3:5
  |
3 | use crate::iface::Route;
  |     ^^^^^^^^^^^^^^^^^^^
  |
  = note: `#[warn(unused_imports)]` (part of `#[warn(unused)]`) on by default

warning: unused import: `super::fragmentation::PacketAssemblerSet`
  --> /home/daivy/projects/serial/work/StarryOS/crates/smoltcp/src/iface/interface/mod.rs:35:5
   |
35 | use super::fragmentation::PacketAssemblerSet;
   |     ^^^^^^^^^^^^^^^^^^^^^^^^^^^^^^^^^^^^^^^^

warning: unused imports: `IFACE_MAX_PREFIX_COUNT` and `IFACE_MAX_SIXLOWPAN_ADDRESS_CONTEXT_COUNT`
  --> /home/daivy/projects/serial/work/StarryOS/crates/smoltcp/src/iface/interface/mod.rs:42:27
   |
42 |     IFACE_MAX_ADDR_COUNT, IFACE_MAX_PREFIX_COUNT, IFACE_MAX_SIXLOWPAN_ADDRESS_CONTEXT_COUNT,
   |                           ^^^^^^^^^^^^^^^^^^^^^^  ^^^^^^^^^^^^^^^^^^^^^^^^^^^^^^^^^^^^^^^^^

warning: variable does not need to be mutable
   --> /home/daivy/projects/serial/work/StarryOS/crates/smoltcp/src/iface/interface/ipv4.rs:103:13
    |
103 |         let mut ipv4_repr = check!(Ipv4Repr::parse(ipv4_packet, &self.caps.checksum));
    |             ----^^^^^^^^^
    |             |
    |             help: remove this `mut`
    |
    = note: `#[warn(unused_mut)]` (part of `#[warn(unused)]`) on by default

warning: unused variable: `frag`
   --> /home/daivy/projects/serial/work/StarryOS/crates/smoltcp/src/iface/interface/ipv4.rs:101:9
    |
101 |         frag: &'a mut FragmentsBuffer,
    |         ^^^^ help: if this is intentional, prefix it with an underscore: `_frag`
    |
    = note: `#[warn(unused_variables)]` (part of `#[warn(unused)]`) on by default

warning: unused variable: `repr`
    --> /home/daivy/projects/serial/work/StarryOS/crates/smoltcp/src/iface/interface/mod.rs:1274:26
     |
1274 |             IpRepr::Ipv4(repr) => {
     |                          ^^^^ help: if this is intentional, prefix it with an underscore: `_repr`

warning: variable does not need to be mutable
   --> /home/daivy/projects/serial/work/StarryOS/crates/smoltcp/src/socket/dns.rs:247:13
    |
247 |         let mut mdns = MulticastDns::Disabled;
    |             ----^^^^
    |             |
    |             help: remove this `mut`

warning: methods `link_local_ipv6_address` and `mldv2_report_packet` are never used
   --> /home/daivy/projects/serial/work/StarryOS/crates/smoltcp/src/iface/interface/ipv6.rs:173:8
    |
 23 | impl InterfaceInner {
    | ------------------- methods in this implementation
...
173 |     fn link_local_ipv6_address(&self) -> Option<Ipv6Address> {
    |        ^^^^^^^^^^^^^^^^^^^^^^^
...
565 |     pub(super) fn mldv2_report_packet<'any>(
    |                   ^^^^^^^^^^^^^^^^^^^
    |
    = note: `#[warn(dead_code)]` (part of `#[warn(unused)]`) on by default

warning: variant `HopByHopIcmpv6` is never constructed
   --> /home/daivy/projects/serial/work/StarryOS/crates/smoltcp/src/iface/packet.rs:218:5
    |
210 | pub(crate) enum IpPayload<'p> {
    |                 --------- variant in this enum
...
218 |     HopByHopIcmpv6(Ipv6HopByHopRepr<'p>, Icmpv6Repr<'p>),
    |     ^^^^^^^^^^^^^^
    |
    = note: `IpPayload` has a derived impl for the trait `Debug`, but this is intentionally ignored during dead code analysis

warning: method `is_solicited_node_multicast` is never used
   --> /home/daivy/projects/serial/work/StarryOS/crates/smoltcp/src/wire/ipv6.rs:125:8
    |
 80 | pub(crate) trait AddressExt {
    |                  ---------- method in this trait
...
125 |     fn is_solicited_node_multicast(&self) -> bool;
    |        ^^^^^^^^^^^^^^^^^^^^^^^^^^^

warning: method `emit_header` is never used
   --> /home/daivy/projects/serial/work/StarryOS/crates/smoltcp/src/wire/udp.rs:275:19
    |
232 | impl Repr {
    | --------- method in this implementation
...
275 |     pub(crate) fn emit_header<T>(&self, packet: &mut Packet<&mut T>, payload_len: usize)
    |                   ^^^^^^^^^^^


running 109 tests
[32m.(B[m[32m.(B[m[32m.(B[m[32m.(B[m[32m.(B[m[32m.(B[m[32m.(B[m[32m.(B[m[32m.(B[m[32m.(B[m[32m.(B[m[32m.(B[m[32m.(B[m[32m.(B[m[32m.(B[m[32m.(B[m[32m.(B[m[32m.(B[m[32m.(B[m[32m.(B[m[32m.(B[m[32m.(B[m[32m.(B[m[32m.(B[m[32m.(B[m[32m.(B[m[32m.(B[m[32m.(B[m[32m.(B[m[32m.(B[m[32m.(B[m[32m.(B[m[32m.(B[m[32m.(B[m[32m.(B[m[32m.(B[m[32m.(B[m[32m.(B[m[32m.(B[m[32m.(B[m[32m.(B[m[32m.(B[m[32m.(B[m[32m.(B[m[32m.(B[m[32m.(B[m[32m.(B[m[32m.(B[m[32m.(B[m[32m.(B[m[32m.(B[m[32m.(B[m[32m.(B[m[32m.(B[m[32m.(B[m[32m.(B[m[32m.(B[m[32m.(B[m[32m.(B[m[32m.(B[m[32m.(B[m[32m.(B[m[32m.(B[m[32m.(B[m[32m.(B[m[32m.(B[m[32m.(B[m[32m.(B[m[32m.(B[m[32m.(B[m[32m.(B[m[32m.(B[m[32m.(B[m[32m.(B[m[32m.(B[m[32m.(B[m[32m.(B[m[32m.(B[m[32m.(B[m[32m.(B[m[32m.(B[m[32m.(B[m[32m.(B[m[32m.(B[m[32m.(B[m[32m.(B[m[32m.(B[m 87/109
[32m.(B[m[32m.(B[m[32m.(B[m[32m.(B[m[32m.(B[m[32m.(B[m[32m.(B[m[32m.(B[m[32m.(B[m[32m.(B[m[32m.(B[m[32m.(B[m[32m.(B[m[32m.(B[m[32m.(B[m[32m.(B[m[32m.(B[m[32m.(B[m[32m.(B[m[32m.(B[m[32m.(B[m[32m.(B[m
test result: [32mok(B[m. 109 passed; 0 failed; 0 ignored; 0 measured; 0 filtered out; finished in 0.02s

warning: `/home/daivy/.cargo/config` is deprecated in favor of `config.toml`
  |
  = help: if you need to support cargo 1.38 or earlier, you can symlink `config` to `config.toml`
warning: unused import: `crate::iface::Route`
 --> /home/daivy/projects/serial/work/StarryOS/crates/smoltcp/src/iface/interface/ipv6.rs:3:5
  |
3 | use crate::iface::Route;
  |     ^^^^^^^^^^^^^^^^^^^
  |
  = note: `#[warn(unused_imports)]` (part of `#[warn(unused)]`) on by default

warning: unused import: `super::fragmentation::PacketAssemblerSet`
  --> /home/daivy/projects/serial/work/StarryOS/crates/smoltcp/src/iface/interface/mod.rs:35:5
   |
35 | use super::fragmentation::PacketAssemblerSet;
   |     ^^^^^^^^^^^^^^^^^^^^^^^^^^^^^^^^^^^^^^^^

warning: unused imports: `IFACE_MAX_PREFIX_COUNT` and `IFACE_MAX_SIXLOWPAN_ADDRESS_CONTEXT_COUNT`
  --> /home/daivy/projects/serial/work/StarryOS/crates/smoltcp/src/iface/interface/mod.rs:42:27
   |
42 |     IFACE_MAX_ADDR_COUNT, IFACE_MAX_PREFIX_COUNT, IFACE_MAX_SIXLOWPAN_ADDRESS_CONTEXT_COUNT,
   |                           ^^^^^^^^^^^^^^^^^^^^^^  ^^^^^^^^^^^^^^^^^^^^^^^^^^^^^^^^^^^^^^^^^

warning: variable does not need to be mutable
   --> /home/daivy/projects/serial/work/StarryOS/crates/smoltcp/src/iface/interface/ipv4.rs:103:13
    |
103 |         let mut ipv4_repr = check!(Ipv4Repr::parse(ipv4_packet, &self.caps.checksum));
    |             ----^^^^^^^^^
    |             |
    |             help: remove this `mut`
    |
    = note: `#[warn(unused_mut)]` (part of `#[warn(unused)]`) on by default

warning: unused variable: `frag`
   --> /home/daivy/projects/serial/work/StarryOS/crates/smoltcp/src/iface/interface/ipv4.rs:101:9
    |
101 |         frag: &'a mut FragmentsBuffer,
    |         ^^^^ help: if this is intentional, prefix it with an underscore: `_frag`
    |
    = note: `#[warn(unused_variables)]` (part of `#[warn(unused)]`) on by default

warning: unused variable: `repr`
    --> /home/daivy/projects/serial/work/StarryOS/crates/smoltcp/src/iface/interface/mod.rs:1274:26
     |
1274 |             IpRepr::Ipv4(repr) => {
     |                          ^^^^ help: if this is intentional, prefix it with an underscore: `_repr`

warning: variable does not need to be mutable
   --> /home/daivy/projects/serial/work/StarryOS/crates/smoltcp/src/socket/dns.rs:247:13
    |
247 |         let mut mdns = MulticastDns::Disabled;
    |             ----^^^^
    |             |
    |             help: remove this `mut`

warning: methods `link_local_ipv6_address` and `mldv2_report_packet` are never used
   --> /home/daivy/projects/serial/work/StarryOS/crates/smoltcp/src/iface/interface/ipv6.rs:173:8
    |
 23 | impl InterfaceInner {
    | ------------------- methods in this implementation
...
173 |     fn link_local_ipv6_address(&self) -> Option<Ipv6Address> {
    |        ^^^^^^^^^^^^^^^^^^^^^^^
...
565 |     pub(super) fn mldv2_report_packet<'any>(
    |                   ^^^^^^^^^^^^^^^^^^^
    |
    = note: `#[warn(dead_code)]` (part of `#[warn(unused)]`) on by default

warning: variant `HopByHopIcmpv6` is never constructed
   --> /home/daivy/projects/serial/work/StarryOS/crates/smoltcp/src/iface/packet.rs:218:5
    |
210 | pub(crate) enum IpPayload<'p> {
    |                 --------- variant in this enum
...
218 |     HopByHopIcmpv6(Ipv6HopByHopRepr<'p>, Icmpv6Repr<'p>),
    |     ^^^^^^^^^^^^^^
    |
    = note: `IpPayload` has a derived impl for the trait `Debug`, but this is intentionally ignored during dead code analysis

warning: method `is_solicited_node_multicast` is never used
   --> /home/daivy/projects/serial/work/StarryOS/crates/smoltcp/src/wire/ipv6.rs:125:8
    |
 80 | pub(crate) trait AddressExt {
    |                  ---------- method in this trait
...
125 |     fn is_solicited_node_multicast(&self) -> bool;
    |        ^^^^^^^^^^^^^^^^^^^^^^^^^^^

warning: method `emit_header` is never used
   --> /home/daivy/projects/serial/work/StarryOS/crates/smoltcp/src/wire/udp.rs:275:19
    |
232 | impl Repr {
    | --------- method in this implementation
...
275 |     pub(crate) fn emit_header<T>(&self, packet: &mut Packet<&mut T>, payload_len: usize)
    |                   ^^^^^^^^^^^


running 109 tests
[32m.(B[m[32m.(B[m[32m.(B[m[32m.(B[m[32m.(B[m[32m.(B[m[32m.(B[m[32m.(B[m[32m.(B[m[32m.(B[m[32m.(B[m[32m.(B[m[32m.(B[m[32m.(B[m[32m.(B[m[32m.(B[m[32m.(B[m[32m.(B[m[32m.(B[m[32m.(B[m[32m.(B[m[32m.(B[m[32m.(B[m[32m.(B[m[32m.(B[m[32m.(B[m[32m.(B[m[32m.(B[m[32m.(B[m[32m.(B[m[32m.(B[m[32m.(B[m[32m.(B[m[32m.(B[m[32m.(B[m[32m.(B[m[32m.(B[m[32m.(B[m[32m.(B[m[32m.(B[m[32m.(B[m[32m.(B[m[32m.(B[m[32m.(B[m[32m.(B[m[32m.(B[m[32m.(B[m[32m.(B[m[32m.(B[m[32m.(B[m[32m.(B[m[32m.(B[m[32m.(B[m[32m.(B[m[32m.(B[m[32m.(B[m[32m.(B[m[32m.(B[m[32m.(B[m[32m.(B[m[32m.(B[m[32m.(B[m[32m.(B[m[32m.(B[m[32m.(B[m[32m.(B[m[32m.(B[m[32m.(B[m[32m.(B[m[32m.(B[m[32m.(B[m[32m.(B[m[32m.(B[m[32m.(B[m[32m.(B[m[32m.(B[m[32m.(B[m[32m.(B[m[32m.(B[m[32m.(B[m[32m.(B[m[32m.(B[m[32m.(B[m[32m.(B[m[32m.(B[m[32m.(B[m[32m.(B[m 87/109
[32m.(B[m[32m.(B[m[32m.(B[m[32m.(B[m[32m.(B[m[32m.(B[m[32m.(B[m[32m.(B[m[32m.(B[m[32m.(B[m[32m.(B[m[32m.(B[m[32m.(B[m[32m.(B[m[32m.(B[m[32m.(B[m[32m.(B[m[32m.(B[m[32m.(B[m[32m.(B[m[32m.(B[m[32m.(B[m
test result: [32mok(B[m. 109 passed; 0 failed; 0 ignored; 0 measured; 0 filtered out; finished in 0.01s

warning: `/home/daivy/.cargo/config` is deprecated in favor of `config.toml`
  |
  = help: if you need to support cargo 1.38 or earlier, you can symlink `config` to `config.toml`
warning: unused import: `crate::iface::Route`
 --> /home/daivy/projects/serial/work/StarryOS/crates/smoltcp/src/iface/interface/ipv6.rs:3:5
  |
3 | use crate::iface::Route;
  |     ^^^^^^^^^^^^^^^^^^^
  |
  = note: `#[warn(unused_imports)]` (part of `#[warn(unused)]`) on by default

warning: unused import: `super::fragmentation::PacketAssemblerSet`
  --> /home/daivy/projects/serial/work/StarryOS/crates/smoltcp/src/iface/interface/mod.rs:35:5
   |
35 | use super::fragmentation::PacketAssemblerSet;
   |     ^^^^^^^^^^^^^^^^^^^^^^^^^^^^^^^^^^^^^^^^

warning: unused imports: `IFACE_MAX_PREFIX_COUNT` and `IFACE_MAX_SIXLOWPAN_ADDRESS_CONTEXT_COUNT`
  --> /home/daivy/projects/serial/work/StarryOS/crates/smoltcp/src/iface/interface/mod.rs:42:27
   |
42 |     IFACE_MAX_ADDR_COUNT, IFACE_MAX_PREFIX_COUNT, IFACE_MAX_SIXLOWPAN_ADDRESS_CONTEXT_COUNT,
   |                           ^^^^^^^^^^^^^^^^^^^^^^  ^^^^^^^^^^^^^^^^^^^^^^^^^^^^^^^^^^^^^^^^^

warning: variable does not need to be mutable
   --> /home/daivy/projects/serial/work/StarryOS/crates/smoltcp/src/iface/interface/ipv4.rs:103:13
    |
103 |         let mut ipv4_repr = check!(Ipv4Repr::parse(ipv4_packet, &self.caps.checksum));
    |             ----^^^^^^^^^
    |             |
    |             help: remove this `mut`
    |
    = note: `#[warn(unused_mut)]` (part of `#[warn(unused)]`) on by default

warning: unused variable: `frag`
   --> /home/daivy/projects/serial/work/StarryOS/crates/smoltcp/src/iface/interface/ipv4.rs:101:9
    |
101 |         frag: &'a mut FragmentsBuffer,
    |         ^^^^ help: if this is intentional, prefix it with an underscore: `_frag`
    |
    = note: `#[warn(unused_variables)]` (part of `#[warn(unused)]`) on by default

warning: unused variable: `repr`
    --> /home/daivy/projects/serial/work/StarryOS/crates/smoltcp/src/iface/interface/mod.rs:1274:26
     |
1274 |             IpRepr::Ipv4(repr) => {
     |                          ^^^^ help: if this is intentional, prefix it with an underscore: `_repr`

warning: variable does not need to be mutable
   --> /home/daivy/projects/serial/work/StarryOS/crates/smoltcp/src/socket/dns.rs:247:13
    |
247 |         let mut mdns = MulticastDns::Disabled;
    |             ----^^^^
    |             |
    |             help: remove this `mut`

warning: methods `link_local_ipv6_address` and `mldv2_report_packet` are never used
   --> /home/daivy/projects/serial/work/StarryOS/crates/smoltcp/src/iface/interface/ipv6.rs:173:8
    |
 23 | impl InterfaceInner {
    | ------------------- methods in this implementation
...
173 |     fn link_local_ipv6_address(&self) -> Option<Ipv6Address> {
    |        ^^^^^^^^^^^^^^^^^^^^^^^
...
565 |     pub(super) fn mldv2_report_packet<'any>(
    |                   ^^^^^^^^^^^^^^^^^^^
    |
    = note: `#[warn(dead_code)]` (part of `#[warn(unused)]`) on by default

warning: variant `HopByHopIcmpv6` is never constructed
   --> /home/daivy/projects/serial/work/StarryOS/crates/smoltcp/src/iface/packet.rs:218:5
    |
210 | pub(crate) enum IpPayload<'p> {
    |                 --------- variant in this enum
...
218 |     HopByHopIcmpv6(Ipv6HopByHopRepr<'p>, Icmpv6Repr<'p>),
    |     ^^^^^^^^^^^^^^
    |
    = note: `IpPayload` has a derived impl for the trait `Debug`, but this is intentionally ignored during dead code analysis

warning: method `is_solicited_node_multicast` is never used
   --> /home/daivy/projects/serial/work/StarryOS/crates/smoltcp/src/wire/ipv6.rs:125:8
    |
 80 | pub(crate) trait AddressExt {
    |                  ---------- method in this trait
...
125 |     fn is_solicited_node_multicast(&self) -> bool;
    |        ^^^^^^^^^^^^^^^^^^^^^^^^^^^

warning: method `emit_header` is never used
   --> /home/daivy/projects/serial/work/StarryOS/crates/smoltcp/src/wire/udp.rs:275:19
    |
232 | impl Repr {
    | --------- method in this implementation
...
275 |     pub(crate) fn emit_header<T>(&self, packet: &mut Packet<&mut T>, payload_len: usize)
    |                   ^^^^^^^^^^^


running 109 tests
[32m.(B[m[32m.(B[m[32m.(B[m[32m.(B[m[32m.(B[m[32m.(B[m[32m.(B[m[32m.(B[m[32m.(B[m[32m.(B[m[32m.(B[m[32m.(B[m[32m.(B[m[32m.(B[m[32m.(B[m[32m.(B[m[32m.(B[m[32m.(B[m[32m.(B[m[32m.(B[m[32m.(B[m[32m.(B[m[32m.(B[m[32m.(B[m[32m.(B[m[32m.(B[m[32m.(B[m[32m.(B[m[32m.(B[m[32m.(B[m[32m.(B[m[32m.(B[m[32m.(B[m[32m.(B[m[32m.(B[m[32m.(B[m[32m.(B[m[32m.(B[m[32m.(B[m[32m.(B[m[32m.(B[m[32m.(B[m[32m.(B[m[32m.(B[m[32m.(B[m[32m.(B[m[32m.(B[m[32m.(B[m[32m.(B[m[32m.(B[m[32m.(B[m[32m.(B[m[32m.(B[m[32m.(B[m[32m.(B[m[32m.(B[m[32m.(B[m[32m.(B[m[32m.(B[m[32m.(B[m[32m.(B[m[32m.(B[m[32m.(B[m[32m.(B[m[32m.(B[m[32m.(B[m[32m.(B[m[32m.(B[m[32m.(B[m[32m.(B[m[32m.(B[m[32m.(B[m[32m.(B[m[32m.(B[m[32m.(B[m[32m.(B[m[32m.(B[m[32m.(B[m[32m.(B[m[32m.(B[m[32m.(B[m[32m.(B[m[32m.(B[m[32m.(B[m[32m.(B[m[32m.(B[m[32m.(B[m 87/109
[32m.(B[m[32m.(B[m[32m.(B[m[32m.(B[m[32m.(B[m[32m.(B[m[32m.(B[m[32m.(B[m[32m.(B[m[32m.(B[m[32m.(B[m[32m.(B[m[32m.(B[m[32m.(B[m[32m.(B[m[32m.(B[m[32m.(B[m[32m.(B[m[32m.(B[m[32m.(B[m[32m.(B[m[32m.(B[m
test result: [32mok(B[m. 109 passed; 0 failed; 0 ignored; 0 measured; 0 filtered out; finished in 0.01s

warning: `/home/daivy/.cargo/config` is deprecated in favor of `config.toml`
  |
  = help: if you need to support cargo 1.38 or earlier, you can symlink `config` to `config.toml`
warning: unused import: `crate::iface::Route`
 --> /home/daivy/projects/serial/work/StarryOS/crates/smoltcp/src/iface/interface/ipv6.rs:3:5
  |
3 | use crate::iface::Route;
  |     ^^^^^^^^^^^^^^^^^^^
  |
  = note: `#[warn(unused_imports)]` (part of `#[warn(unused)]`) on by default

warning: unused import: `super::fragmentation::PacketAssemblerSet`
  --> /home/daivy/projects/serial/work/StarryOS/crates/smoltcp/src/iface/interface/mod.rs:35:5
   |
35 | use super::fragmentation::PacketAssemblerSet;
   |     ^^^^^^^^^^^^^^^^^^^^^^^^^^^^^^^^^^^^^^^^

warning: unused imports: `IFACE_MAX_PREFIX_COUNT` and `IFACE_MAX_SIXLOWPAN_ADDRESS_CONTEXT_COUNT`
  --> /home/daivy/projects/serial/work/StarryOS/crates/smoltcp/src/iface/interface/mod.rs:42:27
   |
42 |     IFACE_MAX_ADDR_COUNT, IFACE_MAX_PREFIX_COUNT, IFACE_MAX_SIXLOWPAN_ADDRESS_CONTEXT_COUNT,
   |                           ^^^^^^^^^^^^^^^^^^^^^^  ^^^^^^^^^^^^^^^^^^^^^^^^^^^^^^^^^^^^^^^^^

warning: variable does not need to be mutable
   --> /home/daivy/projects/serial/work/StarryOS/crates/smoltcp/src/iface/interface/ipv4.rs:103:13
    |
103 |         let mut ipv4_repr = check!(Ipv4Repr::parse(ipv4_packet, &self.caps.checksum));
    |             ----^^^^^^^^^
    |             |
    |             help: remove this `mut`
    |
    = note: `#[warn(unused_mut)]` (part of `#[warn(unused)]`) on by default

warning: unused variable: `frag`
   --> /home/daivy/projects/serial/work/StarryOS/crates/smoltcp/src/iface/interface/ipv4.rs:101:9
    |
101 |         frag: &'a mut FragmentsBuffer,
    |         ^^^^ help: if this is intentional, prefix it with an underscore: `_frag`
    |
    = note: `#[warn(unused_variables)]` (part of `#[warn(unused)]`) on by default

warning: unused variable: `repr`
    --> /home/daivy/projects/serial/work/StarryOS/crates/smoltcp/src/iface/interface/mod.rs:1274:26
     |
1274 |             IpRepr::Ipv4(repr) => {
     |                          ^^^^ help: if this is intentional, prefix it with an underscore: `_repr`

warning: variable does not need to be mutable
   --> /home/daivy/projects/serial/work/StarryOS/crates/smoltcp/src/socket/dns.rs:247:13
    |
247 |         let mut mdns = MulticastDns::Disabled;
    |             ----^^^^
    |             |
    |             help: remove this `mut`

warning: methods `link_local_ipv6_address` and `mldv2_report_packet` are never used
   --> /home/daivy/projects/serial/work/StarryOS/crates/smoltcp/src/iface/interface/ipv6.rs:173:8
    |
 23 | impl InterfaceInner {
    | ------------------- methods in this implementation
...
173 |     fn link_local_ipv6_address(&self) -> Option<Ipv6Address> {
    |        ^^^^^^^^^^^^^^^^^^^^^^^
...
565 |     pub(super) fn mldv2_report_packet<'any>(
    |                   ^^^^^^^^^^^^^^^^^^^
    |
    = note: `#[warn(dead_code)]` (part of `#[warn(unused)]`) on by default

warning: variant `HopByHopIcmpv6` is never constructed
   --> /home/daivy/projects/serial/work/StarryOS/crates/smoltcp/src/iface/packet.rs:218:5
    |
210 | pub(crate) enum IpPayload<'p> {
    |                 --------- variant in this enum
...
218 |     HopByHopIcmpv6(Ipv6HopByHopRepr<'p>, Icmpv6Repr<'p>),
    |     ^^^^^^^^^^^^^^
    |
    = note: `IpPayload` has a derived impl for the trait `Debug`, but this is intentionally ignored during dead code analysis

warning: method `is_solicited_node_multicast` is never used
   --> /home/daivy/projects/serial/work/StarryOS/crates/smoltcp/src/wire/ipv6.rs:125:8
    |
 80 | pub(crate) trait AddressExt {
    |                  ---------- method in this trait
...
125 |     fn is_solicited_node_multicast(&self) -> bool;
    |        ^^^^^^^^^^^^^^^^^^^^^^^^^^^

warning: method `emit_header` is never used
   --> /home/daivy/projects/serial/work/StarryOS/crates/smoltcp/src/wire/udp.rs:275:19
    |
232 | impl Repr {
    | --------- method in this implementation
...
275 |     pub(crate) fn emit_header<T>(&self, packet: &mut Packet<&mut T>, payload_len: usize)
    |                   ^^^^^^^^^^^


running 109 tests
[32m.(B[m[32m.(B[m[32m.(B[m[32m.(B[m[32m.(B[m[32m.(B[m[32m.(B[m[32m.(B[m[32m.(B[m[32m.(B[m[32m.(B[m[32m.(B[m[32m.(B[m[32m.(B[m[32m.(B[m[32m.(B[m[32m.(B[m[32m.(B[m[32m.(B[m[32m.(B[m[32m.(B[m[32m.(B[m[32m.(B[m[32m.(B[m[32m.(B[m[32m.(B[m[32m.(B[m[32m.(B[m[32m.(B[m[32m.(B[m[32m.(B[m[32m.(B[m[32m.(B[m[32m.(B[m[32m.(B[m[32m.(B[m[32m.(B[m[32m.(B[m[32m.(B[m[32m.(B[m[32m.(B[m[32m.(B[m[32m.(B[m[32m.(B[m[32m.(B[m[32m.(B[m[32m.(B[m[32m.(B[m[32m.(B[m[32m.(B[m[32m.(B[m[32m.(B[m[32m.(B[m[32m.(B[m[32m.(B[m[32m.(B[m[32m.(B[m[32m.(B[m[32m.(B[m[32m.(B[m[32m.(B[m[32m.(B[m[32m.(B[m[32m.(B[m[32m.(B[m[32m.(B[m[32m.(B[m[32m.(B[m[32m.(B[m[32m.(B[m[32m.(B[m[32m.(B[m[32m.(B[m[32m.(B[m[32m.(B[m[32m.(B[m[32m.(B[m[32m.(B[m[32m.(B[m[32m.(B[m[32m.(B[m[32m.(B[m[32m.(B[m[32m.(B[m[32m.(B[m[32m.(B[m[32m.(B[m 87/109
[32m.(B[m[32m.(B[m[32m.(B[m[32m.(B[m[32m.(B[m[32m.(B[m[32m.(B[m[32m.(B[m[32m.(B[m[32m.(B[m[32m.(B[m[32m.(B[m[32m.(B[m[32m.(B[m[32m.(B[m[32m.(B[m[32m.(B[m[32m.(B[m[32m.(B[m[32m.(B[m[32m.(B[m[32m.(B[m
test result: [32mok(B[m. 109 passed; 0 failed; 0 ignored; 0 measured; 0 filtered out; finished in 0.01s

warning: `/home/daivy/.cargo/config` is deprecated in favor of `config.toml`
  |
  = help: if you need to support cargo 1.38 or earlier, you can symlink `config` to `config.toml`
warning: unused import: `crate::iface::Route`
 --> /home/daivy/projects/serial/work/StarryOS/crates/smoltcp/src/iface/interface/ipv6.rs:3:5
  |
3 | use crate::iface::Route;
  |     ^^^^^^^^^^^^^^^^^^^
  |
  = note: `#[warn(unused_imports)]` (part of `#[warn(unused)]`) on by default

warning: unused import: `super::fragmentation::PacketAssemblerSet`
  --> /home/daivy/projects/serial/work/StarryOS/crates/smoltcp/src/iface/interface/mod.rs:35:5
   |
35 | use super::fragmentation::PacketAssemblerSet;
   |     ^^^^^^^^^^^^^^^^^^^^^^^^^^^^^^^^^^^^^^^^

warning: unused imports: `IFACE_MAX_PREFIX_COUNT` and `IFACE_MAX_SIXLOWPAN_ADDRESS_CONTEXT_COUNT`
  --> /home/daivy/projects/serial/work/StarryOS/crates/smoltcp/src/iface/interface/mod.rs:42:27
   |
42 |     IFACE_MAX_ADDR_COUNT, IFACE_MAX_PREFIX_COUNT, IFACE_MAX_SIXLOWPAN_ADDRESS_CONTEXT_COUNT,
   |                           ^^^^^^^^^^^^^^^^^^^^^^  ^^^^^^^^^^^^^^^^^^^^^^^^^^^^^^^^^^^^^^^^^

warning: variable does not need to be mutable
   --> /home/daivy/projects/serial/work/StarryOS/crates/smoltcp/src/iface/interface/ipv4.rs:103:13
    |
103 |         let mut ipv4_repr = check!(Ipv4Repr::parse(ipv4_packet, &self.caps.checksum));
    |             ----^^^^^^^^^
    |             |
    |             help: remove this `mut`
    |
    = note: `#[warn(unused_mut)]` (part of `#[warn(unused)]`) on by default

warning: unused variable: `frag`
   --> /home/daivy/projects/serial/work/StarryOS/crates/smoltcp/src/iface/interface/ipv4.rs:101:9
    |
101 |         frag: &'a mut FragmentsBuffer,
    |         ^^^^ help: if this is intentional, prefix it with an underscore: `_frag`
    |
    = note: `#[warn(unused_variables)]` (part of `#[warn(unused)]`) on by default

warning: unused variable: `repr`
    --> /home/daivy/projects/serial/work/StarryOS/crates/smoltcp/src/iface/interface/mod.rs:1274:26
     |
1274 |             IpRepr::Ipv4(repr) => {
     |                          ^^^^ help: if this is intentional, prefix it with an underscore: `_repr`

warning: variable does not need to be mutable
   --> /home/daivy/projects/serial/work/StarryOS/crates/smoltcp/src/socket/dns.rs:247:13
    |
247 |         let mut mdns = MulticastDns::Disabled;
    |             ----^^^^
    |             |
    |             help: remove this `mut`

warning: methods `link_local_ipv6_address` and `mldv2_report_packet` are never used
   --> /home/daivy/projects/serial/work/StarryOS/crates/smoltcp/src/iface/interface/ipv6.rs:173:8
    |
 23 | impl InterfaceInner {
    | ------------------- methods in this implementation
...
173 |     fn link_local_ipv6_address(&self) -> Option<Ipv6Address> {
    |        ^^^^^^^^^^^^^^^^^^^^^^^
...
565 |     pub(super) fn mldv2_report_packet<'any>(
    |                   ^^^^^^^^^^^^^^^^^^^
    |
    = note: `#[warn(dead_code)]` (part of `#[warn(unused)]`) on by default

warning: variant `HopByHopIcmpv6` is never constructed
   --> /home/daivy/projects/serial/work/StarryOS/crates/smoltcp/src/iface/packet.rs:218:5
    |
210 | pub(crate) enum IpPayload<'p> {
    |                 --------- variant in this enum
...
218 |     HopByHopIcmpv6(Ipv6HopByHopRepr<'p>, Icmpv6Repr<'p>),
    |     ^^^^^^^^^^^^^^
    |
    = note: `IpPayload` has a derived impl for the trait `Debug`, but this is intentionally ignored during dead code analysis

warning: method `is_solicited_node_multicast` is never used
   --> /home/daivy/projects/serial/work/StarryOS/crates/smoltcp/src/wire/ipv6.rs:125:8
    |
 80 | pub(crate) trait AddressExt {
    |                  ---------- method in this trait
...
125 |     fn is_solicited_node_multicast(&self) -> bool;
    |        ^^^^^^^^^^^^^^^^^^^^^^^^^^^

warning: method `emit_header` is never used
   --> /home/daivy/projects/serial/work/StarryOS/crates/smoltcp/src/wire/udp.rs:275:19
    |
232 | impl Repr {
    | --------- method in this implementation
...
275 |     pub(crate) fn emit_header<T>(&self, packet: &mut Packet<&mut T>, payload_len: usize)
    |                   ^^^^^^^^^^^


running 109 tests
[32m.(B[m[32m.(B[m[32m.(B[m[32m.(B[m[32m.(B[m[32m.(B[m[32m.(B[m[32m.(B[m[32m.(B[m[32m.(B[m[32m.(B[m[32m.(B[m[32m.(B[m[32m.(B[m[32m.(B[m[32m.(B[m[32m.(B[m[32m.(B[m[32m.(B[m[32m.(B[m[32m.(B[m[32m.(B[m[32m.(B[m[32m.(B[m[32m.(B[m[32m.(B[m[32m.(B[m[32m.(B[m[32m.(B[m[32m.(B[m[32m.(B[m[32m.(B[m[32m.(B[m[32m.(B[m[32m.(B[m[32m.(B[m[32m.(B[m[32m.(B[m[32m.(B[m[32m.(B[m[32m.(B[m[32m.(B[m[32m.(B[m[32m.(B[m[32m.(B[m[32m.(B[m[32m.(B[m[32m.(B[m[32m.(B[m[32m.(B[m[32m.(B[m[32m.(B[m[32m.(B[m[32m.(B[m[32m.(B[m[32m.(B[m[32m.(B[m[32m.(B[m[32m.(B[m[32m.(B[m[32m.(B[m[32m.(B[m[32m.(B[m[32m.(B[m[32m.(B[m[32m.(B[m[32m.(B[m[32m.(B[m[32m.(B[m[32m.(B[m[32m.(B[m[32m.(B[m[32m.(B[m[32m.(B[m[32m.(B[m[32m.(B[m[32m.(B[m[32m.(B[m[32m.(B[m[32m.(B[m[32m.(B[m[32m.(B[m[32m.(B[m[32m.(B[m[32m.(B[m[32m.(B[m[32m.(B[m 87/109
[32m.(B[m[32m.(B[m[32m.(B[m[32m.(B[m[32m.(B[m[32m.(B[m[32m.(B[m[32m.(B[m[32m.(B[m[32m.(B[m[32m.(B[m[32m.(B[m[32m.(B[m[32m.(B[m[32m.(B[m[32m.(B[m[32m.(B[m[32m.(B[m[32m.(B[m[32m.(B[m[32m.(B[m[32m.(B[m
test result: [32mok(B[m. 109 passed; 0 failed; 0 ignored; 0 measured; 0 filtered out; finished in 0.02s

warning: `/home/daivy/.cargo/config` is deprecated in favor of `config.toml`
  |
  = help: if you need to support cargo 1.38 or earlier, you can symlink `config` to `config.toml`
warning: unused import: `crate::iface::Route`
 --> /home/daivy/projects/serial/work/StarryOS/crates/smoltcp/src/iface/interface/ipv6.rs:3:5
  |
3 | use crate::iface::Route;
  |     ^^^^^^^^^^^^^^^^^^^
  |
  = note: `#[warn(unused_imports)]` (part of `#[warn(unused)]`) on by default

warning: unused import: `super::fragmentation::PacketAssemblerSet`
  --> /home/daivy/projects/serial/work/StarryOS/crates/smoltcp/src/iface/interface/mod.rs:35:5
   |
35 | use super::fragmentation::PacketAssemblerSet;
   |     ^^^^^^^^^^^^^^^^^^^^^^^^^^^^^^^^^^^^^^^^

warning: unused imports: `IFACE_MAX_PREFIX_COUNT` and `IFACE_MAX_SIXLOWPAN_ADDRESS_CONTEXT_COUNT`
  --> /home/daivy/projects/serial/work/StarryOS/crates/smoltcp/src/iface/interface/mod.rs:42:27
   |
42 |     IFACE_MAX_ADDR_COUNT, IFACE_MAX_PREFIX_COUNT, IFACE_MAX_SIXLOWPAN_ADDRESS_CONTEXT_COUNT,
   |                           ^^^^^^^^^^^^^^^^^^^^^^  ^^^^^^^^^^^^^^^^^^^^^^^^^^^^^^^^^^^^^^^^^

warning: variable does not need to be mutable
   --> /home/daivy/projects/serial/work/StarryOS/crates/smoltcp/src/iface/interface/ipv4.rs:103:13
    |
103 |         let mut ipv4_repr = check!(Ipv4Repr::parse(ipv4_packet, &self.caps.checksum));
    |             ----^^^^^^^^^
    |             |
    |             help: remove this `mut`
    |
    = note: `#[warn(unused_mut)]` (part of `#[warn(unused)]`) on by default

warning: unused variable: `frag`
   --> /home/daivy/projects/serial/work/StarryOS/crates/smoltcp/src/iface/interface/ipv4.rs:101:9
    |
101 |         frag: &'a mut FragmentsBuffer,
    |         ^^^^ help: if this is intentional, prefix it with an underscore: `_frag`
    |
    = note: `#[warn(unused_variables)]` (part of `#[warn(unused)]`) on by default

warning: unused variable: `repr`
    --> /home/daivy/projects/serial/work/StarryOS/crates/smoltcp/src/iface/interface/mod.rs:1274:26
     |
1274 |             IpRepr::Ipv4(repr) => {
     |                          ^^^^ help: if this is intentional, prefix it with an underscore: `_repr`

warning: variable does not need to be mutable
   --> /home/daivy/projects/serial/work/StarryOS/crates/smoltcp/src/socket/dns.rs:247:13
    |
247 |         let mut mdns = MulticastDns::Disabled;
    |             ----^^^^
    |             |
    |             help: remove this `mut`

warning: methods `link_local_ipv6_address` and `mldv2_report_packet` are never used
   --> /home/daivy/projects/serial/work/StarryOS/crates/smoltcp/src/iface/interface/ipv6.rs:173:8
    |
 23 | impl InterfaceInner {
    | ------------------- methods in this implementation
...
173 |     fn link_local_ipv6_address(&self) -> Option<Ipv6Address> {
    |        ^^^^^^^^^^^^^^^^^^^^^^^
...
565 |     pub(super) fn mldv2_report_packet<'any>(
    |                   ^^^^^^^^^^^^^^^^^^^
    |
    = note: `#[warn(dead_code)]` (part of `#[warn(unused)]`) on by default

warning: variant `HopByHopIcmpv6` is never constructed
   --> /home/daivy/projects/serial/work/StarryOS/crates/smoltcp/src/iface/packet.rs:218:5
    |
210 | pub(crate) enum IpPayload<'p> {
    |                 --------- variant in this enum
...
218 |     HopByHopIcmpv6(Ipv6HopByHopRepr<'p>, Icmpv6Repr<'p>),
    |     ^^^^^^^^^^^^^^
    |
    = note: `IpPayload` has a derived impl for the trait `Debug`, but this is intentionally ignored during dead code analysis

warning: method `is_solicited_node_multicast` is never used
   --> /home/daivy/projects/serial/work/StarryOS/crates/smoltcp/src/wire/ipv6.rs:125:8
    |
 80 | pub(crate) trait AddressExt {
    |                  ---------- method in this trait
...
125 |     fn is_solicited_node_multicast(&self) -> bool;
    |        ^^^^^^^^^^^^^^^^^^^^^^^^^^^

warning: method `emit_header` is never used
   --> /home/daivy/projects/serial/work/StarryOS/crates/smoltcp/src/wire/udp.rs:275:19
    |
232 | impl Repr {
    | --------- method in this implementation
...
275 |     pub(crate) fn emit_header<T>(&self, packet: &mut Packet<&mut T>, payload_len: usize)
    |                   ^^^^^^^^^^^


running 109 tests
[32m.(B[m[32m.(B[m[32m.(B[m[32m.(B[m[32m.(B[m[32m.(B[m[32m.(B[m[32m.(B[m[32m.(B[m[32m.(B[m[32m.(B[m[32m.(B[m[32m.(B[m[32m.(B[m[32m.(B[m[32m.(B[m[32m.(B[m[32m.(B[m[32m.(B[m[32m.(B[m[32m.(B[m[32m.(B[m[32m.(B[m[32m.(B[m[32m.(B[m[32m.(B[m[32m.(B[m[32m.(B[m[32m.(B[m[32m.(B[m[32m.(B[m[32m.(B[m[32m.(B[m[32m.(B[m[32m.(B[m[32m.(B[m[32m.(B[m[32m.(B[m[32m.(B[m[32m.(B[m[32m.(B[m[32m.(B[m[32m.(B[m[32m.(B[m[32m.(B[m[32m.(B[m[32m.(B[m[32m.(B[m[32m.(B[m[32m.(B[m[32m.(B[m[32m.(B[m[32m.(B[m[32m.(B[m[32m.(B[m[32m.(B[m[32m.(B[m[32m.(B[m[32m.(B[m[32m.(B[m[32m.(B[m[32m.(B[m[32m.(B[m[32m.(B[m[32m.(B[m[32m.(B[m[32m.(B[m[32m.(B[m[32m.(B[m[32m.(B[m[32m.(B[m[32m.(B[m[32m.(B[m[32m.(B[m[32m.(B[m[32m.(B[m[32m.(B[m[32m.(B[m[32m.(B[m[32m.(B[m[32m.(B[m[32m.(B[m[32m.(B[m[32m.(B[m[32m.(B[m[32m.(B[m[32m.(B[m 87/109
[32m.(B[m[32m.(B[m[32m.(B[m[32m.(B[m[32m.(B[m[32m.(B[m[32m.(B[m[32m.(B[m[32m.(B[m[32m.(B[m[32m.(B[m[32m.(B[m[32m.(B[m[32m.(B[m[32m.(B[m[32m.(B[m[32m.(B[m[32m.(B[m[32m.(B[m[32m.(B[m[32m.(B[m[32m.(B[m
test result: [32mok(B[m. 109 passed; 0 failed; 0 ignored; 0 measured; 0 filtered out; finished in 0.02s

warning: `/home/daivy/.cargo/config` is deprecated in favor of `config.toml`
  |
  = help: if you need to support cargo 1.38 or earlier, you can symlink `config` to `config.toml`
warning: unused import: `crate::iface::Route`
 --> /home/daivy/projects/serial/work/StarryOS/crates/smoltcp/src/iface/interface/ipv6.rs:3:5
  |
3 | use crate::iface::Route;
  |     ^^^^^^^^^^^^^^^^^^^
  |
  = note: `#[warn(unused_imports)]` (part of `#[warn(unused)]`) on by default

warning: unused import: `super::fragmentation::PacketAssemblerSet`
  --> /home/daivy/projects/serial/work/StarryOS/crates/smoltcp/src/iface/interface/mod.rs:35:5
   |
35 | use super::fragmentation::PacketAssemblerSet;
   |     ^^^^^^^^^^^^^^^^^^^^^^^^^^^^^^^^^^^^^^^^

warning: unused imports: `IFACE_MAX_PREFIX_COUNT` and `IFACE_MAX_SIXLOWPAN_ADDRESS_CONTEXT_COUNT`
  --> /home/daivy/projects/serial/work/StarryOS/crates/smoltcp/src/iface/interface/mod.rs:42:27
   |
42 |     IFACE_MAX_ADDR_COUNT, IFACE_MAX_PREFIX_COUNT, IFACE_MAX_SIXLOWPAN_ADDRESS_CONTEXT_COUNT,
   |                           ^^^^^^^^^^^^^^^^^^^^^^  ^^^^^^^^^^^^^^^^^^^^^^^^^^^^^^^^^^^^^^^^^

warning: variable does not need to be mutable
   --> /home/daivy/projects/serial/work/StarryOS/crates/smoltcp/src/iface/interface/ipv4.rs:103:13
    |
103 |         let mut ipv4_repr = check!(Ipv4Repr::parse(ipv4_packet, &self.caps.checksum));
    |             ----^^^^^^^^^
    |             |
    |             help: remove this `mut`
    |
    = note: `#[warn(unused_mut)]` (part of `#[warn(unused)]`) on by default

warning: unused variable: `frag`
   --> /home/daivy/projects/serial/work/StarryOS/crates/smoltcp/src/iface/interface/ipv4.rs:101:9
    |
101 |         frag: &'a mut FragmentsBuffer,
    |         ^^^^ help: if this is intentional, prefix it with an underscore: `_frag`
    |
    = note: `#[warn(unused_variables)]` (part of `#[warn(unused)]`) on by default

warning: unused variable: `repr`
    --> /home/daivy/projects/serial/work/StarryOS/crates/smoltcp/src/iface/interface/mod.rs:1274:26
     |
1274 |             IpRepr::Ipv4(repr) => {
     |                          ^^^^ help: if this is intentional, prefix it with an underscore: `_repr`

warning: variable does not need to be mutable
   --> /home/daivy/projects/serial/work/StarryOS/crates/smoltcp/src/socket/dns.rs:247:13
    |
247 |         let mut mdns = MulticastDns::Disabled;
    |             ----^^^^
    |             |
    |             help: remove this `mut`

warning: methods `link_local_ipv6_address` and `mldv2_report_packet` are never used
   --> /home/daivy/projects/serial/work/StarryOS/crates/smoltcp/src/iface/interface/ipv6.rs:173:8
    |
 23 | impl InterfaceInner {
    | ------------------- methods in this implementation
...
173 |     fn link_local_ipv6_address(&self) -> Option<Ipv6Address> {
    |        ^^^^^^^^^^^^^^^^^^^^^^^
...
565 |     pub(super) fn mldv2_report_packet<'any>(
    |                   ^^^^^^^^^^^^^^^^^^^
    |
    = note: `#[warn(dead_code)]` (part of `#[warn(unused)]`) on by default

warning: variant `HopByHopIcmpv6` is never constructed
   --> /home/daivy/projects/serial/work/StarryOS/crates/smoltcp/src/iface/packet.rs:218:5
    |
210 | pub(crate) enum IpPayload<'p> {
    |                 --------- variant in this enum
...
218 |     HopByHopIcmpv6(Ipv6HopByHopRepr<'p>, Icmpv6Repr<'p>),
    |     ^^^^^^^^^^^^^^
    |
    = note: `IpPayload` has a derived impl for the trait `Debug`, but this is intentionally ignored during dead code analysis

warning: method `is_solicited_node_multicast` is never used
   --> /home/daivy/projects/serial/work/StarryOS/crates/smoltcp/src/wire/ipv6.rs:125:8
    |
 80 | pub(crate) trait AddressExt {
    |                  ---------- method in this trait
...
125 |     fn is_solicited_node_multicast(&self) -> bool;
    |        ^^^^^^^^^^^^^^^^^^^^^^^^^^^

warning: method `emit_header` is never used
   --> /home/daivy/projects/serial/work/StarryOS/crates/smoltcp/src/wire/udp.rs:275:19
    |
232 | impl Repr {
    | --------- method in this implementation
...
275 |     pub(crate) fn emit_header<T>(&self, packet: &mut Packet<&mut T>, payload_len: usize)
    |                   ^^^^^^^^^^^


running 109 tests
[32m.(B[m[32m.(B[m[32m.(B[m[32m.(B[m[32m.(B[m[32m.(B[m[32m.(B[m[32m.(B[m[32m.(B[m[32m.(B[m[32m.(B[m[32m.(B[m[32m.(B[m[32m.(B[m[32m.(B[m[32m.(B[m[32m.(B[m[32m.(B[m[32m.(B[m[32m.(B[m[32m.(B[m[32m.(B[m[32m.(B[m[32m.(B[m[32m.(B[m[32m.(B[m[32m.(B[m[32m.(B[m[32m.(B[m[32m.(B[m[32m.(B[m[32m.(B[m[32m.(B[m[32m.(B[m[32m.(B[m[32m.(B[m[32m.(B[m[32m.(B[m[32m.(B[m[32m.(B[m[32m.(B[m[32m.(B[m[32m.(B[m[32m.(B[m[32m.(B[m[32m.(B[m[32m.(B[m[32m.(B[m[32m.(B[m[32m.(B[m[32m.(B[m[32m.(B[m[32m.(B[m[32m.(B[m[32m.(B[m[32m.(B[m[32m.(B[m[32m.(B[m[32m.(B[m[32m.(B[m[32m.(B[m[32m.(B[m[32m.(B[m[32m.(B[m[32m.(B[m[32m.(B[m[32m.(B[m[32m.(B[m[32m.(B[m[32m.(B[m[32m.(B[m[32m.(B[m[32m.(B[m[32m.(B[m[32m.(B[m[32m.(B[m[32m.(B[m[32m.(B[m[32m.(B[m[32m.(B[m[32m.(B[m[32m.(B[m[32m.(B[m[32m.(B[m[32m.(B[m[32m.(B[m[32m.(B[m 87/109
[32m.(B[m[32m.(B[m[32m.(B[m[32m.(B[m[32m.(B[m[32m.(B[m[32m.(B[m[32m.(B[m[32m.(B[m[32m.(B[m[32m.(B[m[32m.(B[m[32m.(B[m[32m.(B[m[32m.(B[m[32m.(B[m[32m.(B[m[32m.(B[m[32m.(B[m[32m.(B[m[32m.(B[m[32m.(B[m
test result: [32mok(B[m. 109 passed; 0 failed; 0 ignored; 0 measured; 0 filtered out; finished in 0.01s

warning: `/home/daivy/.cargo/config` is deprecated in favor of `config.toml`
  |
  = help: if you need to support cargo 1.38 or earlier, you can symlink `config` to `config.toml`
warning: unused import: `crate::iface::Route`
 --> /home/daivy/projects/serial/work/StarryOS/crates/smoltcp/src/iface/interface/ipv6.rs:3:5
  |
3 | use crate::iface::Route;
  |     ^^^^^^^^^^^^^^^^^^^
  |
  = note: `#[warn(unused_imports)]` (part of `#[warn(unused)]`) on by default

warning: unused import: `super::fragmentation::PacketAssemblerSet`
  --> /home/daivy/projects/serial/work/StarryOS/crates/smoltcp/src/iface/interface/mod.rs:35:5
   |
35 | use super::fragmentation::PacketAssemblerSet;
   |     ^^^^^^^^^^^^^^^^^^^^^^^^^^^^^^^^^^^^^^^^

warning: unused imports: `IFACE_MAX_PREFIX_COUNT` and `IFACE_MAX_SIXLOWPAN_ADDRESS_CONTEXT_COUNT`
  --> /home/daivy/projects/serial/work/StarryOS/crates/smoltcp/src/iface/interface/mod.rs:42:27
   |
42 |     IFACE_MAX_ADDR_COUNT, IFACE_MAX_PREFIX_COUNT, IFACE_MAX_SIXLOWPAN_ADDRESS_CONTEXT_COUNT,
   |                           ^^^^^^^^^^^^^^^^^^^^^^  ^^^^^^^^^^^^^^^^^^^^^^^^^^^^^^^^^^^^^^^^^

warning: variable does not need to be mutable
   --> /home/daivy/projects/serial/work/StarryOS/crates/smoltcp/src/iface/interface/ipv4.rs:103:13
    |
103 |         let mut ipv4_repr = check!(Ipv4Repr::parse(ipv4_packet, &self.caps.checksum));
    |             ----^^^^^^^^^
    |             |
    |             help: remove this `mut`
    |
    = note: `#[warn(unused_mut)]` (part of `#[warn(unused)]`) on by default

warning: unused variable: `frag`
   --> /home/daivy/projects/serial/work/StarryOS/crates/smoltcp/src/iface/interface/ipv4.rs:101:9
    |
101 |         frag: &'a mut FragmentsBuffer,
    |         ^^^^ help: if this is intentional, prefix it with an underscore: `_frag`
    |
    = note: `#[warn(unused_variables)]` (part of `#[warn(unused)]`) on by default

warning: unused variable: `repr`
    --> /home/daivy/projects/serial/work/StarryOS/crates/smoltcp/src/iface/interface/mod.rs:1274:26
     |
1274 |             IpRepr::Ipv4(repr) => {
     |                          ^^^^ help: if this is intentional, prefix it with an underscore: `_repr`

warning: variable does not need to be mutable
   --> /home/daivy/projects/serial/work/StarryOS/crates/smoltcp/src/socket/dns.rs:247:13
    |
247 |         let mut mdns = MulticastDns::Disabled;
    |             ----^^^^
    |             |
    |             help: remove this `mut`

warning: methods `link_local_ipv6_address` and `mldv2_report_packet` are never used
   --> /home/daivy/projects/serial/work/StarryOS/crates/smoltcp/src/iface/interface/ipv6.rs:173:8
    |
 23 | impl InterfaceInner {
    | ------------------- methods in this implementation
...
173 |     fn link_local_ipv6_address(&self) -> Option<Ipv6Address> {
    |        ^^^^^^^^^^^^^^^^^^^^^^^
...
565 |     pub(super) fn mldv2_report_packet<'any>(
    |                   ^^^^^^^^^^^^^^^^^^^
    |
    = note: `#[warn(dead_code)]` (part of `#[warn(unused)]`) on by default

warning: variant `HopByHopIcmpv6` is never constructed
   --> /home/daivy/projects/serial/work/StarryOS/crates/smoltcp/src/iface/packet.rs:218:5
    |
210 | pub(crate) enum IpPayload<'p> {
    |                 --------- variant in this enum
...
218 |     HopByHopIcmpv6(Ipv6HopByHopRepr<'p>, Icmpv6Repr<'p>),
    |     ^^^^^^^^^^^^^^
    |
    = note: `IpPayload` has a derived impl for the trait `Debug`, but this is intentionally ignored during dead code analysis

warning: method `is_solicited_node_multicast` is never used
   --> /home/daivy/projects/serial/work/StarryOS/crates/smoltcp/src/wire/ipv6.rs:125:8
    |
 80 | pub(crate) trait AddressExt {
    |                  ---------- method in this trait
...
125 |     fn is_solicited_node_multicast(&self) -> bool;
    |        ^^^^^^^^^^^^^^^^^^^^^^^^^^^

warning: method `emit_header` is never used
   --> /home/daivy/projects/serial/work/StarryOS/crates/smoltcp/src/wire/udp.rs:275:19
    |
232 | impl Repr {
    | --------- method in this implementation
...
275 |     pub(crate) fn emit_header<T>(&self, packet: &mut Packet<&mut T>, payload_len: usize)
    |                   ^^^^^^^^^^^


running 109 tests
[32m.(B[m[32m.(B[m[32m.(B[m[32m.(B[m[32m.(B[m[32m.(B[m[32m.(B[m[32m.(B[m[32m.(B[m[32m.(B[m[32m.(B[m[32m.(B[m[32m.(B[m[32m.(B[m[32m.(B[m[32m.(B[m[32m.(B[m[32m.(B[m[32m.(B[m[32m.(B[m[32m.(B[m[32m.(B[m[32m.(B[m[32m.(B[m[32m.(B[m[32m.(B[m[32m.(B[m[32m.(B[m[32m.(B[m[32m.(B[m[32m.(B[m[32m.(B[m[32m.(B[m[32m.(B[m[32m.(B[m[32m.(B[m[32m.(B[m[32m.(B[m[32m.(B[m[32m.(B[m[32m.(B[m[32m.(B[m[32m.(B[m[32m.(B[m[32m.(B[m[32m.(B[m[32m.(B[m[32m.(B[m[32m.(B[m[32m.(B[m[32m.(B[m[32m.(B[m[32m.(B[m[32m.(B[m[32m.(B[m[32m.(B[m[32m.(B[m[32m.(B[m[32m.(B[m[32m.(B[m[32m.(B[m[32m.(B[m[32m.(B[m[32m.(B[m[32m.(B[m[32m.(B[m[32m.(B[m[32m.(B[m[32m.(B[m[32m.(B[m[32m.(B[m[32m.(B[m[32m.(B[m[32m.(B[m[32m.(B[m[32m.(B[m[32m.(B[m[32m.(B[m[32m.(B[m[32m.(B[m[32m.(B[m[32m.(B[m[32m.(B[m[32m.(B[m[32m.(B[m[32m.(B[m[32m.(B[m 87/109
[32m.(B[m[32m.(B[m[32m.(B[m[32m.(B[m[32m.(B[m[32m.(B[m[32m.(B[m[32m.(B[m[32m.(B[m[32m.(B[m[32m.(B[m[32m.(B[m[32m.(B[m[32m.(B[m[32m.(B[m[32m.(B[m[32m.(B[m[32m.(B[m[32m.(B[m[32m.(B[m[32m.(B[m[32m.(B[m
test result: [32mok(B[m. 109 passed; 0 failed; 0 ignored; 0 measured; 0 filtered out; finished in 0.02s

warning: `/home/daivy/.cargo/config` is deprecated in favor of `config.toml`
  |
  = help: if you need to support cargo 1.38 or earlier, you can symlink `config` to `config.toml`
warning: unused import: `crate::iface::Route`
 --> /home/daivy/projects/serial/work/StarryOS/crates/smoltcp/src/iface/interface/ipv6.rs:3:5
  |
3 | use crate::iface::Route;
  |     ^^^^^^^^^^^^^^^^^^^
  |
  = note: `#[warn(unused_imports)]` (part of `#[warn(unused)]`) on by default

warning: unused import: `super::fragmentation::PacketAssemblerSet`
  --> /home/daivy/projects/serial/work/StarryOS/crates/smoltcp/src/iface/interface/mod.rs:35:5
   |
35 | use super::fragmentation::PacketAssemblerSet;
   |     ^^^^^^^^^^^^^^^^^^^^^^^^^^^^^^^^^^^^^^^^

warning: unused imports: `IFACE_MAX_PREFIX_COUNT` and `IFACE_MAX_SIXLOWPAN_ADDRESS_CONTEXT_COUNT`
  --> /home/daivy/projects/serial/work/StarryOS/crates/smoltcp/src/iface/interface/mod.rs:42:27
   |
42 |     IFACE_MAX_ADDR_COUNT, IFACE_MAX_PREFIX_COUNT, IFACE_MAX_SIXLOWPAN_ADDRESS_CONTEXT_COUNT,
   |                           ^^^^^^^^^^^^^^^^^^^^^^  ^^^^^^^^^^^^^^^^^^^^^^^^^^^^^^^^^^^^^^^^^

warning: variable does not need to be mutable
   --> /home/daivy/projects/serial/work/StarryOS/crates/smoltcp/src/iface/interface/ipv4.rs:103:13
    |
103 |         let mut ipv4_repr = check!(Ipv4Repr::parse(ipv4_packet, &self.caps.checksum));
    |             ----^^^^^^^^^
    |             |
    |             help: remove this `mut`
    |
    = note: `#[warn(unused_mut)]` (part of `#[warn(unused)]`) on by default

warning: unused variable: `frag`
   --> /home/daivy/projects/serial/work/StarryOS/crates/smoltcp/src/iface/interface/ipv4.rs:101:9
    |
101 |         frag: &'a mut FragmentsBuffer,
    |         ^^^^ help: if this is intentional, prefix it with an underscore: `_frag`
    |
    = note: `#[warn(unused_variables)]` (part of `#[warn(unused)]`) on by default

warning: unused variable: `repr`
    --> /home/daivy/projects/serial/work/StarryOS/crates/smoltcp/src/iface/interface/mod.rs:1274:26
     |
1274 |             IpRepr::Ipv4(repr) => {
     |                          ^^^^ help: if this is intentional, prefix it with an underscore: `_repr`

warning: variable does not need to be mutable
   --> /home/daivy/projects/serial/work/StarryOS/crates/smoltcp/src/socket/dns.rs:247:13
    |
247 |         let mut mdns = MulticastDns::Disabled;
    |             ----^^^^
    |             |
    |             help: remove this `mut`

warning: methods `link_local_ipv6_address` and `mldv2_report_packet` are never used
   --> /home/daivy/projects/serial/work/StarryOS/crates/smoltcp/src/iface/interface/ipv6.rs:173:8
    |
 23 | impl InterfaceInner {
    | ------------------- methods in this implementation
...
173 |     fn link_local_ipv6_address(&self) -> Option<Ipv6Address> {
    |        ^^^^^^^^^^^^^^^^^^^^^^^
...
565 |     pub(super) fn mldv2_report_packet<'any>(
    |                   ^^^^^^^^^^^^^^^^^^^
    |
    = note: `#[warn(dead_code)]` (part of `#[warn(unused)]`) on by default

warning: variant `HopByHopIcmpv6` is never constructed
   --> /home/daivy/projects/serial/work/StarryOS/crates/smoltcp/src/iface/packet.rs:218:5
    |
210 | pub(crate) enum IpPayload<'p> {
    |                 --------- variant in this enum
...
218 |     HopByHopIcmpv6(Ipv6HopByHopRepr<'p>, Icmpv6Repr<'p>),
    |     ^^^^^^^^^^^^^^
    |
    = note: `IpPayload` has a derived impl for the trait `Debug`, but this is intentionally ignored during dead code analysis

warning: method `is_solicited_node_multicast` is never used
   --> /home/daivy/projects/serial/work/StarryOS/crates/smoltcp/src/wire/ipv6.rs:125:8
    |
 80 | pub(crate) trait AddressExt {
    |                  ---------- method in this trait
...
125 |     fn is_solicited_node_multicast(&self) -> bool;
    |        ^^^^^^^^^^^^^^^^^^^^^^^^^^^

warning: method `emit_header` is never used
   --> /home/daivy/projects/serial/work/StarryOS/crates/smoltcp/src/wire/udp.rs:275:19
    |
232 | impl Repr {
    | --------- method in this implementation
...
275 |     pub(crate) fn emit_header<T>(&self, packet: &mut Packet<&mut T>, payload_len: usize)
    |                   ^^^^^^^^^^^


running 109 tests
[32m.(B[m[32m.(B[m[32m.(B[m[32m.(B[m[32m.(B[m[32m.(B[m[32m.(B[m[32m.(B[m[32m.(B[m[32m.(B[m[32m.(B[m[32m.(B[m[32m.(B[m[32m.(B[m[32m.(B[m[32m.(B[m[32m.(B[m[32m.(B[m[32m.(B[m[32m.(B[m[32m.(B[m[32m.(B[m[32m.(B[m[32m.(B[m[32m.(B[m[32m.(B[m[32m.(B[m[32m.(B[m[32m.(B[m[32m.(B[m[32m.(B[m[32m.(B[m[32m.(B[m[32m.(B[m[32m.(B[m[32m.(B[m[32m.(B[m[32m.(B[m[32m.(B[m[32m.(B[m[32m.(B[m[32m.(B[m[32m.(B[m[32m.(B[m[32m.(B[m[32m.(B[m[32m.(B[m[32m.(B[m[32m.(B[m[32m.(B[m[32m.(B[m[32m.(B[m[32m.(B[m[32m.(B[m[32m.(B[m[32m.(B[m[32m.(B[m[32m.(B[m[32m.(B[m[32m.(B[m[32m.(B[m[32m.(B[m[32m.(B[m[32m.(B[m[32m.(B[m[32m.(B[m[32m.(B[m[32m.(B[m[32m.(B[m[32m.(B[m[32m.(B[m[32m.(B[m[32m.(B[m[32m.(B[m[32m.(B[m[32m.(B[m[32m.(B[m[32m.(B[m[32m.(B[m[32m.(B[m[32m.(B[m[32m.(B[m[32m.(B[m[32m.(B[m[32m.(B[m[32m.(B[m[32m.(B[m 87/109
[32m.(B[m[32m.(B[m[32m.(B[m[32m.(B[m[32m.(B[m[32m.(B[m[32m.(B[m[32m.(B[m[32m.(B[m[32m.(B[m[32m.(B[m[32m.(B[m[32m.(B[m[32m.(B[m[32m.(B[m[32m.(B[m[32m.(B[m[32m.(B[m[32m.(B[m[32m.(B[m[32m.(B[m[32m.(B[m
test result: [32mok(B[m. 109 passed; 0 failed; 0 ignored; 0 measured; 0 filtered out; finished in 0.03s

warning: `/home/daivy/.cargo/config` is deprecated in favor of `config.toml`
  |
  = help: if you need to support cargo 1.38 or earlier, you can symlink `config` to `config.toml`
warning: unused import: `crate::iface::Route`
 --> /home/daivy/projects/serial/work/StarryOS/crates/smoltcp/src/iface/interface/ipv6.rs:3:5
  |
3 | use crate::iface::Route;
  |     ^^^^^^^^^^^^^^^^^^^
  |
  = note: `#[warn(unused_imports)]` (part of `#[warn(unused)]`) on by default

warning: unused import: `super::fragmentation::PacketAssemblerSet`
  --> /home/daivy/projects/serial/work/StarryOS/crates/smoltcp/src/iface/interface/mod.rs:35:5
   |
35 | use super::fragmentation::PacketAssemblerSet;
   |     ^^^^^^^^^^^^^^^^^^^^^^^^^^^^^^^^^^^^^^^^

warning: unused imports: `IFACE_MAX_PREFIX_COUNT` and `IFACE_MAX_SIXLOWPAN_ADDRESS_CONTEXT_COUNT`
  --> /home/daivy/projects/serial/work/StarryOS/crates/smoltcp/src/iface/interface/mod.rs:42:27
   |
42 |     IFACE_MAX_ADDR_COUNT, IFACE_MAX_PREFIX_COUNT, IFACE_MAX_SIXLOWPAN_ADDRESS_CONTEXT_COUNT,
   |                           ^^^^^^^^^^^^^^^^^^^^^^  ^^^^^^^^^^^^^^^^^^^^^^^^^^^^^^^^^^^^^^^^^

warning: variable does not need to be mutable
   --> /home/daivy/projects/serial/work/StarryOS/crates/smoltcp/src/iface/interface/ipv4.rs:103:13
    |
103 |         let mut ipv4_repr = check!(Ipv4Repr::parse(ipv4_packet, &self.caps.checksum));
    |             ----^^^^^^^^^
    |             |
    |             help: remove this `mut`
    |
    = note: `#[warn(unused_mut)]` (part of `#[warn(unused)]`) on by default

warning: unused variable: `frag`
   --> /home/daivy/projects/serial/work/StarryOS/crates/smoltcp/src/iface/interface/ipv4.rs:101:9
    |
101 |         frag: &'a mut FragmentsBuffer,
    |         ^^^^ help: if this is intentional, prefix it with an underscore: `_frag`
    |
    = note: `#[warn(unused_variables)]` (part of `#[warn(unused)]`) on by default

warning: unused variable: `repr`
    --> /home/daivy/projects/serial/work/StarryOS/crates/smoltcp/src/iface/interface/mod.rs:1274:26
     |
1274 |             IpRepr::Ipv4(repr) => {
     |                          ^^^^ help: if this is intentional, prefix it with an underscore: `_repr`

warning: variable does not need to be mutable
   --> /home/daivy/projects/serial/work/StarryOS/crates/smoltcp/src/socket/dns.rs:247:13
    |
247 |         let mut mdns = MulticastDns::Disabled;
    |             ----^^^^
    |             |
    |             help: remove this `mut`

warning: methods `link_local_ipv6_address` and `mldv2_report_packet` are never used
   --> /home/daivy/projects/serial/work/StarryOS/crates/smoltcp/src/iface/interface/ipv6.rs:173:8
    |
 23 | impl InterfaceInner {
    | ------------------- methods in this implementation
...
173 |     fn link_local_ipv6_address(&self) -> Option<Ipv6Address> {
    |        ^^^^^^^^^^^^^^^^^^^^^^^
...
565 |     pub(super) fn mldv2_report_packet<'any>(
    |                   ^^^^^^^^^^^^^^^^^^^
    |
    = note: `#[warn(dead_code)]` (part of `#[warn(unused)]`) on by default

warning: variant `HopByHopIcmpv6` is never constructed
   --> /home/daivy/projects/serial/work/StarryOS/crates/smoltcp/src/iface/packet.rs:218:5
    |
210 | pub(crate) enum IpPayload<'p> {
    |                 --------- variant in this enum
...
218 |     HopByHopIcmpv6(Ipv6HopByHopRepr<'p>, Icmpv6Repr<'p>),
    |     ^^^^^^^^^^^^^^
    |
    = note: `IpPayload` has a derived impl for the trait `Debug`, but this is intentionally ignored during dead code analysis

warning: method `is_solicited_node_multicast` is never used
   --> /home/daivy/projects/serial/work/StarryOS/crates/smoltcp/src/wire/ipv6.rs:125:8
    |
 80 | pub(crate) trait AddressExt {
    |                  ---------- method in this trait
...
125 |     fn is_solicited_node_multicast(&self) -> bool;
    |        ^^^^^^^^^^^^^^^^^^^^^^^^^^^

warning: method `emit_header` is never used
   --> /home/daivy/projects/serial/work/StarryOS/crates/smoltcp/src/wire/udp.rs:275:19
    |
232 | impl Repr {
    | --------- method in this implementation
...
275 |     pub(crate) fn emit_header<T>(&self, packet: &mut Packet<&mut T>, payload_len: usize)
    |                   ^^^^^^^^^^^


running 109 tests
[32m.(B[m[32m.(B[m[32m.(B[m[32m.(B[m[32m.(B[m[32m.(B[m[32m.(B[m[32m.(B[m[32m.(B[m[32m.(B[m[32m.(B[m[32m.(B[m[32m.(B[m[32m.(B[m[32m.(B[m[32m.(B[m[32m.(B[m[32m.(B[m[32m.(B[m[32m.(B[m[32m.(B[m[32m.(B[m[32m.(B[m[32m.(B[m[32m.(B[m[32m.(B[m[32m.(B[m[32m.(B[m[32m.(B[m[32m.(B[m[32m.(B[m[32m.(B[m[32m.(B[m[32m.(B[m[32m.(B[m[32m.(B[m[32m.(B[m[32m.(B[m[32m.(B[m[32m.(B[m[32m.(B[m[32m.(B[m[32m.(B[m[32m.(B[m[32m.(B[m[32m.(B[m[32m.(B[m[32m.(B[m[32m.(B[m[32m.(B[m[32m.(B[m[32m.(B[m[32m.(B[m[32m.(B[m[32m.(B[m[32m.(B[m[32m.(B[m[32m.(B[m[32m.(B[m[32m.(B[m[32m.(B[m[32m.(B[m[32m.(B[m[32m.(B[m[32m.(B[m[32m.(B[m[32m.(B[m[32m.(B[m[32m.(B[m[32m.(B[m[32m.(B[m[32m.(B[m[32m.(B[m[32m.(B[m[32m.(B[m[32m.(B[m[32m.(B[m[32m.(B[m[32m.(B[m[32m.(B[m[32m.(B[m[32m.(B[m[32m.(B[m[32m.(B[m[32m.(B[m[32m.(B[m[32m.(B[m 87/109
[32m.(B[m[32m.(B[m[32m.(B[m[32m.(B[m[32m.(B[m[32m.(B[m[32m.(B[m[32m.(B[m[32m.(B[m[32m.(B[m[32m.(B[m[32m.(B[m[32m.(B[m[32m.(B[m[32m.(B[m[32m.(B[m[32m.(B[m[32m.(B[m[32m.(B[m[32m.(B[m[32m.(B[m[32m.(B[m
test result: [32mok(B[m. 109 passed; 0 failed; 0 ignored; 0 measured; 0 filtered out; finished in 0.01s

warning: `/home/daivy/.cargo/config` is deprecated in favor of `config.toml`
  |
  = help: if you need to support cargo 1.38 or earlier, you can symlink `config` to `config.toml`
warning: unused import: `crate::iface::Route`
 --> /home/daivy/projects/serial/work/StarryOS/crates/smoltcp/src/iface/interface/ipv6.rs:3:5
  |
3 | use crate::iface::Route;
  |     ^^^^^^^^^^^^^^^^^^^
  |
  = note: `#[warn(unused_imports)]` (part of `#[warn(unused)]`) on by default

warning: unused import: `super::fragmentation::PacketAssemblerSet`
  --> /home/daivy/projects/serial/work/StarryOS/crates/smoltcp/src/iface/interface/mod.rs:35:5
   |
35 | use super::fragmentation::PacketAssemblerSet;
   |     ^^^^^^^^^^^^^^^^^^^^^^^^^^^^^^^^^^^^^^^^

warning: unused imports: `IFACE_MAX_PREFIX_COUNT` and `IFACE_MAX_SIXLOWPAN_ADDRESS_CONTEXT_COUNT`
  --> /home/daivy/projects/serial/work/StarryOS/crates/smoltcp/src/iface/interface/mod.rs:42:27
   |
42 |     IFACE_MAX_ADDR_COUNT, IFACE_MAX_PREFIX_COUNT, IFACE_MAX_SIXLOWPAN_ADDRESS_CONTEXT_COUNT,
   |                           ^^^^^^^^^^^^^^^^^^^^^^  ^^^^^^^^^^^^^^^^^^^^^^^^^^^^^^^^^^^^^^^^^

warning: variable does not need to be mutable
   --> /home/daivy/projects/serial/work/StarryOS/crates/smoltcp/src/iface/interface/ipv4.rs:103:13
    |
103 |         let mut ipv4_repr = check!(Ipv4Repr::parse(ipv4_packet, &self.caps.checksum));
    |             ----^^^^^^^^^
    |             |
    |             help: remove this `mut`
    |
    = note: `#[warn(unused_mut)]` (part of `#[warn(unused)]`) on by default

warning: unused variable: `frag`
   --> /home/daivy/projects/serial/work/StarryOS/crates/smoltcp/src/iface/interface/ipv4.rs:101:9
    |
101 |         frag: &'a mut FragmentsBuffer,
    |         ^^^^ help: if this is intentional, prefix it with an underscore: `_frag`
    |
    = note: `#[warn(unused_variables)]` (part of `#[warn(unused)]`) on by default

warning: unused variable: `repr`
    --> /home/daivy/projects/serial/work/StarryOS/crates/smoltcp/src/iface/interface/mod.rs:1274:26
     |
1274 |             IpRepr::Ipv4(repr) => {
     |                          ^^^^ help: if this is intentional, prefix it with an underscore: `_repr`

warning: variable does not need to be mutable
   --> /home/daivy/projects/serial/work/StarryOS/crates/smoltcp/src/socket/dns.rs:247:13
    |
247 |         let mut mdns = MulticastDns::Disabled;
    |             ----^^^^
    |             |
    |             help: remove this `mut`

warning: methods `link_local_ipv6_address` and `mldv2_report_packet` are never used
   --> /home/daivy/projects/serial/work/StarryOS/crates/smoltcp/src/iface/interface/ipv6.rs:173:8
    |
 23 | impl InterfaceInner {
    | ------------------- methods in this implementation
...
173 |     fn link_local_ipv6_address(&self) -> Option<Ipv6Address> {
    |        ^^^^^^^^^^^^^^^^^^^^^^^
...
565 |     pub(super) fn mldv2_report_packet<'any>(
    |                   ^^^^^^^^^^^^^^^^^^^
    |
    = note: `#[warn(dead_code)]` (part of `#[warn(unused)]`) on by default

warning: variant `HopByHopIcmpv6` is never constructed
   --> /home/daivy/projects/serial/work/StarryOS/crates/smoltcp/src/iface/packet.rs:218:5
    |
210 | pub(crate) enum IpPayload<'p> {
    |                 --------- variant in this enum
...
218 |     HopByHopIcmpv6(Ipv6HopByHopRepr<'p>, Icmpv6Repr<'p>),
    |     ^^^^^^^^^^^^^^
    |
    = note: `IpPayload` has a derived impl for the trait `Debug`, but this is intentionally ignored during dead code analysis

warning: method `is_solicited_node_multicast` is never used
   --> /home/daivy/projects/serial/work/StarryOS/crates/smoltcp/src/wire/ipv6.rs:125:8
    |
 80 | pub(crate) trait AddressExt {
    |                  ---------- method in this trait
...
125 |     fn is_solicited_node_multicast(&self) -> bool;
    |        ^^^^^^^^^^^^^^^^^^^^^^^^^^^

warning: method `emit_header` is never used
   --> /home/daivy/projects/serial/work/StarryOS/crates/smoltcp/src/wire/udp.rs:275:19
    |
232 | impl Repr {
    | --------- method in this implementation
...
275 |     pub(crate) fn emit_header<T>(&self, packet: &mut Packet<&mut T>, payload_len: usize)
    |                   ^^^^^^^^^^^


running 109 tests
[32m.(B[m[32m.(B[m[32m.(B[m[32m.(B[m[32m.(B[m[32m.(B[m[32m.(B[m[32m.(B[m[32m.(B[m[32m.(B[m[32m.(B[m[32m.(B[m[32m.(B[m[32m.(B[m[32m.(B[m[32m.(B[m[32m.(B[m[32m.(B[m[32m.(B[m[32m.(B[m[32m.(B[m[32m.(B[m[32m.(B[m[32m.(B[m[32m.(B[m[32m.(B[m[32m.(B[m[32m.(B[m[32m.(B[m[32m.(B[m[32m.(B[m[32m.(B[m[32m.(B[m[32m.(B[m[32m.(B[m[32m.(B[m[32m.(B[m[32m.(B[m[32m.(B[m[32m.(B[m[32m.(B[m[32m.(B[m[32m.(B[m[32m.(B[m[32m.(B[m[32m.(B[m[32m.(B[m[32m.(B[m[32m.(B[m[32m.(B[m[32m.(B[m[32m.(B[m[32m.(B[m[32m.(B[m[32m.(B[m[32m.(B[m[32m.(B[m[32m.(B[m[32m.(B[m[32m.(B[m[32m.(B[m[32m.(B[m[32m.(B[m[32m.(B[m[32m.(B[m[32m.(B[m[32m.(B[m[32m.(B[m[32m.(B[m[32m.(B[m[32m.(B[m[32m.(B[m[32m.(B[m[32m.(B[m[32m.(B[m[32m.(B[m[32m.(B[m[32m.(B[m[32m.(B[m[32m.(B[m[32m.(B[m[32m.(B[m[32m.(B[m[32m.(B[m[32m.(B[m[32m.(B[m[32m.(B[m 87/109
[32m.(B[m[32m.(B[m[32m.(B[m[32m.(B[m[32m.(B[m[32m.(B[m[32m.(B[m[32m.(B[m[32m.(B[m[32m.(B[m[32m.(B[m[32m.(B[m[32m.(B[m[32m.(B[m[32m.(B[m[32m.(B[m[32m.(B[m[32m.(B[m[32m.(B[m[32m.(B[m[32m.(B[m[32m.(B[m
test result: [32mok(B[m. 109 passed; 0 failed; 0 ignored; 0 measured; 0 filtered out; finished in 0.02s

warning: `/home/daivy/.cargo/config` is deprecated in favor of `config.toml`
  |
  = help: if you need to support cargo 1.38 or earlier, you can symlink `config` to `config.toml`
warning: unused import: `crate::iface::Route`
 --> /home/daivy/projects/serial/work/StarryOS/crates/smoltcp/src/iface/interface/ipv6.rs:3:5
  |
3 | use crate::iface::Route;
  |     ^^^^^^^^^^^^^^^^^^^
  |
  = note: `#[warn(unused_imports)]` (part of `#[warn(unused)]`) on by default

warning: unused import: `super::fragmentation::PacketAssemblerSet`
  --> /home/daivy/projects/serial/work/StarryOS/crates/smoltcp/src/iface/interface/mod.rs:35:5
   |
35 | use super::fragmentation::PacketAssemblerSet;
   |     ^^^^^^^^^^^^^^^^^^^^^^^^^^^^^^^^^^^^^^^^

warning: unused imports: `IFACE_MAX_PREFIX_COUNT` and `IFACE_MAX_SIXLOWPAN_ADDRESS_CONTEXT_COUNT`
  --> /home/daivy/projects/serial/work/StarryOS/crates/smoltcp/src/iface/interface/mod.rs:42:27
   |
42 |     IFACE_MAX_ADDR_COUNT, IFACE_MAX_PREFIX_COUNT, IFACE_MAX_SIXLOWPAN_ADDRESS_CONTEXT_COUNT,
   |                           ^^^^^^^^^^^^^^^^^^^^^^  ^^^^^^^^^^^^^^^^^^^^^^^^^^^^^^^^^^^^^^^^^

warning: variable does not need to be mutable
   --> /home/daivy/projects/serial/work/StarryOS/crates/smoltcp/src/iface/interface/ipv4.rs:103:13
    |
103 |         let mut ipv4_repr = check!(Ipv4Repr::parse(ipv4_packet, &self.caps.checksum));
    |             ----^^^^^^^^^
    |             |
    |             help: remove this `mut`
    |
    = note: `#[warn(unused_mut)]` (part of `#[warn(unused)]`) on by default

warning: unused variable: `frag`
   --> /home/daivy/projects/serial/work/StarryOS/crates/smoltcp/src/iface/interface/ipv4.rs:101:9
    |
101 |         frag: &'a mut FragmentsBuffer,
    |         ^^^^ help: if this is intentional, prefix it with an underscore: `_frag`
    |
    = note: `#[warn(unused_variables)]` (part of `#[warn(unused)]`) on by default

warning: unused variable: `repr`
    --> /home/daivy/projects/serial/work/StarryOS/crates/smoltcp/src/iface/interface/mod.rs:1274:26
     |
1274 |             IpRepr::Ipv4(repr) => {
     |                          ^^^^ help: if this is intentional, prefix it with an underscore: `_repr`

warning: variable does not need to be mutable
   --> /home/daivy/projects/serial/work/StarryOS/crates/smoltcp/src/socket/dns.rs:247:13
    |
247 |         let mut mdns = MulticastDns::Disabled;
    |             ----^^^^
    |             |
    |             help: remove this `mut`

warning: methods `link_local_ipv6_address` and `mldv2_report_packet` are never used
   --> /home/daivy/projects/serial/work/StarryOS/crates/smoltcp/src/iface/interface/ipv6.rs:173:8
    |
 23 | impl InterfaceInner {
    | ------------------- methods in this implementation
...
173 |     fn link_local_ipv6_address(&self) -> Option<Ipv6Address> {
    |        ^^^^^^^^^^^^^^^^^^^^^^^
...
565 |     pub(super) fn mldv2_report_packet<'any>(
    |                   ^^^^^^^^^^^^^^^^^^^
    |
    = note: `#[warn(dead_code)]` (part of `#[warn(unused)]`) on by default

warning: variant `HopByHopIcmpv6` is never constructed
   --> /home/daivy/projects/serial/work/StarryOS/crates/smoltcp/src/iface/packet.rs:218:5
    |
210 | pub(crate) enum IpPayload<'p> {
    |                 --------- variant in this enum
...
218 |     HopByHopIcmpv6(Ipv6HopByHopRepr<'p>, Icmpv6Repr<'p>),
    |     ^^^^^^^^^^^^^^
    |
    = note: `IpPayload` has a derived impl for the trait `Debug`, but this is intentionally ignored during dead code analysis

warning: method `is_solicited_node_multicast` is never used
   --> /home/daivy/projects/serial/work/StarryOS/crates/smoltcp/src/wire/ipv6.rs:125:8
    |
 80 | pub(crate) trait AddressExt {
    |                  ---------- method in this trait
...
125 |     fn is_solicited_node_multicast(&self) -> bool;
    |        ^^^^^^^^^^^^^^^^^^^^^^^^^^^

warning: method `emit_header` is never used
   --> /home/daivy/projects/serial/work/StarryOS/crates/smoltcp/src/wire/udp.rs:275:19
    |
232 | impl Repr {
    | --------- method in this implementation
...
275 |     pub(crate) fn emit_header<T>(&self, packet: &mut Packet<&mut T>, payload_len: usize)
    |                   ^^^^^^^^^^^


running 109 tests
[32m.(B[m[32m.(B[m[32m.(B[m[32m.(B[m[32m.(B[m[32m.(B[m[32m.(B[m[32m.(B[m[32m.(B[m[32m.(B[m[32m.(B[m[32m.(B[m[32m.(B[m[32m.(B[m[32m.(B[m[32m.(B[m[32m.(B[m[32m.(B[m[32m.(B[m[32m.(B[m[32m.(B[m[32m.(B[m[32m.(B[m[32m.(B[m[32m.(B[m[32m.(B[m[32m.(B[m[32m.(B[m[32m.(B[m[32m.(B[m[32m.(B[m[32m.(B[m[32m.(B[m[32m.(B[m[32m.(B[m[32m.(B[m[32m.(B[m[32m.(B[m[32m.(B[m[32m.(B[m[32m.(B[m[32m.(B[m[32m.(B[m[32m.(B[m[32m.(B[m[32m.(B[m[32m.(B[m[32m.(B[m[32m.(B[m[32m.(B[m[32m.(B[m[32m.(B[m[32m.(B[m[32m.(B[m[32m.(B[m[32m.(B[m[32m.(B[m[32m.(B[m[32m.(B[m[32m.(B[m[32m.(B[m[32m.(B[m[32m.(B[m[32m.(B[m[32m.(B[m[32m.(B[m[32m.(B[m[32m.(B[m[32m.(B[m[32m.(B[m[32m.(B[m[32m.(B[m[32m.(B[m[32m.(B[m[32m.(B[m[32m.(B[m[32m.(B[m[32m.(B[m[32m.(B[m[32m.(B[m[32m.(B[m[32m.(B[m[32m.(B[m[32m.(B[m[32m.(B[m[32m.(B[m[32m.(B[m 87/109
[32m.(B[m[32m.(B[m[32m.(B[m[32m.(B[m[32m.(B[m[32m.(B[m[32m.(B[m[32m.(B[m[32m.(B[m[32m.(B[m[32m.(B[m[32m.(B[m[32m.(B[m[32m.(B[m[32m.(B[m[32m.(B[m[32m.(B[m[32m.(B[m[32m.(B[m[32m.(B[m[32m.(B[m[32m.(B[m
test result: [32mok(B[m. 109 passed; 0 failed; 0 ignored; 0 measured; 0 filtered out; finished in 0.01s

warning: `/home/daivy/.cargo/config` is deprecated in favor of `config.toml`
  |
  = help: if you need to support cargo 1.38 or earlier, you can symlink `config` to `config.toml`
warning: unused import: `crate::iface::Route`
 --> /home/daivy/projects/serial/work/StarryOS/crates/smoltcp/src/iface/interface/ipv6.rs:3:5
  |
3 | use crate::iface::Route;
  |     ^^^^^^^^^^^^^^^^^^^
  |
  = note: `#[warn(unused_imports)]` (part of `#[warn(unused)]`) on by default

warning: unused import: `super::fragmentation::PacketAssemblerSet`
  --> /home/daivy/projects/serial/work/StarryOS/crates/smoltcp/src/iface/interface/mod.rs:35:5
   |
35 | use super::fragmentation::PacketAssemblerSet;
   |     ^^^^^^^^^^^^^^^^^^^^^^^^^^^^^^^^^^^^^^^^

warning: unused imports: `IFACE_MAX_PREFIX_COUNT` and `IFACE_MAX_SIXLOWPAN_ADDRESS_CONTEXT_COUNT`
  --> /home/daivy/projects/serial/work/StarryOS/crates/smoltcp/src/iface/interface/mod.rs:42:27
   |
42 |     IFACE_MAX_ADDR_COUNT, IFACE_MAX_PREFIX_COUNT, IFACE_MAX_SIXLOWPAN_ADDRESS_CONTEXT_COUNT,
   |                           ^^^^^^^^^^^^^^^^^^^^^^  ^^^^^^^^^^^^^^^^^^^^^^^^^^^^^^^^^^^^^^^^^

warning: variable does not need to be mutable
   --> /home/daivy/projects/serial/work/StarryOS/crates/smoltcp/src/iface/interface/ipv4.rs:103:13
    |
103 |         let mut ipv4_repr = check!(Ipv4Repr::parse(ipv4_packet, &self.caps.checksum));
    |             ----^^^^^^^^^
    |             |
    |             help: remove this `mut`
    |
    = note: `#[warn(unused_mut)]` (part of `#[warn(unused)]`) on by default

warning: unused variable: `frag`
   --> /home/daivy/projects/serial/work/StarryOS/crates/smoltcp/src/iface/interface/ipv4.rs:101:9
    |
101 |         frag: &'a mut FragmentsBuffer,
    |         ^^^^ help: if this is intentional, prefix it with an underscore: `_frag`
    |
    = note: `#[warn(unused_variables)]` (part of `#[warn(unused)]`) on by default

warning: unused variable: `repr`
    --> /home/daivy/projects/serial/work/StarryOS/crates/smoltcp/src/iface/interface/mod.rs:1274:26
     |
1274 |             IpRepr::Ipv4(repr) => {
     |                          ^^^^ help: if this is intentional, prefix it with an underscore: `_repr`

warning: variable does not need to be mutable
   --> /home/daivy/projects/serial/work/StarryOS/crates/smoltcp/src/socket/dns.rs:247:13
    |
247 |         let mut mdns = MulticastDns::Disabled;
    |             ----^^^^
    |             |
    |             help: remove this `mut`

warning: methods `link_local_ipv6_address` and `mldv2_report_packet` are never used
   --> /home/daivy/projects/serial/work/StarryOS/crates/smoltcp/src/iface/interface/ipv6.rs:173:8
    |
 23 | impl InterfaceInner {
    | ------------------- methods in this implementation
...
173 |     fn link_local_ipv6_address(&self) -> Option<Ipv6Address> {
    |        ^^^^^^^^^^^^^^^^^^^^^^^
...
565 |     pub(super) fn mldv2_report_packet<'any>(
    |                   ^^^^^^^^^^^^^^^^^^^
    |
    = note: `#[warn(dead_code)]` (part of `#[warn(unused)]`) on by default

warning: variant `HopByHopIcmpv6` is never constructed
   --> /home/daivy/projects/serial/work/StarryOS/crates/smoltcp/src/iface/packet.rs:218:5
    |
210 | pub(crate) enum IpPayload<'p> {
    |                 --------- variant in this enum
...
218 |     HopByHopIcmpv6(Ipv6HopByHopRepr<'p>, Icmpv6Repr<'p>),
    |     ^^^^^^^^^^^^^^
    |
    = note: `IpPayload` has a derived impl for the trait `Debug`, but this is intentionally ignored during dead code analysis

warning: method `is_solicited_node_multicast` is never used
   --> /home/daivy/projects/serial/work/StarryOS/crates/smoltcp/src/wire/ipv6.rs:125:8
    |
 80 | pub(crate) trait AddressExt {
    |                  ---------- method in this trait
...
125 |     fn is_solicited_node_multicast(&self) -> bool;
    |        ^^^^^^^^^^^^^^^^^^^^^^^^^^^

warning: method `emit_header` is never used
   --> /home/daivy/projects/serial/work/StarryOS/crates/smoltcp/src/wire/udp.rs:275:19
    |
232 | impl Repr {
    | --------- method in this implementation
...
275 |     pub(crate) fn emit_header<T>(&self, packet: &mut Packet<&mut T>, payload_len: usize)
    |                   ^^^^^^^^^^^


running 109 tests
[32m.(B[m[32m.(B[m[32m.(B[m[32m.(B[m[32m.(B[m[32m.(B[m[32m.(B[m[32m.(B[m[32m.(B[m[32m.(B[m[32m.(B[m[32m.(B[m[32m.(B[m[32m.(B[m[32m.(B[m[32m.(B[m[32m.(B[m[32m.(B[m[32m.(B[m[32m.(B[m[32m.(B[m[32m.(B[m[32m.(B[m[32m.(B[m[32m.(B[m[32m.(B[m[32m.(B[m[32m.(B[m[32m.(B[m[32m.(B[m[32m.(B[m[32m.(B[m[32m.(B[m[32m.(B[m[32m.(B[m[32m.(B[m[32m.(B[m[32m.(B[m[32m.(B[m[32m.(B[m[32m.(B[m[32m.(B[m[32m.(B[m[32m.(B[m[32m.(B[m[32m.(B[m[32m.(B[m[32m.(B[m[32m.(B[m[32m.(B[m[32m.(B[m[32m.(B[m[32m.(B[m[32m.(B[m[32m.(B[m[32m.(B[m[32m.(B[m[32m.(B[m[32m.(B[m[32m.(B[m[32m.(B[m[32m.(B[m[32m.(B[m[32m.(B[m[32m.(B[m[32m.(B[m[32m.(B[m[32m.(B[m[32m.(B[m[32m.(B[m[32m.(B[m[32m.(B[m[32m.(B[m[32m.(B[m[32m.(B[m[32m.(B[m[32m.(B[m[32m.(B[m[32m.(B[m[32m.(B[m[32m.(B[m[32m.(B[m[32m.(B[m[32m.(B[m[32m.(B[m[32m.(B[m[32m.(B[m 87/109
[32m.(B[m[32m.(B[m[32m.(B[m[32m.(B[m[32m.(B[m[32m.(B[m[32m.(B[m[32m.(B[m[32m.(B[m[32m.(B[m[32m.(B[m[32m.(B[m[32m.(B[m[32m.(B[m[32m.(B[m[32m.(B[m[32m.(B[m[32m.(B[m[32m.(B[m[32m.(B[m[32m.(B[m[32m.(B[m
test result: [32mok(B[m. 109 passed; 0 failed; 0 ignored; 0 measured; 0 filtered out; finished in 0.02s

warning: `/home/daivy/.cargo/config` is deprecated in favor of `config.toml`
  |
  = help: if you need to support cargo 1.38 or earlier, you can symlink `config` to `config.toml`
warning: unused import: `crate::iface::Route`
 --> /home/daivy/projects/serial/work/StarryOS/crates/smoltcp/src/iface/interface/ipv6.rs:3:5
  |
3 | use crate::iface::Route;
  |     ^^^^^^^^^^^^^^^^^^^
  |
  = note: `#[warn(unused_imports)]` (part of `#[warn(unused)]`) on by default

warning: unused import: `super::fragmentation::PacketAssemblerSet`
  --> /home/daivy/projects/serial/work/StarryOS/crates/smoltcp/src/iface/interface/mod.rs:35:5
   |
35 | use super::fragmentation::PacketAssemblerSet;
   |     ^^^^^^^^^^^^^^^^^^^^^^^^^^^^^^^^^^^^^^^^

warning: unused imports: `IFACE_MAX_PREFIX_COUNT` and `IFACE_MAX_SIXLOWPAN_ADDRESS_CONTEXT_COUNT`
  --> /home/daivy/projects/serial/work/StarryOS/crates/smoltcp/src/iface/interface/mod.rs:42:27
   |
42 |     IFACE_MAX_ADDR_COUNT, IFACE_MAX_PREFIX_COUNT, IFACE_MAX_SIXLOWPAN_ADDRESS_CONTEXT_COUNT,
   |                           ^^^^^^^^^^^^^^^^^^^^^^  ^^^^^^^^^^^^^^^^^^^^^^^^^^^^^^^^^^^^^^^^^

warning: variable does not need to be mutable
   --> /home/daivy/projects/serial/work/StarryOS/crates/smoltcp/src/iface/interface/ipv4.rs:103:13
    |
103 |         let mut ipv4_repr = check!(Ipv4Repr::parse(ipv4_packet, &self.caps.checksum));
    |             ----^^^^^^^^^
    |             |
    |             help: remove this `mut`
    |
    = note: `#[warn(unused_mut)]` (part of `#[warn(unused)]`) on by default

warning: unused variable: `frag`
   --> /home/daivy/projects/serial/work/StarryOS/crates/smoltcp/src/iface/interface/ipv4.rs:101:9
    |
101 |         frag: &'a mut FragmentsBuffer,
    |         ^^^^ help: if this is intentional, prefix it with an underscore: `_frag`
    |
    = note: `#[warn(unused_variables)]` (part of `#[warn(unused)]`) on by default

warning: unused variable: `repr`
    --> /home/daivy/projects/serial/work/StarryOS/crates/smoltcp/src/iface/interface/mod.rs:1274:26
     |
1274 |             IpRepr::Ipv4(repr) => {
     |                          ^^^^ help: if this is intentional, prefix it with an underscore: `_repr`

warning: variable does not need to be mutable
   --> /home/daivy/projects/serial/work/StarryOS/crates/smoltcp/src/socket/dns.rs:247:13
    |
247 |         let mut mdns = MulticastDns::Disabled;
    |             ----^^^^
    |             |
    |             help: remove this `mut`

warning: methods `link_local_ipv6_address` and `mldv2_report_packet` are never used
   --> /home/daivy/projects/serial/work/StarryOS/crates/smoltcp/src/iface/interface/ipv6.rs:173:8
    |
 23 | impl InterfaceInner {
    | ------------------- methods in this implementation
...
173 |     fn link_local_ipv6_address(&self) -> Option<Ipv6Address> {
    |        ^^^^^^^^^^^^^^^^^^^^^^^
...
565 |     pub(super) fn mldv2_report_packet<'any>(
    |                   ^^^^^^^^^^^^^^^^^^^
    |
    = note: `#[warn(dead_code)]` (part of `#[warn(unused)]`) on by default

warning: variant `HopByHopIcmpv6` is never constructed
   --> /home/daivy/projects/serial/work/StarryOS/crates/smoltcp/src/iface/packet.rs:218:5
    |
210 | pub(crate) enum IpPayload<'p> {
    |                 --------- variant in this enum
...
218 |     HopByHopIcmpv6(Ipv6HopByHopRepr<'p>, Icmpv6Repr<'p>),
    |     ^^^^^^^^^^^^^^
    |
    = note: `IpPayload` has a derived impl for the trait `Debug`, but this is intentionally ignored during dead code analysis

warning: method `is_solicited_node_multicast` is never used
   --> /home/daivy/projects/serial/work/StarryOS/crates/smoltcp/src/wire/ipv6.rs:125:8
    |
 80 | pub(crate) trait AddressExt {
    |                  ---------- method in this trait
...
125 |     fn is_solicited_node_multicast(&self) -> bool;
    |        ^^^^^^^^^^^^^^^^^^^^^^^^^^^

warning: method `emit_header` is never used
   --> /home/daivy/projects/serial/work/StarryOS/crates/smoltcp/src/wire/udp.rs:275:19
    |
232 | impl Repr {
    | --------- method in this implementation
...
275 |     pub(crate) fn emit_header<T>(&self, packet: &mut Packet<&mut T>, payload_len: usize)
    |                   ^^^^^^^^^^^


running 109 tests
[32m.(B[m[32m.(B[m[32m.(B[m[32m.(B[m[32m.(B[m[32m.(B[m[32m.(B[m[32m.(B[m[32m.(B[m[32m.(B[m[32m.(B[m[32m.(B[m[32m.(B[m[32m.(B[m[32m.(B[m[32m.(B[m[32m.(B[m[32m.(B[m[32m.(B[m[32m.(B[m[32m.(B[m[32m.(B[m[32m.(B[m[32m.(B[m[32m.(B[m[32m.(B[m[32m.(B[m[32m.(B[m[32m.(B[m[32m.(B[m[32m.(B[m[32m.(B[m[32m.(B[m[32m.(B[m[32m.(B[m[32m.(B[m[32m.(B[m[32m.(B[m[32m.(B[m[32m.(B[m[32m.(B[m[32m.(B[m[32m.(B[m[32m.(B[m[32m.(B[m[32m.(B[m[32m.(B[m[32m.(B[m[32m.(B[m[32m.(B[m[32m.(B[m[32m.(B[m[32m.(B[m[32m.(B[m[32m.(B[m[32m.(B[m[32m.(B[m[32m.(B[m[32m.(B[m[32m.(B[m[32m.(B[m[32m.(B[m[32m.(B[m[32m.(B[m[32m.(B[m[32m.(B[m[32m.(B[m[32m.(B[m[32m.(B[m[32m.(B[m[32m.(B[m[32m.(B[m[32m.(B[m[32m.(B[m[32m.(B[m[32m.(B[m[32m.(B[m[32m.(B[m[32m.(B[m[32m.(B[m[32m.(B[m[32m.(B[m[32m.(B[m[32m.(B[m[32m.(B[m[32m.(B[m[32m.(B[m 87/109
[32m.(B[m[32m.(B[m[32m.(B[m[32m.(B[m[32m.(B[m[32m.(B[m[32m.(B[m[32m.(B[m[32m.(B[m[32m.(B[m[32m.(B[m[32m.(B[m[32m.(B[m[32m.(B[m[32m.(B[m[32m.(B[m[32m.(B[m[32m.(B[m[32m.(B[m[32m.(B[m[32m.(B[m[32m.(B[m
test result: [32mok(B[m. 109 passed; 0 failed; 0 ignored; 0 measured; 0 filtered out; finished in 0.02s

warning: `/home/daivy/.cargo/config` is deprecated in favor of `config.toml`
  |
  = help: if you need to support cargo 1.38 or earlier, you can symlink `config` to `config.toml`
warning: unused import: `crate::iface::Route`
 --> /home/daivy/projects/serial/work/StarryOS/crates/smoltcp/src/iface/interface/ipv6.rs:3:5
  |
3 | use crate::iface::Route;
  |     ^^^^^^^^^^^^^^^^^^^
  |
  = note: `#[warn(unused_imports)]` (part of `#[warn(unused)]`) on by default

warning: unused import: `super::fragmentation::PacketAssemblerSet`
  --> /home/daivy/projects/serial/work/StarryOS/crates/smoltcp/src/iface/interface/mod.rs:35:5
   |
35 | use super::fragmentation::PacketAssemblerSet;
   |     ^^^^^^^^^^^^^^^^^^^^^^^^^^^^^^^^^^^^^^^^

warning: unused imports: `IFACE_MAX_PREFIX_COUNT` and `IFACE_MAX_SIXLOWPAN_ADDRESS_CONTEXT_COUNT`
  --> /home/daivy/projects/serial/work/StarryOS/crates/smoltcp/src/iface/interface/mod.rs:42:27
   |
42 |     IFACE_MAX_ADDR_COUNT, IFACE_MAX_PREFIX_COUNT, IFACE_MAX_SIXLOWPAN_ADDRESS_CONTEXT_COUNT,
   |                           ^^^^^^^^^^^^^^^^^^^^^^  ^^^^^^^^^^^^^^^^^^^^^^^^^^^^^^^^^^^^^^^^^

warning: variable does not need to be mutable
   --> /home/daivy/projects/serial/work/StarryOS/crates/smoltcp/src/iface/interface/ipv4.rs:103:13
    |
103 |         let mut ipv4_repr = check!(Ipv4Repr::parse(ipv4_packet, &self.caps.checksum));
    |             ----^^^^^^^^^
    |             |
    |             help: remove this `mut`
    |
    = note: `#[warn(unused_mut)]` (part of `#[warn(unused)]`) on by default

warning: unused variable: `frag`
   --> /home/daivy/projects/serial/work/StarryOS/crates/smoltcp/src/iface/interface/ipv4.rs:101:9
    |
101 |         frag: &'a mut FragmentsBuffer,
    |         ^^^^ help: if this is intentional, prefix it with an underscore: `_frag`
    |
    = note: `#[warn(unused_variables)]` (part of `#[warn(unused)]`) on by default

warning: unused variable: `repr`
    --> /home/daivy/projects/serial/work/StarryOS/crates/smoltcp/src/iface/interface/mod.rs:1274:26
     |
1274 |             IpRepr::Ipv4(repr) => {
     |                          ^^^^ help: if this is intentional, prefix it with an underscore: `_repr`

warning: variable does not need to be mutable
   --> /home/daivy/projects/serial/work/StarryOS/crates/smoltcp/src/socket/dns.rs:247:13
    |
247 |         let mut mdns = MulticastDns::Disabled;
    |             ----^^^^
    |             |
    |             help: remove this `mut`

warning: methods `link_local_ipv6_address` and `mldv2_report_packet` are never used
   --> /home/daivy/projects/serial/work/StarryOS/crates/smoltcp/src/iface/interface/ipv6.rs:173:8
    |
 23 | impl InterfaceInner {
    | ------------------- methods in this implementation
...
173 |     fn link_local_ipv6_address(&self) -> Option<Ipv6Address> {
    |        ^^^^^^^^^^^^^^^^^^^^^^^
...
565 |     pub(super) fn mldv2_report_packet<'any>(
    |                   ^^^^^^^^^^^^^^^^^^^
    |
    = note: `#[warn(dead_code)]` (part of `#[warn(unused)]`) on by default

warning: variant `HopByHopIcmpv6` is never constructed
   --> /home/daivy/projects/serial/work/StarryOS/crates/smoltcp/src/iface/packet.rs:218:5
    |
210 | pub(crate) enum IpPayload<'p> {
    |                 --------- variant in this enum
...
218 |     HopByHopIcmpv6(Ipv6HopByHopRepr<'p>, Icmpv6Repr<'p>),
    |     ^^^^^^^^^^^^^^
    |
    = note: `IpPayload` has a derived impl for the trait `Debug`, but this is intentionally ignored during dead code analysis

warning: method `is_solicited_node_multicast` is never used
   --> /home/daivy/projects/serial/work/StarryOS/crates/smoltcp/src/wire/ipv6.rs:125:8
    |
 80 | pub(crate) trait AddressExt {
    |                  ---------- method in this trait
...
125 |     fn is_solicited_node_multicast(&self) -> bool;
    |        ^^^^^^^^^^^^^^^^^^^^^^^^^^^

warning: method `emit_header` is never used
   --> /home/daivy/projects/serial/work/StarryOS/crates/smoltcp/src/wire/udp.rs:275:19
    |
232 | impl Repr {
    | --------- method in this implementation
...
275 |     pub(crate) fn emit_header<T>(&self, packet: &mut Packet<&mut T>, payload_len: usize)
    |                   ^^^^^^^^^^^


running 109 tests
[32m.(B[m[32m.(B[m[32m.(B[m[32m.(B[m[32m.(B[m[32m.(B[m[32m.(B[m[32m.(B[m[32m.(B[m[32m.(B[m[32m.(B[m[32m.(B[m[32m.(B[m[32m.(B[m[32m.(B[m[32m.(B[m[32m.(B[m[32m.(B[m[32m.(B[m[32m.(B[m[32m.(B[m[32m.(B[m[32m.(B[m[32m.(B[m[32m.(B[m[32m.(B[m[32m.(B[m[32m.(B[m[32m.(B[m[32m.(B[m[32m.(B[m[32m.(B[m[32m.(B[m[32m.(B[m[32m.(B[m[32m.(B[m[32m.(B[m[32m.(B[m[32m.(B[m[32m.(B[m[32m.(B[m[32m.(B[m[32m.(B[m[32m.(B[m[32m.(B[m[32m.(B[m[32m.(B[m[32m.(B[m[32m.(B[m[32m.(B[m[32m.(B[m[32m.(B[m[32m.(B[m[32m.(B[m[32m.(B[m[32m.(B[m[32m.(B[m[32m.(B[m[32m.(B[m[32m.(B[m[32m.(B[m[32m.(B[m[32m.(B[m[32m.(B[m[32m.(B[m[32m.(B[m[32m.(B[m[32m.(B[m[32m.(B[m[32m.(B[m[32m.(B[m[32m.(B[m[32m.(B[m[32m.(B[m[32m.(B[m[32m.(B[m[32m.(B[m[32m.(B[m[32m.(B[m[32m.(B[m[32m.(B[m[32m.(B[m[32m.(B[m[32m.(B[m[32m.(B[m[32m.(B[m[32m.(B[m 87/109
[32m.(B[m[32m.(B[m[32m.(B[m[32m.(B[m[32m.(B[m[32m.(B[m[32m.(B[m[32m.(B[m[32m.(B[m[32m.(B[m[32m.(B[m[32m.(B[m[32m.(B[m[32m.(B[m[32m.(B[m[32m.(B[m[32m.(B[m[32m.(B[m[32m.(B[m[32m.(B[m[32m.(B[m[32m.(B[m
test result: [32mok(B[m. 109 passed; 0 failed; 0 ignored; 0 measured; 0 filtered out; finished in 0.01s

warning: `/home/daivy/.cargo/config` is deprecated in favor of `config.toml`
  |
  = help: if you need to support cargo 1.38 or earlier, you can symlink `config` to `config.toml`
warning: unused import: `crate::iface::Route`
 --> /home/daivy/projects/serial/work/StarryOS/crates/smoltcp/src/iface/interface/ipv6.rs:3:5
  |
3 | use crate::iface::Route;
  |     ^^^^^^^^^^^^^^^^^^^
  |
  = note: `#[warn(unused_imports)]` (part of `#[warn(unused)]`) on by default

warning: unused import: `super::fragmentation::PacketAssemblerSet`
  --> /home/daivy/projects/serial/work/StarryOS/crates/smoltcp/src/iface/interface/mod.rs:35:5
   |
35 | use super::fragmentation::PacketAssemblerSet;
   |     ^^^^^^^^^^^^^^^^^^^^^^^^^^^^^^^^^^^^^^^^

warning: unused imports: `IFACE_MAX_PREFIX_COUNT` and `IFACE_MAX_SIXLOWPAN_ADDRESS_CONTEXT_COUNT`
  --> /home/daivy/projects/serial/work/StarryOS/crates/smoltcp/src/iface/interface/mod.rs:42:27
   |
42 |     IFACE_MAX_ADDR_COUNT, IFACE_MAX_PREFIX_COUNT, IFACE_MAX_SIXLOWPAN_ADDRESS_CONTEXT_COUNT,
   |                           ^^^^^^^^^^^^^^^^^^^^^^  ^^^^^^^^^^^^^^^^^^^^^^^^^^^^^^^^^^^^^^^^^

warning: variable does not need to be mutable
   --> /home/daivy/projects/serial/work/StarryOS/crates/smoltcp/src/iface/interface/ipv4.rs:103:13
    |
103 |         let mut ipv4_repr = check!(Ipv4Repr::parse(ipv4_packet, &self.caps.checksum));
    |             ----^^^^^^^^^
    |             |
    |             help: remove this `mut`
    |
    = note: `#[warn(unused_mut)]` (part of `#[warn(unused)]`) on by default

warning: unused variable: `frag`
   --> /home/daivy/projects/serial/work/StarryOS/crates/smoltcp/src/iface/interface/ipv4.rs:101:9
    |
101 |         frag: &'a mut FragmentsBuffer,
    |         ^^^^ help: if this is intentional, prefix it with an underscore: `_frag`
    |
    = note: `#[warn(unused_variables)]` (part of `#[warn(unused)]`) on by default

warning: unused variable: `repr`
    --> /home/daivy/projects/serial/work/StarryOS/crates/smoltcp/src/iface/interface/mod.rs:1274:26
     |
1274 |             IpRepr::Ipv4(repr) => {
     |                          ^^^^ help: if this is intentional, prefix it with an underscore: `_repr`

warning: variable does not need to be mutable
   --> /home/daivy/projects/serial/work/StarryOS/crates/smoltcp/src/socket/dns.rs:247:13
    |
247 |         let mut mdns = MulticastDns::Disabled;
    |             ----^^^^
    |             |
    |             help: remove this `mut`

warning: methods `link_local_ipv6_address` and `mldv2_report_packet` are never used
   --> /home/daivy/projects/serial/work/StarryOS/crates/smoltcp/src/iface/interface/ipv6.rs:173:8
    |
 23 | impl InterfaceInner {
    | ------------------- methods in this implementation
...
173 |     fn link_local_ipv6_address(&self) -> Option<Ipv6Address> {
    |        ^^^^^^^^^^^^^^^^^^^^^^^
...
565 |     pub(super) fn mldv2_report_packet<'any>(
    |                   ^^^^^^^^^^^^^^^^^^^
    |
    = note: `#[warn(dead_code)]` (part of `#[warn(unused)]`) on by default

warning: variant `HopByHopIcmpv6` is never constructed
   --> /home/daivy/projects/serial/work/StarryOS/crates/smoltcp/src/iface/packet.rs:218:5
    |
210 | pub(crate) enum IpPayload<'p> {
    |                 --------- variant in this enum
...
218 |     HopByHopIcmpv6(Ipv6HopByHopRepr<'p>, Icmpv6Repr<'p>),
    |     ^^^^^^^^^^^^^^
    |
    = note: `IpPayload` has a derived impl for the trait `Debug`, but this is intentionally ignored during dead code analysis

warning: method `is_solicited_node_multicast` is never used
   --> /home/daivy/projects/serial/work/StarryOS/crates/smoltcp/src/wire/ipv6.rs:125:8
    |
 80 | pub(crate) trait AddressExt {
    |                  ---------- method in this trait
...
125 |     fn is_solicited_node_multicast(&self) -> bool;
    |        ^^^^^^^^^^^^^^^^^^^^^^^^^^^

warning: method `emit_header` is never used
   --> /home/daivy/projects/serial/work/StarryOS/crates/smoltcp/src/wire/udp.rs:275:19
    |
232 | impl Repr {
    | --------- method in this implementation
...
275 |     pub(crate) fn emit_header<T>(&self, packet: &mut Packet<&mut T>, payload_len: usize)
    |                   ^^^^^^^^^^^


running 109 tests
[32m.(B[m[32m.(B[m[32m.(B[m[32m.(B[m[32m.(B[m[32m.(B[m[32m.(B[m[32m.(B[m[32m.(B[m[32m.(B[m[32m.(B[m[32m.(B[m[32m.(B[m[32m.(B[m[32m.(B[m[32m.(B[m[32m.(B[m[32m.(B[m[32m.(B[m[32m.(B[m[32m.(B[m[32m.(B[m[32m.(B[m[32m.(B[m[32m.(B[m[32m.(B[m[32m.(B[m[32m.(B[m[32m.(B[m[32m.(B[m[32m.(B[m[32m.(B[m[32m.(B[m[32m.(B[m[32m.(B[m[32m.(B[m[32m.(B[m[32m.(B[m[32m.(B[m[32m.(B[m[32m.(B[m[32m.(B[m[32m.(B[m[32m.(B[m[32m.(B[m[32m.(B[m[32m.(B[m[32m.(B[m[32m.(B[m[32m.(B[m[32m.(B[m[32m.(B[m[32m.(B[m[32m.(B[m[32m.(B[m[32m.(B[m[32m.(B[m[32m.(B[m[32m.(B[m[32m.(B[m[32m.(B[m[32m.(B[m[32m.(B[m[32m.(B[m[32m.(B[m[32m.(B[m[32m.(B[m[32m.(B[m[32m.(B[m[32m.(B[m[32m.(B[m[32m.(B[m[32m.(B[m[32m.(B[m[32m.(B[m[32m.(B[m[32m.(B[m[32m.(B[m[32m.(B[m[32m.(B[m[32m.(B[m[32m.(B[m[32m.(B[m[32m.(B[m[32m.(B[m[32m.(B[m[32m.(B[m 87/109
[32m.(B[m[32m.(B[m[32m.(B[m[32m.(B[m[32m.(B[m[32m.(B[m[32m.(B[m[32m.(B[m[32m.(B[m[32m.(B[m[32m.(B[m[32m.(B[m[32m.(B[m[32m.(B[m[32m.(B[m[32m.(B[m[32m.(B[m[32m.(B[m[32m.(B[m[32m.(B[m[32m.(B[m[32m.(B[m
test result: [32mok(B[m. 109 passed; 0 failed; 0 ignored; 0 measured; 0 filtered out; finished in 0.02s

warning: `/home/daivy/.cargo/config` is deprecated in favor of `config.toml`
  |
  = help: if you need to support cargo 1.38 or earlier, you can symlink `config` to `config.toml`
warning: unused import: `crate::iface::Route`
 --> /home/daivy/projects/serial/work/StarryOS/crates/smoltcp/src/iface/interface/ipv6.rs:3:5
  |
3 | use crate::iface::Route;
  |     ^^^^^^^^^^^^^^^^^^^
  |
  = note: `#[warn(unused_imports)]` (part of `#[warn(unused)]`) on by default

warning: unused import: `super::fragmentation::PacketAssemblerSet`
  --> /home/daivy/projects/serial/work/StarryOS/crates/smoltcp/src/iface/interface/mod.rs:35:5
   |
35 | use super::fragmentation::PacketAssemblerSet;
   |     ^^^^^^^^^^^^^^^^^^^^^^^^^^^^^^^^^^^^^^^^

warning: unused imports: `IFACE_MAX_PREFIX_COUNT` and `IFACE_MAX_SIXLOWPAN_ADDRESS_CONTEXT_COUNT`
  --> /home/daivy/projects/serial/work/StarryOS/crates/smoltcp/src/iface/interface/mod.rs:42:27
   |
42 |     IFACE_MAX_ADDR_COUNT, IFACE_MAX_PREFIX_COUNT, IFACE_MAX_SIXLOWPAN_ADDRESS_CONTEXT_COUNT,
   |                           ^^^^^^^^^^^^^^^^^^^^^^  ^^^^^^^^^^^^^^^^^^^^^^^^^^^^^^^^^^^^^^^^^

warning: variable does not need to be mutable
   --> /home/daivy/projects/serial/work/StarryOS/crates/smoltcp/src/iface/interface/ipv4.rs:103:13
    |
103 |         let mut ipv4_repr = check!(Ipv4Repr::parse(ipv4_packet, &self.caps.checksum));
    |             ----^^^^^^^^^
    |             |
    |             help: remove this `mut`
    |
    = note: `#[warn(unused_mut)]` (part of `#[warn(unused)]`) on by default

warning: unused variable: `frag`
   --> /home/daivy/projects/serial/work/StarryOS/crates/smoltcp/src/iface/interface/ipv4.rs:101:9
    |
101 |         frag: &'a mut FragmentsBuffer,
    |         ^^^^ help: if this is intentional, prefix it with an underscore: `_frag`
    |
    = note: `#[warn(unused_variables)]` (part of `#[warn(unused)]`) on by default

warning: unused variable: `repr`
    --> /home/daivy/projects/serial/work/StarryOS/crates/smoltcp/src/iface/interface/mod.rs:1274:26
     |
1274 |             IpRepr::Ipv4(repr) => {
     |                          ^^^^ help: if this is intentional, prefix it with an underscore: `_repr`

warning: variable does not need to be mutable
   --> /home/daivy/projects/serial/work/StarryOS/crates/smoltcp/src/socket/dns.rs:247:13
    |
247 |         let mut mdns = MulticastDns::Disabled;
    |             ----^^^^
    |             |
    |             help: remove this `mut`

warning: methods `link_local_ipv6_address` and `mldv2_report_packet` are never used
   --> /home/daivy/projects/serial/work/StarryOS/crates/smoltcp/src/iface/interface/ipv6.rs:173:8
    |
 23 | impl InterfaceInner {
    | ------------------- methods in this implementation
...
173 |     fn link_local_ipv6_address(&self) -> Option<Ipv6Address> {
    |        ^^^^^^^^^^^^^^^^^^^^^^^
...
565 |     pub(super) fn mldv2_report_packet<'any>(
    |                   ^^^^^^^^^^^^^^^^^^^
    |
    = note: `#[warn(dead_code)]` (part of `#[warn(unused)]`) on by default

warning: variant `HopByHopIcmpv6` is never constructed
   --> /home/daivy/projects/serial/work/StarryOS/crates/smoltcp/src/iface/packet.rs:218:5
    |
210 | pub(crate) enum IpPayload<'p> {
    |                 --------- variant in this enum
...
218 |     HopByHopIcmpv6(Ipv6HopByHopRepr<'p>, Icmpv6Repr<'p>),
    |     ^^^^^^^^^^^^^^
    |
    = note: `IpPayload` has a derived impl for the trait `Debug`, but this is intentionally ignored during dead code analysis

warning: method `is_solicited_node_multicast` is never used
   --> /home/daivy/projects/serial/work/StarryOS/crates/smoltcp/src/wire/ipv6.rs:125:8
    |
 80 | pub(crate) trait AddressExt {
    |                  ---------- method in this trait
...
125 |     fn is_solicited_node_multicast(&self) -> bool;
    |        ^^^^^^^^^^^^^^^^^^^^^^^^^^^

warning: method `emit_header` is never used
   --> /home/daivy/projects/serial/work/StarryOS/crates/smoltcp/src/wire/udp.rs:275:19
    |
232 | impl Repr {
    | --------- method in this implementation
...
275 |     pub(crate) fn emit_header<T>(&self, packet: &mut Packet<&mut T>, payload_len: usize)
    |                   ^^^^^^^^^^^


running 109 tests
[32m.(B[m[32m.(B[m[32m.(B[m[32m.(B[m[32m.(B[m[32m.(B[m[32m.(B[m[32m.(B[m[32m.(B[m[32m.(B[m[32m.(B[m[32m.(B[m[32m.(B[m[32m.(B[m[32m.(B[m[32m.(B[m[32m.(B[m[32m.(B[m[32m.(B[m[32m.(B[m[32m.(B[m[32m.(B[m[32m.(B[m[32m.(B[m[32m.(B[m[32m.(B[m[32m.(B[m[32m.(B[m[32m.(B[m[32m.(B[m[32m.(B[m[32m.(B[m[32m.(B[m[32m.(B[m[32m.(B[m[32m.(B[m[32m.(B[m[32m.(B[m[32m.(B[m[32m.(B[m[32m.(B[m[32m.(B[m[32m.(B[m[32m.(B[m[32m.(B[m[32m.(B[m[32m.(B[m[32m.(B[m[32m.(B[m[32m.(B[m[32m.(B[m[32m.(B[m[32m.(B[m[32m.(B[m[32m.(B[m[32m.(B[m[32m.(B[m[32m.(B[m[32m.(B[m[32m.(B[m[32m.(B[m[32m.(B[m[32m.(B[m[32m.(B[m[32m.(B[m[32m.(B[m[32m.(B[m[32m.(B[m[32m.(B[m[32m.(B[m[32m.(B[m[32m.(B[m[32m.(B[m[32m.(B[m[32m.(B[m[32m.(B[m[32m.(B[m[32m.(B[m[32m.(B[m[32m.(B[m[32m.(B[m[32m.(B[m[32m.(B[m[32m.(B[m[32m.(B[m[32m.(B[m[32m.(B[m 87/109
[32m.(B[m[32m.(B[m[32m.(B[m[32m.(B[m[32m.(B[m[32m.(B[m[32m.(B[m[32m.(B[m[32m.(B[m[32m.(B[m[32m.(B[m[32m.(B[m[32m.(B[m[32m.(B[m[32m.(B[m[32m.(B[m[32m.(B[m[32m.(B[m[32m.(B[m[32m.(B[m[32m.(B[m[32m.(B[m
test result: [32mok(B[m. 109 passed; 0 failed; 0 ignored; 0 measured; 0 filtered out; finished in 0.03s

warning: `/home/daivy/.cargo/config` is deprecated in favor of `config.toml`
  |
  = help: if you need to support cargo 1.38 or earlier, you can symlink `config` to `config.toml`
warning: unused import: `crate::iface::Route`
 --> /home/daivy/projects/serial/work/StarryOS/crates/smoltcp/src/iface/interface/ipv6.rs:3:5
  |
3 | use crate::iface::Route;
  |     ^^^^^^^^^^^^^^^^^^^
  |
  = note: `#[warn(unused_imports)]` (part of `#[warn(unused)]`) on by default

warning: unused import: `super::fragmentation::PacketAssemblerSet`
  --> /home/daivy/projects/serial/work/StarryOS/crates/smoltcp/src/iface/interface/mod.rs:35:5
   |
35 | use super::fragmentation::PacketAssemblerSet;
   |     ^^^^^^^^^^^^^^^^^^^^^^^^^^^^^^^^^^^^^^^^

warning: unused imports: `IFACE_MAX_PREFIX_COUNT` and `IFACE_MAX_SIXLOWPAN_ADDRESS_CONTEXT_COUNT`
  --> /home/daivy/projects/serial/work/StarryOS/crates/smoltcp/src/iface/interface/mod.rs:42:27
   |
42 |     IFACE_MAX_ADDR_COUNT, IFACE_MAX_PREFIX_COUNT, IFACE_MAX_SIXLOWPAN_ADDRESS_CONTEXT_COUNT,
   |                           ^^^^^^^^^^^^^^^^^^^^^^  ^^^^^^^^^^^^^^^^^^^^^^^^^^^^^^^^^^^^^^^^^

warning: variable does not need to be mutable
   --> /home/daivy/projects/serial/work/StarryOS/crates/smoltcp/src/iface/interface/ipv4.rs:103:13
    |
103 |         let mut ipv4_repr = check!(Ipv4Repr::parse(ipv4_packet, &self.caps.checksum));
    |             ----^^^^^^^^^
    |             |
    |             help: remove this `mut`
    |
    = note: `#[warn(unused_mut)]` (part of `#[warn(unused)]`) on by default

warning: unused variable: `frag`
   --> /home/daivy/projects/serial/work/StarryOS/crates/smoltcp/src/iface/interface/ipv4.rs:101:9
    |
101 |         frag: &'a mut FragmentsBuffer,
    |         ^^^^ help: if this is intentional, prefix it with an underscore: `_frag`
    |
    = note: `#[warn(unused_variables)]` (part of `#[warn(unused)]`) on by default

warning: unused variable: `repr`
    --> /home/daivy/projects/serial/work/StarryOS/crates/smoltcp/src/iface/interface/mod.rs:1274:26
     |
1274 |             IpRepr::Ipv4(repr) => {
     |                          ^^^^ help: if this is intentional, prefix it with an underscore: `_repr`

warning: variable does not need to be mutable
   --> /home/daivy/projects/serial/work/StarryOS/crates/smoltcp/src/socket/dns.rs:247:13
    |
247 |         let mut mdns = MulticastDns::Disabled;
    |             ----^^^^
    |             |
    |             help: remove this `mut`

warning: methods `link_local_ipv6_address` and `mldv2_report_packet` are never used
   --> /home/daivy/projects/serial/work/StarryOS/crates/smoltcp/src/iface/interface/ipv6.rs:173:8
    |
 23 | impl InterfaceInner {
    | ------------------- methods in this implementation
...
173 |     fn link_local_ipv6_address(&self) -> Option<Ipv6Address> {
    |        ^^^^^^^^^^^^^^^^^^^^^^^
...
565 |     pub(super) fn mldv2_report_packet<'any>(
    |                   ^^^^^^^^^^^^^^^^^^^
    |
    = note: `#[warn(dead_code)]` (part of `#[warn(unused)]`) on by default

warning: variant `HopByHopIcmpv6` is never constructed
   --> /home/daivy/projects/serial/work/StarryOS/crates/smoltcp/src/iface/packet.rs:218:5
    |
210 | pub(crate) enum IpPayload<'p> {
    |                 --------- variant in this enum
...
218 |     HopByHopIcmpv6(Ipv6HopByHopRepr<'p>, Icmpv6Repr<'p>),
    |     ^^^^^^^^^^^^^^
    |
    = note: `IpPayload` has a derived impl for the trait `Debug`, but this is intentionally ignored during dead code analysis

warning: method `is_solicited_node_multicast` is never used
   --> /home/daivy/projects/serial/work/StarryOS/crates/smoltcp/src/wire/ipv6.rs:125:8
    |
 80 | pub(crate) trait AddressExt {
    |                  ---------- method in this trait
...
125 |     fn is_solicited_node_multicast(&self) -> bool;
    |        ^^^^^^^^^^^^^^^^^^^^^^^^^^^

warning: method `emit_header` is never used
   --> /home/daivy/projects/serial/work/StarryOS/crates/smoltcp/src/wire/udp.rs:275:19
    |
232 | impl Repr {
    | --------- method in this implementation
...
275 |     pub(crate) fn emit_header<T>(&self, packet: &mut Packet<&mut T>, payload_len: usize)
    |                   ^^^^^^^^^^^


running 109 tests
[32m.(B[m[32m.(B[m[32m.(B[m[32m.(B[m[32m.(B[m[32m.(B[m[32m.(B[m[32m.(B[m[32m.(B[m[32m.(B[m[32m.(B[m[32m.(B[m[32m.(B[m[32m.(B[m[32m.(B[m[32m.(B[m[32m.(B[m[32m.(B[m[32m.(B[m[32m.(B[m[32m.(B[m[32m.(B[m[32m.(B[m[32m.(B[m[32m.(B[m[32m.(B[m[32m.(B[m[32m.(B[m[32m.(B[m[32m.(B[m[32m.(B[m[32m.(B[m[32m.(B[m[32m.(B[m[32m.(B[m[32m.(B[m[32m.(B[m[32m.(B[m[32m.(B[m[32m.(B[m[32m.(B[m[32m.(B[m[32m.(B[m[32m.(B[m[32m.(B[m[32m.(B[m[32m.(B[m[32m.(B[m[32m.(B[m[32m.(B[m[32m.(B[m[32m.(B[m[32m.(B[m[32m.(B[m[32m.(B[m[32m.(B[m[32m.(B[m[32m.(B[m[32m.(B[m[32m.(B[m[32m.(B[m[32m.(B[m[32m.(B[m[32m.(B[m[32m.(B[m[32m.(B[m[32m.(B[m[32m.(B[m[32m.(B[m[32m.(B[m[32m.(B[m[32m.(B[m[32m.(B[m[32m.(B[m[32m.(B[m[32m.(B[m[32m.(B[m[32m.(B[m[32m.(B[m[32m.(B[m[32m.(B[m[32m.(B[m[32m.(B[m[32m.(B[m[32m.(B[m[32m.(B[m[32m.(B[m 87/109
[32m.(B[m[32m.(B[m[32m.(B[m[32m.(B[m[32m.(B[m[32m.(B[m[32m.(B[m[32m.(B[m[32m.(B[m[32m.(B[m[32m.(B[m[32m.(B[m[32m.(B[m[32m.(B[m[32m.(B[m[32m.(B[m[32m.(B[m[32m.(B[m[32m.(B[m[32m.(B[m[32m.(B[m[32m.(B[m
test result: [32mok(B[m. 109 passed; 0 failed; 0 ignored; 0 measured; 0 filtered out; finished in 0.02s

warning: `/home/daivy/.cargo/config` is deprecated in favor of `config.toml`
  |
  = help: if you need to support cargo 1.38 or earlier, you can symlink `config` to `config.toml`
warning: unused import: `crate::iface::Route`
 --> /home/daivy/projects/serial/work/StarryOS/crates/smoltcp/src/iface/interface/ipv6.rs:3:5
  |
3 | use crate::iface::Route;
  |     ^^^^^^^^^^^^^^^^^^^
  |
  = note: `#[warn(unused_imports)]` (part of `#[warn(unused)]`) on by default

warning: unused import: `super::fragmentation::PacketAssemblerSet`
  --> /home/daivy/projects/serial/work/StarryOS/crates/smoltcp/src/iface/interface/mod.rs:35:5
   |
35 | use super::fragmentation::PacketAssemblerSet;
   |     ^^^^^^^^^^^^^^^^^^^^^^^^^^^^^^^^^^^^^^^^

warning: unused imports: `IFACE_MAX_PREFIX_COUNT` and `IFACE_MAX_SIXLOWPAN_ADDRESS_CONTEXT_COUNT`
  --> /home/daivy/projects/serial/work/StarryOS/crates/smoltcp/src/iface/interface/mod.rs:42:27
   |
42 |     IFACE_MAX_ADDR_COUNT, IFACE_MAX_PREFIX_COUNT, IFACE_MAX_SIXLOWPAN_ADDRESS_CONTEXT_COUNT,
   |                           ^^^^^^^^^^^^^^^^^^^^^^  ^^^^^^^^^^^^^^^^^^^^^^^^^^^^^^^^^^^^^^^^^

warning: variable does not need to be mutable
   --> /home/daivy/projects/serial/work/StarryOS/crates/smoltcp/src/iface/interface/ipv4.rs:103:13
    |
103 |         let mut ipv4_repr = check!(Ipv4Repr::parse(ipv4_packet, &self.caps.checksum));
    |             ----^^^^^^^^^
    |             |
    |             help: remove this `mut`
    |
    = note: `#[warn(unused_mut)]` (part of `#[warn(unused)]`) on by default

warning: unused variable: `frag`
   --> /home/daivy/projects/serial/work/StarryOS/crates/smoltcp/src/iface/interface/ipv4.rs:101:9
    |
101 |         frag: &'a mut FragmentsBuffer,
    |         ^^^^ help: if this is intentional, prefix it with an underscore: `_frag`
    |
    = note: `#[warn(unused_variables)]` (part of `#[warn(unused)]`) on by default

warning: unused variable: `repr`
    --> /home/daivy/projects/serial/work/StarryOS/crates/smoltcp/src/iface/interface/mod.rs:1274:26
     |
1274 |             IpRepr::Ipv4(repr) => {
     |                          ^^^^ help: if this is intentional, prefix it with an underscore: `_repr`

warning: variable does not need to be mutable
   --> /home/daivy/projects/serial/work/StarryOS/crates/smoltcp/src/socket/dns.rs:247:13
    |
247 |         let mut mdns = MulticastDns::Disabled;
    |             ----^^^^
    |             |
    |             help: remove this `mut`

warning: methods `link_local_ipv6_address` and `mldv2_report_packet` are never used
   --> /home/daivy/projects/serial/work/StarryOS/crates/smoltcp/src/iface/interface/ipv6.rs:173:8
    |
 23 | impl InterfaceInner {
    | ------------------- methods in this implementation
...
173 |     fn link_local_ipv6_address(&self) -> Option<Ipv6Address> {
    |        ^^^^^^^^^^^^^^^^^^^^^^^
...
565 |     pub(super) fn mldv2_report_packet<'any>(
    |                   ^^^^^^^^^^^^^^^^^^^
    |
    = note: `#[warn(dead_code)]` (part of `#[warn(unused)]`) on by default

warning: variant `HopByHopIcmpv6` is never constructed
   --> /home/daivy/projects/serial/work/StarryOS/crates/smoltcp/src/iface/packet.rs:218:5
    |
210 | pub(crate) enum IpPayload<'p> {
    |                 --------- variant in this enum
...
218 |     HopByHopIcmpv6(Ipv6HopByHopRepr<'p>, Icmpv6Repr<'p>),
    |     ^^^^^^^^^^^^^^
    |
    = note: `IpPayload` has a derived impl for the trait `Debug`, but this is intentionally ignored during dead code analysis

warning: method `is_solicited_node_multicast` is never used
   --> /home/daivy/projects/serial/work/StarryOS/crates/smoltcp/src/wire/ipv6.rs:125:8
    |
 80 | pub(crate) trait AddressExt {
    |                  ---------- method in this trait
...
125 |     fn is_solicited_node_multicast(&self) -> bool;
    |        ^^^^^^^^^^^^^^^^^^^^^^^^^^^

warning: method `emit_header` is never used
   --> /home/daivy/projects/serial/work/StarryOS/crates/smoltcp/src/wire/udp.rs:275:19
    |
232 | impl Repr {
    | --------- method in this implementation
...
275 |     pub(crate) fn emit_header<T>(&self, packet: &mut Packet<&mut T>, payload_len: usize)
    |                   ^^^^^^^^^^^


running 109 tests
[32m.(B[m[32m.(B[m[32m.(B[m[32m.(B[m[32m.(B[m[32m.(B[m[32m.(B[m[32m.(B[m[32m.(B[m[32m.(B[m[32m.(B[m[32m.(B[m[32m.(B[m[32m.(B[m[32m.(B[m[32m.(B[m[32m.(B[m[32m.(B[m[32m.(B[m[32m.(B[m[32m.(B[m[32m.(B[m[32m.(B[m[32m.(B[m[32m.(B[m[32m.(B[m[32m.(B[m[32m.(B[m[32m.(B[m[32m.(B[m[32m.(B[m[32m.(B[m[32m.(B[m[32m.(B[m[32m.(B[m[32m.(B[m[32m.(B[m[32m.(B[m[32m.(B[m[32m.(B[m[32m.(B[m[32m.(B[m[32m.(B[m[32m.(B[m[32m.(B[m[32m.(B[m[32m.(B[m[32m.(B[m[32m.(B[m[32m.(B[m[32m.(B[m[32m.(B[m[32m.(B[m[32m.(B[m[32m.(B[m[32m.(B[m[32m.(B[m[32m.(B[m[32m.(B[m[32m.(B[m[32m.(B[m[32m.(B[m[32m.(B[m[32m.(B[m[32m.(B[m[32m.(B[m[32m.(B[m[32m.(B[m[32m.(B[m[32m.(B[m[32m.(B[m[32m.(B[m[32m.(B[m[32m.(B[m[32m.(B[m[32m.(B[m[32m.(B[m[32m.(B[m[32m.(B[m[32m.(B[m[32m.(B[m[32m.(B[m[32m.(B[m[32m.(B[m[32m.(B[m[32m.(B[m[32m.(B[m 87/109
[32m.(B[m[32m.(B[m[32m.(B[m[32m.(B[m[32m.(B[m[32m.(B[m[32m.(B[m[32m.(B[m[32m.(B[m[32m.(B[m[32m.(B[m[32m.(B[m[32m.(B[m[32m.(B[m[32m.(B[m[32m.(B[m[32m.(B[m[32m.(B[m[32m.(B[m[32m.(B[m[32m.(B[m[32m.(B[m
test result: [32mok(B[m. 109 passed; 0 failed; 0 ignored; 0 measured; 0 filtered out; finished in 0.01s

warning: `/home/daivy/.cargo/config` is deprecated in favor of `config.toml`
  |
  = help: if you need to support cargo 1.38 or earlier, you can symlink `config` to `config.toml`
warning: unused import: `crate::iface::Route`
 --> /home/daivy/projects/serial/work/StarryOS/crates/smoltcp/src/iface/interface/ipv6.rs:3:5
  |
3 | use crate::iface::Route;
  |     ^^^^^^^^^^^^^^^^^^^
  |
  = note: `#[warn(unused_imports)]` (part of `#[warn(unused)]`) on by default

warning: unused import: `super::fragmentation::PacketAssemblerSet`
  --> /home/daivy/projects/serial/work/StarryOS/crates/smoltcp/src/iface/interface/mod.rs:35:5
   |
35 | use super::fragmentation::PacketAssemblerSet;
   |     ^^^^^^^^^^^^^^^^^^^^^^^^^^^^^^^^^^^^^^^^

warning: unused imports: `IFACE_MAX_PREFIX_COUNT` and `IFACE_MAX_SIXLOWPAN_ADDRESS_CONTEXT_COUNT`
  --> /home/daivy/projects/serial/work/StarryOS/crates/smoltcp/src/iface/interface/mod.rs:42:27
   |
42 |     IFACE_MAX_ADDR_COUNT, IFACE_MAX_PREFIX_COUNT, IFACE_MAX_SIXLOWPAN_ADDRESS_CONTEXT_COUNT,
   |                           ^^^^^^^^^^^^^^^^^^^^^^  ^^^^^^^^^^^^^^^^^^^^^^^^^^^^^^^^^^^^^^^^^

warning: variable does not need to be mutable
   --> /home/daivy/projects/serial/work/StarryOS/crates/smoltcp/src/iface/interface/ipv4.rs:103:13
    |
103 |         let mut ipv4_repr = check!(Ipv4Repr::parse(ipv4_packet, &self.caps.checksum));
    |             ----^^^^^^^^^
    |             |
    |             help: remove this `mut`
    |
    = note: `#[warn(unused_mut)]` (part of `#[warn(unused)]`) on by default

warning: unused variable: `frag`
   --> /home/daivy/projects/serial/work/StarryOS/crates/smoltcp/src/iface/interface/ipv4.rs:101:9
    |
101 |         frag: &'a mut FragmentsBuffer,
    |         ^^^^ help: if this is intentional, prefix it with an underscore: `_frag`
    |
    = note: `#[warn(unused_variables)]` (part of `#[warn(unused)]`) on by default

warning: unused variable: `repr`
    --> /home/daivy/projects/serial/work/StarryOS/crates/smoltcp/src/iface/interface/mod.rs:1274:26
     |
1274 |             IpRepr::Ipv4(repr) => {
     |                          ^^^^ help: if this is intentional, prefix it with an underscore: `_repr`

warning: variable does not need to be mutable
   --> /home/daivy/projects/serial/work/StarryOS/crates/smoltcp/src/socket/dns.rs:247:13
    |
247 |         let mut mdns = MulticastDns::Disabled;
    |             ----^^^^
    |             |
    |             help: remove this `mut`

warning: methods `link_local_ipv6_address` and `mldv2_report_packet` are never used
   --> /home/daivy/projects/serial/work/StarryOS/crates/smoltcp/src/iface/interface/ipv6.rs:173:8
    |
 23 | impl InterfaceInner {
    | ------------------- methods in this implementation
...
173 |     fn link_local_ipv6_address(&self) -> Option<Ipv6Address> {
    |        ^^^^^^^^^^^^^^^^^^^^^^^
...
565 |     pub(super) fn mldv2_report_packet<'any>(
    |                   ^^^^^^^^^^^^^^^^^^^
    |
    = note: `#[warn(dead_code)]` (part of `#[warn(unused)]`) on by default

warning: variant `HopByHopIcmpv6` is never constructed
   --> /home/daivy/projects/serial/work/StarryOS/crates/smoltcp/src/iface/packet.rs:218:5
    |
210 | pub(crate) enum IpPayload<'p> {
    |                 --------- variant in this enum
...
218 |     HopByHopIcmpv6(Ipv6HopByHopRepr<'p>, Icmpv6Repr<'p>),
    |     ^^^^^^^^^^^^^^
    |
    = note: `IpPayload` has a derived impl for the trait `Debug`, but this is intentionally ignored during dead code analysis

warning: method `is_solicited_node_multicast` is never used
   --> /home/daivy/projects/serial/work/StarryOS/crates/smoltcp/src/wire/ipv6.rs:125:8
    |
 80 | pub(crate) trait AddressExt {
    |                  ---------- method in this trait
...
125 |     fn is_solicited_node_multicast(&self) -> bool;
    |        ^^^^^^^^^^^^^^^^^^^^^^^^^^^

warning: method `emit_header` is never used
   --> /home/daivy/projects/serial/work/StarryOS/crates/smoltcp/src/wire/udp.rs:275:19
    |
232 | impl Repr {
    | --------- method in this implementation
...
275 |     pub(crate) fn emit_header<T>(&self, packet: &mut Packet<&mut T>, payload_len: usize)
    |                   ^^^^^^^^^^^


running 109 tests
[32m.(B[m[32m.(B[m[32m.(B[m[32m.(B[m[32m.(B[m[32m.(B[m[32m.(B[m[32m.(B[m[32m.(B[m[32m.(B[m[32m.(B[m[32m.(B[m[32m.(B[m[32m.(B[m[32m.(B[m[32m.(B[m[32m.(B[m[32m.(B[m[32m.(B[m[32m.(B[m[32m.(B[m[32m.(B[m[32m.(B[m[32m.(B[m[32m.(B[m[32m.(B[m[32m.(B[m[32m.(B[m[32m.(B[m[32m.(B[m[32m.(B[m[32m.(B[m[32m.(B[m[32m.(B[m[32m.(B[m[32m.(B[m[32m.(B[m[32m.(B[m[32m.(B[m[32m.(B[m[32m.(B[m[32m.(B[m[32m.(B[m[32m.(B[m[32m.(B[m[32m.(B[m[32m.(B[m[32m.(B[m[32m.(B[m[32m.(B[m[32m.(B[m[32m.(B[m[32m.(B[m[32m.(B[m[32m.(B[m[32m.(B[m[32m.(B[m[32m.(B[m[32m.(B[m[32m.(B[m[32m.(B[m[32m.(B[m[32m.(B[m[32m.(B[m[32m.(B[m[32m.(B[m[32m.(B[m[32m.(B[m[32m.(B[m[32m.(B[m[32m.(B[m[32m.(B[m[32m.(B[m[32m.(B[m[32m.(B[m[32m.(B[m[32m.(B[m[32m.(B[m[32m.(B[m[32m.(B[m[32m.(B[m[32m.(B[m[32m.(B[m[32m.(B[m[32m.(B[m[32m.(B[m[32m.(B[m 87/109
[32m.(B[m[32m.(B[m[32m.(B[m[32m.(B[m[32m.(B[m[32m.(B[m[32m.(B[m[32m.(B[m[32m.(B[m[32m.(B[m[32m.(B[m[32m.(B[m[32m.(B[m[32m.(B[m[32m.(B[m[32m.(B[m[32m.(B[m[32m.(B[m[32m.(B[m[32m.(B[m[32m.(B[m[32m.(B[m
test result: [32mok(B[m. 109 passed; 0 failed; 0 ignored; 0 measured; 0 filtered out; finished in 0.02s

warning: `/home/daivy/.cargo/config` is deprecated in favor of `config.toml`
  |
  = help: if you need to support cargo 1.38 or earlier, you can symlink `config` to `config.toml`
warning: unused import: `crate::iface::Route`
 --> /home/daivy/projects/serial/work/StarryOS/crates/smoltcp/src/iface/interface/ipv6.rs:3:5
  |
3 | use crate::iface::Route;
  |     ^^^^^^^^^^^^^^^^^^^
  |
  = note: `#[warn(unused_imports)]` (part of `#[warn(unused)]`) on by default

warning: unused import: `super::fragmentation::PacketAssemblerSet`
  --> /home/daivy/projects/serial/work/StarryOS/crates/smoltcp/src/iface/interface/mod.rs:35:5
   |
35 | use super::fragmentation::PacketAssemblerSet;
   |     ^^^^^^^^^^^^^^^^^^^^^^^^^^^^^^^^^^^^^^^^

warning: unused imports: `IFACE_MAX_PREFIX_COUNT` and `IFACE_MAX_SIXLOWPAN_ADDRESS_CONTEXT_COUNT`
  --> /home/daivy/projects/serial/work/StarryOS/crates/smoltcp/src/iface/interface/mod.rs:42:27
   |
42 |     IFACE_MAX_ADDR_COUNT, IFACE_MAX_PREFIX_COUNT, IFACE_MAX_SIXLOWPAN_ADDRESS_CONTEXT_COUNT,
   |                           ^^^^^^^^^^^^^^^^^^^^^^  ^^^^^^^^^^^^^^^^^^^^^^^^^^^^^^^^^^^^^^^^^

warning: variable does not need to be mutable
   --> /home/daivy/projects/serial/work/StarryOS/crates/smoltcp/src/iface/interface/ipv4.rs:103:13
    |
103 |         let mut ipv4_repr = check!(Ipv4Repr::parse(ipv4_packet, &self.caps.checksum));
    |             ----^^^^^^^^^
    |             |
    |             help: remove this `mut`
    |
    = note: `#[warn(unused_mut)]` (part of `#[warn(unused)]`) on by default

warning: unused variable: `frag`
   --> /home/daivy/projects/serial/work/StarryOS/crates/smoltcp/src/iface/interface/ipv4.rs:101:9
    |
101 |         frag: &'a mut FragmentsBuffer,
    |         ^^^^ help: if this is intentional, prefix it with an underscore: `_frag`
    |
    = note: `#[warn(unused_variables)]` (part of `#[warn(unused)]`) on by default

warning: unused variable: `repr`
    --> /home/daivy/projects/serial/work/StarryOS/crates/smoltcp/src/iface/interface/mod.rs:1274:26
     |
1274 |             IpRepr::Ipv4(repr) => {
     |                          ^^^^ help: if this is intentional, prefix it with an underscore: `_repr`

warning: variable does not need to be mutable
   --> /home/daivy/projects/serial/work/StarryOS/crates/smoltcp/src/socket/dns.rs:247:13
    |
247 |         let mut mdns = MulticastDns::Disabled;
    |             ----^^^^
    |             |
    |             help: remove this `mut`

warning: methods `link_local_ipv6_address` and `mldv2_report_packet` are never used
   --> /home/daivy/projects/serial/work/StarryOS/crates/smoltcp/src/iface/interface/ipv6.rs:173:8
    |
 23 | impl InterfaceInner {
    | ------------------- methods in this implementation
...
173 |     fn link_local_ipv6_address(&self) -> Option<Ipv6Address> {
    |        ^^^^^^^^^^^^^^^^^^^^^^^
...
565 |     pub(super) fn mldv2_report_packet<'any>(
    |                   ^^^^^^^^^^^^^^^^^^^
    |
    = note: `#[warn(dead_code)]` (part of `#[warn(unused)]`) on by default

warning: variant `HopByHopIcmpv6` is never constructed
   --> /home/daivy/projects/serial/work/StarryOS/crates/smoltcp/src/iface/packet.rs:218:5
    |
210 | pub(crate) enum IpPayload<'p> {
    |                 --------- variant in this enum
...
218 |     HopByHopIcmpv6(Ipv6HopByHopRepr<'p>, Icmpv6Repr<'p>),
    |     ^^^^^^^^^^^^^^
    |
    = note: `IpPayload` has a derived impl for the trait `Debug`, but this is intentionally ignored during dead code analysis

warning: method `is_solicited_node_multicast` is never used
   --> /home/daivy/projects/serial/work/StarryOS/crates/smoltcp/src/wire/ipv6.rs:125:8
    |
 80 | pub(crate) trait AddressExt {
    |                  ---------- method in this trait
...
125 |     fn is_solicited_node_multicast(&self) -> bool;
    |        ^^^^^^^^^^^^^^^^^^^^^^^^^^^

warning: method `emit_header` is never used
   --> /home/daivy/projects/serial/work/StarryOS/crates/smoltcp/src/wire/udp.rs:275:19
    |
232 | impl Repr {
    | --------- method in this implementation
...
275 |     pub(crate) fn emit_header<T>(&self, packet: &mut Packet<&mut T>, payload_len: usize)
    |                   ^^^^^^^^^^^


running 109 tests
[32m.(B[m[32m.(B[m[32m.(B[m[32m.(B[m[32m.(B[m[32m.(B[m[32m.(B[m[32m.(B[m[32m.(B[m[32m.(B[m[32m.(B[m[32m.(B[m[32m.(B[m[32m.(B[m[32m.(B[m[32m.(B[m[32m.(B[m[32m.(B[m[32m.(B[m[32m.(B[m[32m.(B[m[32m.(B[m[32m.(B[m[32m.(B[m[32m.(B[m[32m.(B[m[32m.(B[m[32m.(B[m[32m.(B[m[32m.(B[m[32m.(B[m[32m.(B[m[32m.(B[m[32m.(B[m[32m.(B[m[32m.(B[m[32m.(B[m[32m.(B[m[32m.(B[m[32m.(B[m[32m.(B[m[32m.(B[m[32m.(B[m[32m.(B[m[32m.(B[m[32m.(B[m[32m.(B[m[32m.(B[m[32m.(B[m[32m.(B[m[32m.(B[m[32m.(B[m[32m.(B[m[32m.(B[m[32m.(B[m[32m.(B[m[32m.(B[m[32m.(B[m[32m.(B[m[32m.(B[m[32m.(B[m[32m.(B[m[32m.(B[m[32m.(B[m[32m.(B[m[32m.(B[m[32m.(B[m[32m.(B[m[32m.(B[m[32m.(B[m[32m.(B[m[32m.(B[m[32m.(B[m[32m.(B[m[32m.(B[m[32m.(B[m[32m.(B[m[32m.(B[m[32m.(B[m[32m.(B[m[32m.(B[m[32m.(B[m[32m.(B[m[32m.(B[m[32m.(B[m[32m.(B[m[32m.(B[m 87/109
[32m.(B[m[32m.(B[m[32m.(B[m[32m.(B[m[32m.(B[m[32m.(B[m[32m.(B[m[32m.(B[m[32m.(B[m[32m.(B[m[32m.(B[m[32m.(B[m[32m.(B[m[32m.(B[m[32m.(B[m[32m.(B[m[32m.(B[m[32m.(B[m[32m.(B[m[32m.(B[m[32m.(B[m[32m.(B[m
test result: [32mok(B[m. 109 passed; 0 failed; 0 ignored; 0 measured; 0 filtered out; finished in 0.02s

warning: `/home/daivy/.cargo/config` is deprecated in favor of `config.toml`
  |
  = help: if you need to support cargo 1.38 or earlier, you can symlink `config` to `config.toml`
warning: unused import: `crate::iface::Route`
 --> /home/daivy/projects/serial/work/StarryOS/crates/smoltcp/src/iface/interface/ipv6.rs:3:5
  |
3 | use crate::iface::Route;
  |     ^^^^^^^^^^^^^^^^^^^
  |
  = note: `#[warn(unused_imports)]` (part of `#[warn(unused)]`) on by default

warning: unused import: `super::fragmentation::PacketAssemblerSet`
  --> /home/daivy/projects/serial/work/StarryOS/crates/smoltcp/src/iface/interface/mod.rs:35:5
   |
35 | use super::fragmentation::PacketAssemblerSet;
   |     ^^^^^^^^^^^^^^^^^^^^^^^^^^^^^^^^^^^^^^^^

warning: unused imports: `IFACE_MAX_PREFIX_COUNT` and `IFACE_MAX_SIXLOWPAN_ADDRESS_CONTEXT_COUNT`
  --> /home/daivy/projects/serial/work/StarryOS/crates/smoltcp/src/iface/interface/mod.rs:42:27
   |
42 |     IFACE_MAX_ADDR_COUNT, IFACE_MAX_PREFIX_COUNT, IFACE_MAX_SIXLOWPAN_ADDRESS_CONTEXT_COUNT,
   |                           ^^^^^^^^^^^^^^^^^^^^^^  ^^^^^^^^^^^^^^^^^^^^^^^^^^^^^^^^^^^^^^^^^

warning: variable does not need to be mutable
   --> /home/daivy/projects/serial/work/StarryOS/crates/smoltcp/src/iface/interface/ipv4.rs:103:13
    |
103 |         let mut ipv4_repr = check!(Ipv4Repr::parse(ipv4_packet, &self.caps.checksum));
    |             ----^^^^^^^^^
    |             |
    |             help: remove this `mut`
    |
    = note: `#[warn(unused_mut)]` (part of `#[warn(unused)]`) on by default

warning: unused variable: `frag`
   --> /home/daivy/projects/serial/work/StarryOS/crates/smoltcp/src/iface/interface/ipv4.rs:101:9
    |
101 |         frag: &'a mut FragmentsBuffer,
    |         ^^^^ help: if this is intentional, prefix it with an underscore: `_frag`
    |
    = note: `#[warn(unused_variables)]` (part of `#[warn(unused)]`) on by default

warning: unused variable: `repr`
    --> /home/daivy/projects/serial/work/StarryOS/crates/smoltcp/src/iface/interface/mod.rs:1274:26
     |
1274 |             IpRepr::Ipv4(repr) => {
     |                          ^^^^ help: if this is intentional, prefix it with an underscore: `_repr`

warning: variable does not need to be mutable
   --> /home/daivy/projects/serial/work/StarryOS/crates/smoltcp/src/socket/dns.rs:247:13
    |
247 |         let mut mdns = MulticastDns::Disabled;
    |             ----^^^^
    |             |
    |             help: remove this `mut`

warning: methods `link_local_ipv6_address` and `mldv2_report_packet` are never used
   --> /home/daivy/projects/serial/work/StarryOS/crates/smoltcp/src/iface/interface/ipv6.rs:173:8
    |
 23 | impl InterfaceInner {
    | ------------------- methods in this implementation
...
173 |     fn link_local_ipv6_address(&self) -> Option<Ipv6Address> {
    |        ^^^^^^^^^^^^^^^^^^^^^^^
...
565 |     pub(super) fn mldv2_report_packet<'any>(
    |                   ^^^^^^^^^^^^^^^^^^^
    |
    = note: `#[warn(dead_code)]` (part of `#[warn(unused)]`) on by default

warning: variant `HopByHopIcmpv6` is never constructed
   --> /home/daivy/projects/serial/work/StarryOS/crates/smoltcp/src/iface/packet.rs:218:5
    |
210 | pub(crate) enum IpPayload<'p> {
    |                 --------- variant in this enum
...
218 |     HopByHopIcmpv6(Ipv6HopByHopRepr<'p>, Icmpv6Repr<'p>),
    |     ^^^^^^^^^^^^^^
    |
    = note: `IpPayload` has a derived impl for the trait `Debug`, but this is intentionally ignored during dead code analysis

warning: method `is_solicited_node_multicast` is never used
   --> /home/daivy/projects/serial/work/StarryOS/crates/smoltcp/src/wire/ipv6.rs:125:8
    |
 80 | pub(crate) trait AddressExt {
    |                  ---------- method in this trait
...
125 |     fn is_solicited_node_multicast(&self) -> bool;
    |        ^^^^^^^^^^^^^^^^^^^^^^^^^^^

warning: method `emit_header` is never used
   --> /home/daivy/projects/serial/work/StarryOS/crates/smoltcp/src/wire/udp.rs:275:19
    |
232 | impl Repr {
    | --------- method in this implementation
...
275 |     pub(crate) fn emit_header<T>(&self, packet: &mut Packet<&mut T>, payload_len: usize)
    |                   ^^^^^^^^^^^


running 109 tests
[32m.(B[m[32m.(B[m[32m.(B[m[32m.(B[m[32m.(B[m[32m.(B[m[32m.(B[m[32m.(B[m[32m.(B[m[32m.(B[m[32m.(B[m[32m.(B[m[32m.(B[m[32m.(B[m[32m.(B[m[32m.(B[m[32m.(B[m[32m.(B[m[32m.(B[m[32m.(B[m[32m.(B[m[32m.(B[m[32m.(B[m[32m.(B[m[32m.(B[m[32m.(B[m[32m.(B[m[32m.(B[m[32m.(B[m[32m.(B[m[32m.(B[m[32m.(B[m[32m.(B[m[32m.(B[m[32m.(B[m[32m.(B[m[32m.(B[m[32m.(B[m[32m.(B[m[32m.(B[m[32m.(B[m[32m.(B[m[32m.(B[m[32m.(B[m[32m.(B[m[32m.(B[m[32m.(B[m[32m.(B[m[32m.(B[m[32m.(B[m[32m.(B[m[32m.(B[m[32m.(B[m[32m.(B[m[32m.(B[m[32m.(B[m[32m.(B[m[32m.(B[m[32m.(B[m[32m.(B[m[32m.(B[m[32m.(B[m[32m.(B[m[32m.(B[m[32m.(B[m[32m.(B[m[32m.(B[m[32m.(B[m[32m.(B[m[32m.(B[m[32m.(B[m[32m.(B[m[32m.(B[m[32m.(B[m[32m.(B[m[32m.(B[m[32m.(B[m[32m.(B[m[32m.(B[m[32m.(B[m[32m.(B[m[32m.(B[m[32m.(B[m[32m.(B[m[32m.(B[m[32m.(B[m[32m.(B[m 87/109
[32m.(B[m[32m.(B[m[32m.(B[m[32m.(B[m[32m.(B[m[32m.(B[m[32m.(B[m[32m.(B[m[32m.(B[m[32m.(B[m[32m.(B[m[32m.(B[m[32m.(B[m[32m.(B[m[32m.(B[m[32m.(B[m[32m.(B[m[32m.(B[m[32m.(B[m[32m.(B[m[32m.(B[m[32m.(B[m
test result: [32mok(B[m. 109 passed; 0 failed; 0 ignored; 0 measured; 0 filtered out; finished in 0.01s

warning: `/home/daivy/.cargo/config` is deprecated in favor of `config.toml`
  |
  = help: if you need to support cargo 1.38 or earlier, you can symlink `config` to `config.toml`
warning: unused import: `crate::iface::Route`
 --> /home/daivy/projects/serial/work/StarryOS/crates/smoltcp/src/iface/interface/ipv6.rs:3:5
  |
3 | use crate::iface::Route;
  |     ^^^^^^^^^^^^^^^^^^^
  |
  = note: `#[warn(unused_imports)]` (part of `#[warn(unused)]`) on by default

warning: unused import: `super::fragmentation::PacketAssemblerSet`
  --> /home/daivy/projects/serial/work/StarryOS/crates/smoltcp/src/iface/interface/mod.rs:35:5
   |
35 | use super::fragmentation::PacketAssemblerSet;
   |     ^^^^^^^^^^^^^^^^^^^^^^^^^^^^^^^^^^^^^^^^

warning: unused imports: `IFACE_MAX_PREFIX_COUNT` and `IFACE_MAX_SIXLOWPAN_ADDRESS_CONTEXT_COUNT`
  --> /home/daivy/projects/serial/work/StarryOS/crates/smoltcp/src/iface/interface/mod.rs:42:27
   |
42 |     IFACE_MAX_ADDR_COUNT, IFACE_MAX_PREFIX_COUNT, IFACE_MAX_SIXLOWPAN_ADDRESS_CONTEXT_COUNT,
   |                           ^^^^^^^^^^^^^^^^^^^^^^  ^^^^^^^^^^^^^^^^^^^^^^^^^^^^^^^^^^^^^^^^^

warning: variable does not need to be mutable
   --> /home/daivy/projects/serial/work/StarryOS/crates/smoltcp/src/iface/interface/ipv4.rs:103:13
    |
103 |         let mut ipv4_repr = check!(Ipv4Repr::parse(ipv4_packet, &self.caps.checksum));
    |             ----^^^^^^^^^
    |             |
    |             help: remove this `mut`
    |
    = note: `#[warn(unused_mut)]` (part of `#[warn(unused)]`) on by default

warning: unused variable: `frag`
   --> /home/daivy/projects/serial/work/StarryOS/crates/smoltcp/src/iface/interface/ipv4.rs:101:9
    |
101 |         frag: &'a mut FragmentsBuffer,
    |         ^^^^ help: if this is intentional, prefix it with an underscore: `_frag`
    |
    = note: `#[warn(unused_variables)]` (part of `#[warn(unused)]`) on by default

warning: unused variable: `repr`
    --> /home/daivy/projects/serial/work/StarryOS/crates/smoltcp/src/iface/interface/mod.rs:1274:26
     |
1274 |             IpRepr::Ipv4(repr) => {
     |                          ^^^^ help: if this is intentional, prefix it with an underscore: `_repr`

warning: variable does not need to be mutable
   --> /home/daivy/projects/serial/work/StarryOS/crates/smoltcp/src/socket/dns.rs:247:13
    |
247 |         let mut mdns = MulticastDns::Disabled;
    |             ----^^^^
    |             |
    |             help: remove this `mut`

warning: methods `link_local_ipv6_address` and `mldv2_report_packet` are never used
   --> /home/daivy/projects/serial/work/StarryOS/crates/smoltcp/src/iface/interface/ipv6.rs:173:8
    |
 23 | impl InterfaceInner {
    | ------------------- methods in this implementation
...
173 |     fn link_local_ipv6_address(&self) -> Option<Ipv6Address> {
    |        ^^^^^^^^^^^^^^^^^^^^^^^
...
565 |     pub(super) fn mldv2_report_packet<'any>(
    |                   ^^^^^^^^^^^^^^^^^^^
    |
    = note: `#[warn(dead_code)]` (part of `#[warn(unused)]`) on by default

warning: variant `HopByHopIcmpv6` is never constructed
   --> /home/daivy/projects/serial/work/StarryOS/crates/smoltcp/src/iface/packet.rs:218:5
    |
210 | pub(crate) enum IpPayload<'p> {
    |                 --------- variant in this enum
...
218 |     HopByHopIcmpv6(Ipv6HopByHopRepr<'p>, Icmpv6Repr<'p>),
    |     ^^^^^^^^^^^^^^
    |
    = note: `IpPayload` has a derived impl for the trait `Debug`, but this is intentionally ignored during dead code analysis

warning: method `is_solicited_node_multicast` is never used
   --> /home/daivy/projects/serial/work/StarryOS/crates/smoltcp/src/wire/ipv6.rs:125:8
    |
 80 | pub(crate) trait AddressExt {
    |                  ---------- method in this trait
...
125 |     fn is_solicited_node_multicast(&self) -> bool;
    |        ^^^^^^^^^^^^^^^^^^^^^^^^^^^

warning: method `emit_header` is never used
   --> /home/daivy/projects/serial/work/StarryOS/crates/smoltcp/src/wire/udp.rs:275:19
    |
232 | impl Repr {
    | --------- method in this implementation
...
275 |     pub(crate) fn emit_header<T>(&self, packet: &mut Packet<&mut T>, payload_len: usize)
    |                   ^^^^^^^^^^^


running 109 tests
[32m.(B[m[32m.(B[m[32m.(B[m[32m.(B[m[32m.(B[m[32m.(B[m[32m.(B[m[32m.(B[m[32m.(B[m[32m.(B[m[32m.(B[m[32m.(B[m[32m.(B[m[32m.(B[m[32m.(B[m[32m.(B[m[32m.(B[m[32m.(B[m[32m.(B[m[32m.(B[m[32m.(B[m[32m.(B[m[32m.(B[m[32m.(B[m[32m.(B[m[32m.(B[m[32m.(B[m[32m.(B[m[32m.(B[m[32m.(B[m[32m.(B[m[32m.(B[m[32m.(B[m[32m.(B[m[32m.(B[m[32m.(B[m[32m.(B[m[32m.(B[m[32m.(B[m[32m.(B[m[32m.(B[m[32m.(B[m[32m.(B[m[32m.(B[m[32m.(B[m[32m.(B[m[32m.(B[m[32m.(B[m[32m.(B[m[32m.(B[m[32m.(B[m[32m.(B[m[32m.(B[m[32m.(B[m[32m.(B[m[32m.(B[m[32m.(B[m[32m.(B[m[32m.(B[m[32m.(B[m[32m.(B[m[32m.(B[m[32m.(B[m[32m.(B[m[32m.(B[m[32m.(B[m[32m.(B[m[32m.(B[m[32m.(B[m[32m.(B[m[32m.(B[m[32m.(B[m[32m.(B[m[32m.(B[m[32m.(B[m[32m.(B[m[32m.(B[m[32m.(B[m[32m.(B[m[32m.(B[m[32m.(B[m[32m.(B[m[32m.(B[m[32m.(B[m[32m.(B[m[32m.(B[m[32m.(B[m 87/109
[32m.(B[m[32m.(B[m[32m.(B[m[32m.(B[m[32m.(B[m[32m.(B[m[32m.(B[m[32m.(B[m[32m.(B[m[32m.(B[m[32m.(B[m[32m.(B[m[32m.(B[m[32m.(B[m[32m.(B[m[32m.(B[m[32m.(B[m[32m.(B[m[32m.(B[m[32m.(B[m[32m.(B[m[32m.(B[m
test result: [32mok(B[m. 109 passed; 0 failed; 0 ignored; 0 measured; 0 filtered out; finished in 0.01s

warning: `/home/daivy/.cargo/config` is deprecated in favor of `config.toml`
  |
  = help: if you need to support cargo 1.38 or earlier, you can symlink `config` to `config.toml`
warning: unused import: `crate::iface::Route`
 --> /home/daivy/projects/serial/work/StarryOS/crates/smoltcp/src/iface/interface/ipv6.rs:3:5
  |
3 | use crate::iface::Route;
  |     ^^^^^^^^^^^^^^^^^^^
  |
  = note: `#[warn(unused_imports)]` (part of `#[warn(unused)]`) on by default

warning: unused import: `super::fragmentation::PacketAssemblerSet`
  --> /home/daivy/projects/serial/work/StarryOS/crates/smoltcp/src/iface/interface/mod.rs:35:5
   |
35 | use super::fragmentation::PacketAssemblerSet;
   |     ^^^^^^^^^^^^^^^^^^^^^^^^^^^^^^^^^^^^^^^^

warning: unused imports: `IFACE_MAX_PREFIX_COUNT` and `IFACE_MAX_SIXLOWPAN_ADDRESS_CONTEXT_COUNT`
  --> /home/daivy/projects/serial/work/StarryOS/crates/smoltcp/src/iface/interface/mod.rs:42:27
   |
42 |     IFACE_MAX_ADDR_COUNT, IFACE_MAX_PREFIX_COUNT, IFACE_MAX_SIXLOWPAN_ADDRESS_CONTEXT_COUNT,
   |                           ^^^^^^^^^^^^^^^^^^^^^^  ^^^^^^^^^^^^^^^^^^^^^^^^^^^^^^^^^^^^^^^^^

warning: variable does not need to be mutable
   --> /home/daivy/projects/serial/work/StarryOS/crates/smoltcp/src/iface/interface/ipv4.rs:103:13
    |
103 |         let mut ipv4_repr = check!(Ipv4Repr::parse(ipv4_packet, &self.caps.checksum));
    |             ----^^^^^^^^^
    |             |
    |             help: remove this `mut`
    |
    = note: `#[warn(unused_mut)]` (part of `#[warn(unused)]`) on by default

warning: unused variable: `frag`
   --> /home/daivy/projects/serial/work/StarryOS/crates/smoltcp/src/iface/interface/ipv4.rs:101:9
    |
101 |         frag: &'a mut FragmentsBuffer,
    |         ^^^^ help: if this is intentional, prefix it with an underscore: `_frag`
    |
    = note: `#[warn(unused_variables)]` (part of `#[warn(unused)]`) on by default

warning: unused variable: `repr`
    --> /home/daivy/projects/serial/work/StarryOS/crates/smoltcp/src/iface/interface/mod.rs:1274:26
     |
1274 |             IpRepr::Ipv4(repr) => {
     |                          ^^^^ help: if this is intentional, prefix it with an underscore: `_repr`

warning: variable does not need to be mutable
   --> /home/daivy/projects/serial/work/StarryOS/crates/smoltcp/src/socket/dns.rs:247:13
    |
247 |         let mut mdns = MulticastDns::Disabled;
    |             ----^^^^
    |             |
    |             help: remove this `mut`

warning: methods `link_local_ipv6_address` and `mldv2_report_packet` are never used
   --> /home/daivy/projects/serial/work/StarryOS/crates/smoltcp/src/iface/interface/ipv6.rs:173:8
    |
 23 | impl InterfaceInner {
    | ------------------- methods in this implementation
...
173 |     fn link_local_ipv6_address(&self) -> Option<Ipv6Address> {
    |        ^^^^^^^^^^^^^^^^^^^^^^^
...
565 |     pub(super) fn mldv2_report_packet<'any>(
    |                   ^^^^^^^^^^^^^^^^^^^
    |
    = note: `#[warn(dead_code)]` (part of `#[warn(unused)]`) on by default

warning: variant `HopByHopIcmpv6` is never constructed
   --> /home/daivy/projects/serial/work/StarryOS/crates/smoltcp/src/iface/packet.rs:218:5
    |
210 | pub(crate) enum IpPayload<'p> {
    |                 --------- variant in this enum
...
218 |     HopByHopIcmpv6(Ipv6HopByHopRepr<'p>, Icmpv6Repr<'p>),
    |     ^^^^^^^^^^^^^^
    |
    = note: `IpPayload` has a derived impl for the trait `Debug`, but this is intentionally ignored during dead code analysis

warning: method `is_solicited_node_multicast` is never used
   --> /home/daivy/projects/serial/work/StarryOS/crates/smoltcp/src/wire/ipv6.rs:125:8
    |
 80 | pub(crate) trait AddressExt {
    |                  ---------- method in this trait
...
125 |     fn is_solicited_node_multicast(&self) -> bool;
    |        ^^^^^^^^^^^^^^^^^^^^^^^^^^^

warning: method `emit_header` is never used
   --> /home/daivy/projects/serial/work/StarryOS/crates/smoltcp/src/wire/udp.rs:275:19
    |
232 | impl Repr {
    | --------- method in this implementation
...
275 |     pub(crate) fn emit_header<T>(&self, packet: &mut Packet<&mut T>, payload_len: usize)
    |                   ^^^^^^^^^^^


running 109 tests
[32m.(B[m[32m.(B[m[32m.(B[m[32m.(B[m[32m.(B[m[32m.(B[m[32m.(B[m[32m.(B[m[32m.(B[m[32m.(B[m[32m.(B[m[32m.(B[m[32m.(B[m[32m.(B[m[32m.(B[m[32m.(B[m[32m.(B[m[32m.(B[m[32m.(B[m[32m.(B[m[32m.(B[m[32m.(B[m[32m.(B[m[32m.(B[m[32m.(B[m[32m.(B[m[32m.(B[m[32m.(B[m[32m.(B[m[32m.(B[m[32m.(B[m[32m.(B[m[32m.(B[m[32m.(B[m[32m.(B[m[32m.(B[m[32m.(B[m[32m.(B[m[32m.(B[m[32m.(B[m[32m.(B[m[32m.(B[m[32m.(B[m[32m.(B[m[32m.(B[m[32m.(B[m[32m.(B[m[32m.(B[m[32m.(B[m[32m.(B[m[32m.(B[m[32m.(B[m[32m.(B[m[32m.(B[m[32m.(B[m[32m.(B[m[32m.(B[m[32m.(B[m[32m.(B[m[32m.(B[m[32m.(B[m[32m.(B[m[32m.(B[m[32m.(B[m[32m.(B[m[32m.(B[m[32m.(B[m[32m.(B[m[32m.(B[m[32m.(B[m[32m.(B[m[32m.(B[m[32m.(B[m[32m.(B[m[32m.(B[m[32m.(B[m[32m.(B[m[32m.(B[m[32m.(B[m[32m.(B[m[32m.(B[m[32m.(B[m[32m.(B[m[32m.(B[m[32m.(B[m[32m.(B[m[32m.(B[m 87/109
[32m.(B[m[32m.(B[m[32m.(B[m[32m.(B[m[32m.(B[m[32m.(B[m[32m.(B[m[32m.(B[m[32m.(B[m[32m.(B[m[32m.(B[m[32m.(B[m[32m.(B[m[32m.(B[m[32m.(B[m[32m.(B[m[32m.(B[m[32m.(B[m[32m.(B[m[32m.(B[m[32m.(B[m[32m.(B[m
test result: [32mok(B[m. 109 passed; 0 failed; 0 ignored; 0 measured; 0 filtered out; finished in 0.02s

warning: `/home/daivy/.cargo/config` is deprecated in favor of `config.toml`
  |
  = help: if you need to support cargo 1.38 or earlier, you can symlink `config` to `config.toml`
warning: unused import: `crate::iface::Route`
 --> /home/daivy/projects/serial/work/StarryOS/crates/smoltcp/src/iface/interface/ipv6.rs:3:5
  |
3 | use crate::iface::Route;
  |     ^^^^^^^^^^^^^^^^^^^
  |
  = note: `#[warn(unused_imports)]` (part of `#[warn(unused)]`) on by default

warning: unused import: `super::fragmentation::PacketAssemblerSet`
  --> /home/daivy/projects/serial/work/StarryOS/crates/smoltcp/src/iface/interface/mod.rs:35:5
   |
35 | use super::fragmentation::PacketAssemblerSet;
   |     ^^^^^^^^^^^^^^^^^^^^^^^^^^^^^^^^^^^^^^^^

warning: unused imports: `IFACE_MAX_PREFIX_COUNT` and `IFACE_MAX_SIXLOWPAN_ADDRESS_CONTEXT_COUNT`
  --> /home/daivy/projects/serial/work/StarryOS/crates/smoltcp/src/iface/interface/mod.rs:42:27
   |
42 |     IFACE_MAX_ADDR_COUNT, IFACE_MAX_PREFIX_COUNT, IFACE_MAX_SIXLOWPAN_ADDRESS_CONTEXT_COUNT,
   |                           ^^^^^^^^^^^^^^^^^^^^^^  ^^^^^^^^^^^^^^^^^^^^^^^^^^^^^^^^^^^^^^^^^

warning: variable does not need to be mutable
   --> /home/daivy/projects/serial/work/StarryOS/crates/smoltcp/src/iface/interface/ipv4.rs:103:13
    |
103 |         let mut ipv4_repr = check!(Ipv4Repr::parse(ipv4_packet, &self.caps.checksum));
    |             ----^^^^^^^^^
    |             |
    |             help: remove this `mut`
    |
    = note: `#[warn(unused_mut)]` (part of `#[warn(unused)]`) on by default

warning: unused variable: `frag`
   --> /home/daivy/projects/serial/work/StarryOS/crates/smoltcp/src/iface/interface/ipv4.rs:101:9
    |
101 |         frag: &'a mut FragmentsBuffer,
    |         ^^^^ help: if this is intentional, prefix it with an underscore: `_frag`
    |
    = note: `#[warn(unused_variables)]` (part of `#[warn(unused)]`) on by default

warning: unused variable: `repr`
    --> /home/daivy/projects/serial/work/StarryOS/crates/smoltcp/src/iface/interface/mod.rs:1274:26
     |
1274 |             IpRepr::Ipv4(repr) => {
     |                          ^^^^ help: if this is intentional, prefix it with an underscore: `_repr`

warning: variable does not need to be mutable
   --> /home/daivy/projects/serial/work/StarryOS/crates/smoltcp/src/socket/dns.rs:247:13
    |
247 |         let mut mdns = MulticastDns::Disabled;
    |             ----^^^^
    |             |
    |             help: remove this `mut`

warning: methods `link_local_ipv6_address` and `mldv2_report_packet` are never used
   --> /home/daivy/projects/serial/work/StarryOS/crates/smoltcp/src/iface/interface/ipv6.rs:173:8
    |
 23 | impl InterfaceInner {
    | ------------------- methods in this implementation
...
173 |     fn link_local_ipv6_address(&self) -> Option<Ipv6Address> {
    |        ^^^^^^^^^^^^^^^^^^^^^^^
...
565 |     pub(super) fn mldv2_report_packet<'any>(
    |                   ^^^^^^^^^^^^^^^^^^^
    |
    = note: `#[warn(dead_code)]` (part of `#[warn(unused)]`) on by default

warning: variant `HopByHopIcmpv6` is never constructed
   --> /home/daivy/projects/serial/work/StarryOS/crates/smoltcp/src/iface/packet.rs:218:5
    |
210 | pub(crate) enum IpPayload<'p> {
    |                 --------- variant in this enum
...
218 |     HopByHopIcmpv6(Ipv6HopByHopRepr<'p>, Icmpv6Repr<'p>),
    |     ^^^^^^^^^^^^^^
    |
    = note: `IpPayload` has a derived impl for the trait `Debug`, but this is intentionally ignored during dead code analysis

warning: method `is_solicited_node_multicast` is never used
   --> /home/daivy/projects/serial/work/StarryOS/crates/smoltcp/src/wire/ipv6.rs:125:8
    |
 80 | pub(crate) trait AddressExt {
    |                  ---------- method in this trait
...
125 |     fn is_solicited_node_multicast(&self) -> bool;
    |        ^^^^^^^^^^^^^^^^^^^^^^^^^^^

warning: method `emit_header` is never used
   --> /home/daivy/projects/serial/work/StarryOS/crates/smoltcp/src/wire/udp.rs:275:19
    |
232 | impl Repr {
    | --------- method in this implementation
...
275 |     pub(crate) fn emit_header<T>(&self, packet: &mut Packet<&mut T>, payload_len: usize)
    |                   ^^^^^^^^^^^


running 109 tests
[32m.(B[m[32m.(B[m[32m.(B[m[32m.(B[m[32m.(B[m[32m.(B[m[32m.(B[m[32m.(B[m[32m.(B[m[32m.(B[m[32m.(B[m[32m.(B[m[32m.(B[m[32m.(B[m[32m.(B[m[32m.(B[m[32m.(B[m[32m.(B[m[32m.(B[m[32m.(B[m[32m.(B[m[32m.(B[m[32m.(B[m[32m.(B[m[32m.(B[m[32m.(B[m[32m.(B[m[32m.(B[m[32m.(B[m[32m.(B[m[32m.(B[m[32m.(B[m[32m.(B[m[32m.(B[m[32m.(B[m[32m.(B[m[32m.(B[m[32m.(B[m[32m.(B[m[32m.(B[m[32m.(B[m[32m.(B[m[32m.(B[m[32m.(B[m[32m.(B[m[32m.(B[m[32m.(B[m[32m.(B[m[32m.(B[m[32m.(B[m[32m.(B[m[32m.(B[m[32m.(B[m[32m.(B[m[32m.(B[m[32m.(B[m[32m.(B[m[32m.(B[m[32m.(B[m[32m.(B[m[32m.(B[m[32m.(B[m[32m.(B[m[32m.(B[m[32m.(B[m[32m.(B[m[32m.(B[m[32m.(B[m[32m.(B[m[32m.(B[m[32m.(B[m[32m.(B[m[32m.(B[m[32m.(B[m[32m.(B[m[32m.(B[m[32m.(B[m[32m.(B[m[32m.(B[m[32m.(B[m[32m.(B[m[32m.(B[m[32m.(B[m[32m.(B[m[32m.(B[m[32m.(B[m[32m.(B[m 87/109
[32m.(B[m[32m.(B[m[32m.(B[m[32m.(B[m[32m.(B[m[32m.(B[m[32m.(B[m[32m.(B[m[32m.(B[m[32m.(B[m[32m.(B[m[32m.(B[m[32m.(B[m[32m.(B[m[32m.(B[m[32m.(B[m[32m.(B[m[32m.(B[m[32m.(B[m[32m.(B[m[32m.(B[m[32m.(B[m
test result: [32mok(B[m. 109 passed; 0 failed; 0 ignored; 0 measured; 0 filtered out; finished in 0.01s

warning: `/home/daivy/.cargo/config` is deprecated in favor of `config.toml`
  |
  = help: if you need to support cargo 1.38 or earlier, you can symlink `config` to `config.toml`
warning: unused import: `crate::iface::Route`
 --> /home/daivy/projects/serial/work/StarryOS/crates/smoltcp/src/iface/interface/ipv6.rs:3:5
  |
3 | use crate::iface::Route;
  |     ^^^^^^^^^^^^^^^^^^^
  |
  = note: `#[warn(unused_imports)]` (part of `#[warn(unused)]`) on by default

warning: unused import: `super::fragmentation::PacketAssemblerSet`
  --> /home/daivy/projects/serial/work/StarryOS/crates/smoltcp/src/iface/interface/mod.rs:35:5
   |
35 | use super::fragmentation::PacketAssemblerSet;
   |     ^^^^^^^^^^^^^^^^^^^^^^^^^^^^^^^^^^^^^^^^

warning: unused imports: `IFACE_MAX_PREFIX_COUNT` and `IFACE_MAX_SIXLOWPAN_ADDRESS_CONTEXT_COUNT`
  --> /home/daivy/projects/serial/work/StarryOS/crates/smoltcp/src/iface/interface/mod.rs:42:27
   |
42 |     IFACE_MAX_ADDR_COUNT, IFACE_MAX_PREFIX_COUNT, IFACE_MAX_SIXLOWPAN_ADDRESS_CONTEXT_COUNT,
   |                           ^^^^^^^^^^^^^^^^^^^^^^  ^^^^^^^^^^^^^^^^^^^^^^^^^^^^^^^^^^^^^^^^^

warning: variable does not need to be mutable
   --> /home/daivy/projects/serial/work/StarryOS/crates/smoltcp/src/iface/interface/ipv4.rs:103:13
    |
103 |         let mut ipv4_repr = check!(Ipv4Repr::parse(ipv4_packet, &self.caps.checksum));
    |             ----^^^^^^^^^
    |             |
    |             help: remove this `mut`
    |
    = note: `#[warn(unused_mut)]` (part of `#[warn(unused)]`) on by default

warning: unused variable: `frag`
   --> /home/daivy/projects/serial/work/StarryOS/crates/smoltcp/src/iface/interface/ipv4.rs:101:9
    |
101 |         frag: &'a mut FragmentsBuffer,
    |         ^^^^ help: if this is intentional, prefix it with an underscore: `_frag`
    |
    = note: `#[warn(unused_variables)]` (part of `#[warn(unused)]`) on by default

warning: unused variable: `repr`
    --> /home/daivy/projects/serial/work/StarryOS/crates/smoltcp/src/iface/interface/mod.rs:1274:26
     |
1274 |             IpRepr::Ipv4(repr) => {
     |                          ^^^^ help: if this is intentional, prefix it with an underscore: `_repr`

warning: variable does not need to be mutable
   --> /home/daivy/projects/serial/work/StarryOS/crates/smoltcp/src/socket/dns.rs:247:13
    |
247 |         let mut mdns = MulticastDns::Disabled;
    |             ----^^^^
    |             |
    |             help: remove this `mut`

warning: methods `link_local_ipv6_address` and `mldv2_report_packet` are never used
   --> /home/daivy/projects/serial/work/StarryOS/crates/smoltcp/src/iface/interface/ipv6.rs:173:8
    |
 23 | impl InterfaceInner {
    | ------------------- methods in this implementation
...
173 |     fn link_local_ipv6_address(&self) -> Option<Ipv6Address> {
    |        ^^^^^^^^^^^^^^^^^^^^^^^
...
565 |     pub(super) fn mldv2_report_packet<'any>(
    |                   ^^^^^^^^^^^^^^^^^^^
    |
    = note: `#[warn(dead_code)]` (part of `#[warn(unused)]`) on by default

warning: variant `HopByHopIcmpv6` is never constructed
   --> /home/daivy/projects/serial/work/StarryOS/crates/smoltcp/src/iface/packet.rs:218:5
    |
210 | pub(crate) enum IpPayload<'p> {
    |                 --------- variant in this enum
...
218 |     HopByHopIcmpv6(Ipv6HopByHopRepr<'p>, Icmpv6Repr<'p>),
    |     ^^^^^^^^^^^^^^
    |
    = note: `IpPayload` has a derived impl for the trait `Debug`, but this is intentionally ignored during dead code analysis

warning: method `is_solicited_node_multicast` is never used
   --> /home/daivy/projects/serial/work/StarryOS/crates/smoltcp/src/wire/ipv6.rs:125:8
    |
 80 | pub(crate) trait AddressExt {
    |                  ---------- method in this trait
...
125 |     fn is_solicited_node_multicast(&self) -> bool;
    |        ^^^^^^^^^^^^^^^^^^^^^^^^^^^

warning: method `emit_header` is never used
   --> /home/daivy/projects/serial/work/StarryOS/crates/smoltcp/src/wire/udp.rs:275:19
    |
232 | impl Repr {
    | --------- method in this implementation
...
275 |     pub(crate) fn emit_header<T>(&self, packet: &mut Packet<&mut T>, payload_len: usize)
    |                   ^^^^^^^^^^^


running 109 tests
[32m.(B[m[32m.(B[m[32m.(B[m[32m.(B[m[32m.(B[m[32m.(B[m[32m.(B[m[32m.(B[m[32m.(B[m[32m.(B[m[32m.(B[m[32m.(B[m[32m.(B[m[32m.(B[m[32m.(B[m[32m.(B[m[32m.(B[m[32m.(B[m[32m.(B[m[32m.(B[m[32m.(B[m[32m.(B[m[32m.(B[m[32m.(B[m[32m.(B[m[32m.(B[m[32m.(B[m[32m.(B[m[32m.(B[m[32m.(B[m[32m.(B[m[32m.(B[m[32m.(B[m[32m.(B[m[32m.(B[m[32m.(B[m[32m.(B[m[32m.(B[m[32m.(B[m[32m.(B[m[32m.(B[m[32m.(B[m[32m.(B[m[32m.(B[m[32m.(B[m[32m.(B[m[32m.(B[m[32m.(B[m[32m.(B[m[32m.(B[m[32m.(B[m[32m.(B[m[32m.(B[m[32m.(B[m[32m.(B[m[32m.(B[m[32m.(B[m[32m.(B[m[32m.(B[m[32m.(B[m[32m.(B[m[32m.(B[m[32m.(B[m[32m.(B[m[32m.(B[m[32m.(B[m[32m.(B[m[32m.(B[m[32m.(B[m[32m.(B[m[32m.(B[m[32m.(B[m[32m.(B[m[32m.(B[m[32m.(B[m[32m.(B[m[32m.(B[m[32m.(B[m[32m.(B[m[32m.(B[m[32m.(B[m[32m.(B[m[32m.(B[m[32m.(B[m[32m.(B[m[32m.(B[m[32m.(B[m 87/109
[32m.(B[m[32m.(B[m[32m.(B[m[32m.(B[m[32m.(B[m[32m.(B[m[32m.(B[m[32m.(B[m[32m.(B[m[32m.(B[m[32m.(B[m[32m.(B[m[32m.(B[m[32m.(B[m[32m.(B[m[32m.(B[m[32m.(B[m[32m.(B[m[32m.(B[m[32m.(B[m[32m.(B[m[32m.(B[m
test result: [32mok(B[m. 109 passed; 0 failed; 0 ignored; 0 measured; 0 filtered out; finished in 0.02s

warning: `/home/daivy/.cargo/config` is deprecated in favor of `config.toml`
  |
  = help: if you need to support cargo 1.38 or earlier, you can symlink `config` to `config.toml`
warning: unused import: `crate::iface::Route`
 --> /home/daivy/projects/serial/work/StarryOS/crates/smoltcp/src/iface/interface/ipv6.rs:3:5
  |
3 | use crate::iface::Route;
  |     ^^^^^^^^^^^^^^^^^^^
  |
  = note: `#[warn(unused_imports)]` (part of `#[warn(unused)]`) on by default

warning: unused import: `super::fragmentation::PacketAssemblerSet`
  --> /home/daivy/projects/serial/work/StarryOS/crates/smoltcp/src/iface/interface/mod.rs:35:5
   |
35 | use super::fragmentation::PacketAssemblerSet;
   |     ^^^^^^^^^^^^^^^^^^^^^^^^^^^^^^^^^^^^^^^^

warning: unused imports: `IFACE_MAX_PREFIX_COUNT` and `IFACE_MAX_SIXLOWPAN_ADDRESS_CONTEXT_COUNT`
  --> /home/daivy/projects/serial/work/StarryOS/crates/smoltcp/src/iface/interface/mod.rs:42:27
   |
42 |     IFACE_MAX_ADDR_COUNT, IFACE_MAX_PREFIX_COUNT, IFACE_MAX_SIXLOWPAN_ADDRESS_CONTEXT_COUNT,
   |                           ^^^^^^^^^^^^^^^^^^^^^^  ^^^^^^^^^^^^^^^^^^^^^^^^^^^^^^^^^^^^^^^^^

warning: variable does not need to be mutable
   --> /home/daivy/projects/serial/work/StarryOS/crates/smoltcp/src/iface/interface/ipv4.rs:103:13
    |
103 |         let mut ipv4_repr = check!(Ipv4Repr::parse(ipv4_packet, &self.caps.checksum));
    |             ----^^^^^^^^^
    |             |
    |             help: remove this `mut`
    |
    = note: `#[warn(unused_mut)]` (part of `#[warn(unused)]`) on by default

warning: unused variable: `frag`
   --> /home/daivy/projects/serial/work/StarryOS/crates/smoltcp/src/iface/interface/ipv4.rs:101:9
    |
101 |         frag: &'a mut FragmentsBuffer,
    |         ^^^^ help: if this is intentional, prefix it with an underscore: `_frag`
    |
    = note: `#[warn(unused_variables)]` (part of `#[warn(unused)]`) on by default

warning: unused variable: `repr`
    --> /home/daivy/projects/serial/work/StarryOS/crates/smoltcp/src/iface/interface/mod.rs:1274:26
     |
1274 |             IpRepr::Ipv4(repr) => {
     |                          ^^^^ help: if this is intentional, prefix it with an underscore: `_repr`

warning: variable does not need to be mutable
   --> /home/daivy/projects/serial/work/StarryOS/crates/smoltcp/src/socket/dns.rs:247:13
    |
247 |         let mut mdns = MulticastDns::Disabled;
    |             ----^^^^
    |             |
    |             help: remove this `mut`

warning: methods `link_local_ipv6_address` and `mldv2_report_packet` are never used
   --> /home/daivy/projects/serial/work/StarryOS/crates/smoltcp/src/iface/interface/ipv6.rs:173:8
    |
 23 | impl InterfaceInner {
    | ------------------- methods in this implementation
...
173 |     fn link_local_ipv6_address(&self) -> Option<Ipv6Address> {
    |        ^^^^^^^^^^^^^^^^^^^^^^^
...
565 |     pub(super) fn mldv2_report_packet<'any>(
    |                   ^^^^^^^^^^^^^^^^^^^
    |
    = note: `#[warn(dead_code)]` (part of `#[warn(unused)]`) on by default

warning: variant `HopByHopIcmpv6` is never constructed
   --> /home/daivy/projects/serial/work/StarryOS/crates/smoltcp/src/iface/packet.rs:218:5
    |
210 | pub(crate) enum IpPayload<'p> {
    |                 --------- variant in this enum
...
218 |     HopByHopIcmpv6(Ipv6HopByHopRepr<'p>, Icmpv6Repr<'p>),
    |     ^^^^^^^^^^^^^^
    |
    = note: `IpPayload` has a derived impl for the trait `Debug`, but this is intentionally ignored during dead code analysis

warning: method `is_solicited_node_multicast` is never used
   --> /home/daivy/projects/serial/work/StarryOS/crates/smoltcp/src/wire/ipv6.rs:125:8
    |
 80 | pub(crate) trait AddressExt {
    |                  ---------- method in this trait
...
125 |     fn is_solicited_node_multicast(&self) -> bool;
    |        ^^^^^^^^^^^^^^^^^^^^^^^^^^^

warning: method `emit_header` is never used
   --> /home/daivy/projects/serial/work/StarryOS/crates/smoltcp/src/wire/udp.rs:275:19
    |
232 | impl Repr {
    | --------- method in this implementation
...
275 |     pub(crate) fn emit_header<T>(&self, packet: &mut Packet<&mut T>, payload_len: usize)
    |                   ^^^^^^^^^^^


running 109 tests
[32m.(B[m[32m.(B[m[32m.(B[m[32m.(B[m[32m.(B[m[32m.(B[m[32m.(B[m[32m.(B[m[32m.(B[m[32m.(B[m[32m.(B[m[32m.(B[m[32m.(B[m[32m.(B[m[32m.(B[m[32m.(B[m[32m.(B[m[32m.(B[m[32m.(B[m[32m.(B[m[32m.(B[m[32m.(B[m[32m.(B[m[32m.(B[m[32m.(B[m[32m.(B[m[32m.(B[m[32m.(B[m[32m.(B[m[32m.(B[m[32m.(B[m[32m.(B[m[32m.(B[m[32m.(B[m[32m.(B[m[32m.(B[m[32m.(B[m[32m.(B[m[32m.(B[m[32m.(B[m[32m.(B[m[32m.(B[m[32m.(B[m[32m.(B[m[32m.(B[m[32m.(B[m[32m.(B[m[32m.(B[m[32m.(B[m[32m.(B[m[32m.(B[m[32m.(B[m[32m.(B[m[32m.(B[m[32m.(B[m[32m.(B[m[32m.(B[m[32m.(B[m[32m.(B[m[32m.(B[m[32m.(B[m[32m.(B[m[32m.(B[m[32m.(B[m[32m.(B[m[32m.(B[m[32m.(B[m[32m.(B[m[32m.(B[m[32m.(B[m[32m.(B[m[32m.(B[m[32m.(B[m[32m.(B[m[32m.(B[m[32m.(B[m[32m.(B[m[32m.(B[m[32m.(B[m[32m.(B[m[32m.(B[m[32m.(B[m[32m.(B[m[32m.(B[m[32m.(B[m[32m.(B[m[32m.(B[m 87/109
[32m.(B[m[32m.(B[m[32m.(B[m[32m.(B[m[32m.(B[m[32m.(B[m[32m.(B[m[32m.(B[m[32m.(B[m[32m.(B[m[32m.(B[m[32m.(B[m[32m.(B[m[32m.(B[m[32m.(B[m[32m.(B[m[32m.(B[m[32m.(B[m[32m.(B[m[32m.(B[m[32m.(B[m[32m.(B[m
test result: [32mok(B[m. 109 passed; 0 failed; 0 ignored; 0 measured; 0 filtered out; finished in 0.01s

warning: `/home/daivy/.cargo/config` is deprecated in favor of `config.toml`
  |
  = help: if you need to support cargo 1.38 or earlier, you can symlink `config` to `config.toml`
warning: unused import: `crate::iface::Route`
 --> /home/daivy/projects/serial/work/StarryOS/crates/smoltcp/src/iface/interface/ipv6.rs:3:5
  |
3 | use crate::iface::Route;
  |     ^^^^^^^^^^^^^^^^^^^
  |
  = note: `#[warn(unused_imports)]` (part of `#[warn(unused)]`) on by default

warning: unused import: `super::fragmentation::PacketAssemblerSet`
  --> /home/daivy/projects/serial/work/StarryOS/crates/smoltcp/src/iface/interface/mod.rs:35:5
   |
35 | use super::fragmentation::PacketAssemblerSet;
   |     ^^^^^^^^^^^^^^^^^^^^^^^^^^^^^^^^^^^^^^^^

warning: unused imports: `IFACE_MAX_PREFIX_COUNT` and `IFACE_MAX_SIXLOWPAN_ADDRESS_CONTEXT_COUNT`
  --> /home/daivy/projects/serial/work/StarryOS/crates/smoltcp/src/iface/interface/mod.rs:42:27
   |
42 |     IFACE_MAX_ADDR_COUNT, IFACE_MAX_PREFIX_COUNT, IFACE_MAX_SIXLOWPAN_ADDRESS_CONTEXT_COUNT,
   |                           ^^^^^^^^^^^^^^^^^^^^^^  ^^^^^^^^^^^^^^^^^^^^^^^^^^^^^^^^^^^^^^^^^

warning: variable does not need to be mutable
   --> /home/daivy/projects/serial/work/StarryOS/crates/smoltcp/src/iface/interface/ipv4.rs:103:13
    |
103 |         let mut ipv4_repr = check!(Ipv4Repr::parse(ipv4_packet, &self.caps.checksum));
    |             ----^^^^^^^^^
    |             |
    |             help: remove this `mut`
    |
    = note: `#[warn(unused_mut)]` (part of `#[warn(unused)]`) on by default

warning: unused variable: `frag`
   --> /home/daivy/projects/serial/work/StarryOS/crates/smoltcp/src/iface/interface/ipv4.rs:101:9
    |
101 |         frag: &'a mut FragmentsBuffer,
    |         ^^^^ help: if this is intentional, prefix it with an underscore: `_frag`
    |
    = note: `#[warn(unused_variables)]` (part of `#[warn(unused)]`) on by default

warning: unused variable: `repr`
    --> /home/daivy/projects/serial/work/StarryOS/crates/smoltcp/src/iface/interface/mod.rs:1274:26
     |
1274 |             IpRepr::Ipv4(repr) => {
     |                          ^^^^ help: if this is intentional, prefix it with an underscore: `_repr`

warning: variable does not need to be mutable
   --> /home/daivy/projects/serial/work/StarryOS/crates/smoltcp/src/socket/dns.rs:247:13
    |
247 |         let mut mdns = MulticastDns::Disabled;
    |             ----^^^^
    |             |
    |             help: remove this `mut`

warning: methods `link_local_ipv6_address` and `mldv2_report_packet` are never used
   --> /home/daivy/projects/serial/work/StarryOS/crates/smoltcp/src/iface/interface/ipv6.rs:173:8
    |
 23 | impl InterfaceInner {
    | ------------------- methods in this implementation
...
173 |     fn link_local_ipv6_address(&self) -> Option<Ipv6Address> {
    |        ^^^^^^^^^^^^^^^^^^^^^^^
...
565 |     pub(super) fn mldv2_report_packet<'any>(
    |                   ^^^^^^^^^^^^^^^^^^^
    |
    = note: `#[warn(dead_code)]` (part of `#[warn(unused)]`) on by default

warning: variant `HopByHopIcmpv6` is never constructed
   --> /home/daivy/projects/serial/work/StarryOS/crates/smoltcp/src/iface/packet.rs:218:5
    |
210 | pub(crate) enum IpPayload<'p> {
    |                 --------- variant in this enum
...
218 |     HopByHopIcmpv6(Ipv6HopByHopRepr<'p>, Icmpv6Repr<'p>),
    |     ^^^^^^^^^^^^^^
    |
    = note: `IpPayload` has a derived impl for the trait `Debug`, but this is intentionally ignored during dead code analysis

warning: method `is_solicited_node_multicast` is never used
   --> /home/daivy/projects/serial/work/StarryOS/crates/smoltcp/src/wire/ipv6.rs:125:8
    |
 80 | pub(crate) trait AddressExt {
    |                  ---------- method in this trait
...
125 |     fn is_solicited_node_multicast(&self) -> bool;
    |        ^^^^^^^^^^^^^^^^^^^^^^^^^^^

warning: method `emit_header` is never used
   --> /home/daivy/projects/serial/work/StarryOS/crates/smoltcp/src/wire/udp.rs:275:19
    |
232 | impl Repr {
    | --------- method in this implementation
...
275 |     pub(crate) fn emit_header<T>(&self, packet: &mut Packet<&mut T>, payload_len: usize)
    |                   ^^^^^^^^^^^


running 109 tests
[32m.(B[m[32m.(B[m[32m.(B[m[32m.(B[m[32m.(B[m[32m.(B[m[32m.(B[m[32m.(B[m[32m.(B[m[32m.(B[m[32m.(B[m[32m.(B[m[32m.(B[m[32m.(B[m[32m.(B[m[32m.(B[m[32m.(B[m[32m.(B[m[32m.(B[m[32m.(B[m[32m.(B[m[32m.(B[m[32m.(B[m[32m.(B[m[32m.(B[m[32m.(B[m[32m.(B[m[32m.(B[m[32m.(B[m[32m.(B[m[32m.(B[m[32m.(B[m[32m.(B[m[32m.(B[m[32m.(B[m[32m.(B[m[32m.(B[m[32m.(B[m[32m.(B[m[32m.(B[m[32m.(B[m[32m.(B[m[32m.(B[m[32m.(B[m[32m.(B[m[32m.(B[m[32m.(B[m[32m.(B[m[32m.(B[m[32m.(B[m[32m.(B[m[32m.(B[m[32m.(B[m[32m.(B[m[32m.(B[m[32m.(B[m[32m.(B[m[32m.(B[m[32m.(B[m[32m.(B[m[32m.(B[m[32m.(B[m[32m.(B[m[32m.(B[m[32m.(B[m[32m.(B[m[32m.(B[m[32m.(B[m[32m.(B[m[32m.(B[m[32m.(B[m[32m.(B[m[32m.(B[m[32m.(B[m[32m.(B[m[32m.(B[m[32m.(B[m[32m.(B[m[32m.(B[m[32m.(B[m[32m.(B[m[32m.(B[m[32m.(B[m[32m.(B[m[32m.(B[m[32m.(B[m[32m.(B[m 87/109
[32m.(B[m[32m.(B[m[32m.(B[m[32m.(B[m[32m.(B[m[32m.(B[m[32m.(B[m[32m.(B[m[32m.(B[m[32m.(B[m[32m.(B[m[32m.(B[m[32m.(B[m[32m.(B[m[32m.(B[m[32m.(B[m[32m.(B[m[32m.(B[m[32m.(B[m[32m.(B[m[32m.(B[m[32m.(B[m
test result: [32mok(B[m. 109 passed; 0 failed; 0 ignored; 0 measured; 0 filtered out; finished in 0.01s

warning: `/home/daivy/.cargo/config` is deprecated in favor of `config.toml`
  |
  = help: if you need to support cargo 1.38 or earlier, you can symlink `config` to `config.toml`
warning: unused import: `crate::iface::Route`
 --> /home/daivy/projects/serial/work/StarryOS/crates/smoltcp/src/iface/interface/ipv6.rs:3:5
  |
3 | use crate::iface::Route;
  |     ^^^^^^^^^^^^^^^^^^^
  |
  = note: `#[warn(unused_imports)]` (part of `#[warn(unused)]`) on by default

warning: unused import: `super::fragmentation::PacketAssemblerSet`
  --> /home/daivy/projects/serial/work/StarryOS/crates/smoltcp/src/iface/interface/mod.rs:35:5
   |
35 | use super::fragmentation::PacketAssemblerSet;
   |     ^^^^^^^^^^^^^^^^^^^^^^^^^^^^^^^^^^^^^^^^

warning: unused imports: `IFACE_MAX_PREFIX_COUNT` and `IFACE_MAX_SIXLOWPAN_ADDRESS_CONTEXT_COUNT`
  --> /home/daivy/projects/serial/work/StarryOS/crates/smoltcp/src/iface/interface/mod.rs:42:27
   |
42 |     IFACE_MAX_ADDR_COUNT, IFACE_MAX_PREFIX_COUNT, IFACE_MAX_SIXLOWPAN_ADDRESS_CONTEXT_COUNT,
   |                           ^^^^^^^^^^^^^^^^^^^^^^  ^^^^^^^^^^^^^^^^^^^^^^^^^^^^^^^^^^^^^^^^^

warning: variable does not need to be mutable
   --> /home/daivy/projects/serial/work/StarryOS/crates/smoltcp/src/iface/interface/ipv4.rs:103:13
    |
103 |         let mut ipv4_repr = check!(Ipv4Repr::parse(ipv4_packet, &self.caps.checksum));
    |             ----^^^^^^^^^
    |             |
    |             help: remove this `mut`
    |
    = note: `#[warn(unused_mut)]` (part of `#[warn(unused)]`) on by default

warning: unused variable: `frag`
   --> /home/daivy/projects/serial/work/StarryOS/crates/smoltcp/src/iface/interface/ipv4.rs:101:9
    |
101 |         frag: &'a mut FragmentsBuffer,
    |         ^^^^ help: if this is intentional, prefix it with an underscore: `_frag`
    |
    = note: `#[warn(unused_variables)]` (part of `#[warn(unused)]`) on by default

warning: unused variable: `repr`
    --> /home/daivy/projects/serial/work/StarryOS/crates/smoltcp/src/iface/interface/mod.rs:1274:26
     |
1274 |             IpRepr::Ipv4(repr) => {
     |                          ^^^^ help: if this is intentional, prefix it with an underscore: `_repr`

warning: variable does not need to be mutable
   --> /home/daivy/projects/serial/work/StarryOS/crates/smoltcp/src/socket/dns.rs:247:13
    |
247 |         let mut mdns = MulticastDns::Disabled;
    |             ----^^^^
    |             |
    |             help: remove this `mut`

warning: methods `link_local_ipv6_address` and `mldv2_report_packet` are never used
   --> /home/daivy/projects/serial/work/StarryOS/crates/smoltcp/src/iface/interface/ipv6.rs:173:8
    |
 23 | impl InterfaceInner {
    | ------------------- methods in this implementation
...
173 |     fn link_local_ipv6_address(&self) -> Option<Ipv6Address> {
    |        ^^^^^^^^^^^^^^^^^^^^^^^
...
565 |     pub(super) fn mldv2_report_packet<'any>(
    |                   ^^^^^^^^^^^^^^^^^^^
    |
    = note: `#[warn(dead_code)]` (part of `#[warn(unused)]`) on by default

warning: variant `HopByHopIcmpv6` is never constructed
   --> /home/daivy/projects/serial/work/StarryOS/crates/smoltcp/src/iface/packet.rs:218:5
    |
210 | pub(crate) enum IpPayload<'p> {
    |                 --------- variant in this enum
...
218 |     HopByHopIcmpv6(Ipv6HopByHopRepr<'p>, Icmpv6Repr<'p>),
    |     ^^^^^^^^^^^^^^
    |
    = note: `IpPayload` has a derived impl for the trait `Debug`, but this is intentionally ignored during dead code analysis

warning: method `is_solicited_node_multicast` is never used
   --> /home/daivy/projects/serial/work/StarryOS/crates/smoltcp/src/wire/ipv6.rs:125:8
    |
 80 | pub(crate) trait AddressExt {
    |                  ---------- method in this trait
...
125 |     fn is_solicited_node_multicast(&self) -> bool;
    |        ^^^^^^^^^^^^^^^^^^^^^^^^^^^

warning: method `emit_header` is never used
   --> /home/daivy/projects/serial/work/StarryOS/crates/smoltcp/src/wire/udp.rs:275:19
    |
232 | impl Repr {
    | --------- method in this implementation
...
275 |     pub(crate) fn emit_header<T>(&self, packet: &mut Packet<&mut T>, payload_len: usize)
    |                   ^^^^^^^^^^^


running 109 tests
[32m.(B[m[32m.(B[m[32m.(B[m[32m.(B[m[32m.(B[m[32m.(B[m[32m.(B[m[32m.(B[m[32m.(B[m[32m.(B[m[32m.(B[m[32m.(B[m[32m.(B[m[32m.(B[m[32m.(B[m[32m.(B[m[32m.(B[m[32m.(B[m[32m.(B[m[32m.(B[m[32m.(B[m[32m.(B[m[32m.(B[m[32m.(B[m[32m.(B[m[32m.(B[m[32m.(B[m[32m.(B[m[32m.(B[m[32m.(B[m[32m.(B[m[32m.(B[m[32m.(B[m[32m.(B[m[32m.(B[m[32m.(B[m[32m.(B[m[32m.(B[m[32m.(B[m[32m.(B[m[32m.(B[m[32m.(B[m[32m.(B[m[32m.(B[m[32m.(B[m[32m.(B[m[32m.(B[m[32m.(B[m[32m.(B[m[32m.(B[m[32m.(B[m[32m.(B[m[32m.(B[m[32m.(B[m[32m.(B[m[32m.(B[m[32m.(B[m[32m.(B[m[32m.(B[m[32m.(B[m[32m.(B[m[32m.(B[m[32m.(B[m[32m.(B[m[32m.(B[m[32m.(B[m[32m.(B[m[32m.(B[m[32m.(B[m[32m.(B[m[32m.(B[m[32m.(B[m[32m.(B[m[32m.(B[m[32m.(B[m[32m.(B[m[32m.(B[m[32m.(B[m[32m.(B[m[32m.(B[m[32m.(B[m[32m.(B[m[32m.(B[m[32m.(B[m[32m.(B[m[32m.(B[m[32m.(B[m 87/109
[32m.(B[m[32m.(B[m[32m.(B[m[32m.(B[m[32m.(B[m[32m.(B[m[32m.(B[m[32m.(B[m[32m.(B[m[32m.(B[m[32m.(B[m[32m.(B[m[32m.(B[m[32m.(B[m[32m.(B[m[32m.(B[m[32m.(B[m[32m.(B[m[32m.(B[m[32m.(B[m[32m.(B[m[32m.(B[m
test result: [32mok(B[m. 109 passed; 0 failed; 0 ignored; 0 measured; 0 filtered out; finished in 0.02s

warning: `/home/daivy/.cargo/config` is deprecated in favor of `config.toml`
  |
  = help: if you need to support cargo 1.38 or earlier, you can symlink `config` to `config.toml`
warning: unused import: `crate::iface::Route`
 --> /home/daivy/projects/serial/work/StarryOS/crates/smoltcp/src/iface/interface/ipv6.rs:3:5
  |
3 | use crate::iface::Route;
  |     ^^^^^^^^^^^^^^^^^^^
  |
  = note: `#[warn(unused_imports)]` (part of `#[warn(unused)]`) on by default

warning: unused import: `super::fragmentation::PacketAssemblerSet`
  --> /home/daivy/projects/serial/work/StarryOS/crates/smoltcp/src/iface/interface/mod.rs:35:5
   |
35 | use super::fragmentation::PacketAssemblerSet;
   |     ^^^^^^^^^^^^^^^^^^^^^^^^^^^^^^^^^^^^^^^^

warning: unused imports: `IFACE_MAX_PREFIX_COUNT` and `IFACE_MAX_SIXLOWPAN_ADDRESS_CONTEXT_COUNT`
  --> /home/daivy/projects/serial/work/StarryOS/crates/smoltcp/src/iface/interface/mod.rs:42:27
   |
42 |     IFACE_MAX_ADDR_COUNT, IFACE_MAX_PREFIX_COUNT, IFACE_MAX_SIXLOWPAN_ADDRESS_CONTEXT_COUNT,
   |                           ^^^^^^^^^^^^^^^^^^^^^^  ^^^^^^^^^^^^^^^^^^^^^^^^^^^^^^^^^^^^^^^^^

warning: variable does not need to be mutable
   --> /home/daivy/projects/serial/work/StarryOS/crates/smoltcp/src/iface/interface/ipv4.rs:103:13
    |
103 |         let mut ipv4_repr = check!(Ipv4Repr::parse(ipv4_packet, &self.caps.checksum));
    |             ----^^^^^^^^^
    |             |
    |             help: remove this `mut`
    |
    = note: `#[warn(unused_mut)]` (part of `#[warn(unused)]`) on by default

warning: unused variable: `frag`
   --> /home/daivy/projects/serial/work/StarryOS/crates/smoltcp/src/iface/interface/ipv4.rs:101:9
    |
101 |         frag: &'a mut FragmentsBuffer,
    |         ^^^^ help: if this is intentional, prefix it with an underscore: `_frag`
    |
    = note: `#[warn(unused_variables)]` (part of `#[warn(unused)]`) on by default

warning: unused variable: `repr`
    --> /home/daivy/projects/serial/work/StarryOS/crates/smoltcp/src/iface/interface/mod.rs:1274:26
     |
1274 |             IpRepr::Ipv4(repr) => {
     |                          ^^^^ help: if this is intentional, prefix it with an underscore: `_repr`

warning: variable does not need to be mutable
   --> /home/daivy/projects/serial/work/StarryOS/crates/smoltcp/src/socket/dns.rs:247:13
    |
247 |         let mut mdns = MulticastDns::Disabled;
    |             ----^^^^
    |             |
    |             help: remove this `mut`

warning: methods `link_local_ipv6_address` and `mldv2_report_packet` are never used
   --> /home/daivy/projects/serial/work/StarryOS/crates/smoltcp/src/iface/interface/ipv6.rs:173:8
    |
 23 | impl InterfaceInner {
    | ------------------- methods in this implementation
...
173 |     fn link_local_ipv6_address(&self) -> Option<Ipv6Address> {
    |        ^^^^^^^^^^^^^^^^^^^^^^^
...
565 |     pub(super) fn mldv2_report_packet<'any>(
    |                   ^^^^^^^^^^^^^^^^^^^
    |
    = note: `#[warn(dead_code)]` (part of `#[warn(unused)]`) on by default

warning: variant `HopByHopIcmpv6` is never constructed
   --> /home/daivy/projects/serial/work/StarryOS/crates/smoltcp/src/iface/packet.rs:218:5
    |
210 | pub(crate) enum IpPayload<'p> {
    |                 --------- variant in this enum
...
218 |     HopByHopIcmpv6(Ipv6HopByHopRepr<'p>, Icmpv6Repr<'p>),
    |     ^^^^^^^^^^^^^^
    |
    = note: `IpPayload` has a derived impl for the trait `Debug`, but this is intentionally ignored during dead code analysis

warning: method `is_solicited_node_multicast` is never used
   --> /home/daivy/projects/serial/work/StarryOS/crates/smoltcp/src/wire/ipv6.rs:125:8
    |
 80 | pub(crate) trait AddressExt {
    |                  ---------- method in this trait
...
125 |     fn is_solicited_node_multicast(&self) -> bool;
    |        ^^^^^^^^^^^^^^^^^^^^^^^^^^^

warning: method `emit_header` is never used
   --> /home/daivy/projects/serial/work/StarryOS/crates/smoltcp/src/wire/udp.rs:275:19
    |
232 | impl Repr {
    | --------- method in this implementation
...
275 |     pub(crate) fn emit_header<T>(&self, packet: &mut Packet<&mut T>, payload_len: usize)
    |                   ^^^^^^^^^^^


running 109 tests
[32m.(B[m[32m.(B[m[32m.(B[m[32m.(B[m[32m.(B[m[32m.(B[m[32m.(B[m[32m.(B[m[32m.(B[m[32m.(B[m[32m.(B[m[32m.(B[m[32m.(B[m[32m.(B[m[32m.(B[m[32m.(B[m[32m.(B[m[32m.(B[m[32m.(B[m[32m.(B[m[32m.(B[m[32m.(B[m[32m.(B[m[32m.(B[m[32m.(B[m[32m.(B[m[32m.(B[m[32m.(B[m[32m.(B[m[32m.(B[m[32m.(B[m[32m.(B[m[32m.(B[m[32m.(B[m[32m.(B[m[32m.(B[m[32m.(B[m[32m.(B[m[32m.(B[m[32m.(B[m[32m.(B[m[32m.(B[m[32m.(B[m[32m.(B[m[32m.(B[m[32m.(B[m[32m.(B[m[32m.(B[m[32m.(B[m[32m.(B[m[32m.(B[m[32m.(B[m[32m.(B[m[32m.(B[m[32m.(B[m[32m.(B[m[32m.(B[m[32m.(B[m[32m.(B[m[32m.(B[m[32m.(B[m[32m.(B[m[32m.(B[m[32m.(B[m[32m.(B[m[32m.(B[m[32m.(B[m[32m.(B[m[32m.(B[m[32m.(B[m[32m.(B[m[32m.(B[m[32m.(B[m[32m.(B[m[32m.(B[m[32m.(B[m[32m.(B[m[32m.(B[m[32m.(B[m[32m.(B[m[32m.(B[m[32m.(B[m[32m.(B[m[32m.(B[m[32m.(B[m[32m.(B[m[32m.(B[m 87/109
[32m.(B[m[32m.(B[m[32m.(B[m[32m.(B[m[32m.(B[m[32m.(B[m[32m.(B[m[32m.(B[m[32m.(B[m[32m.(B[m[32m.(B[m[32m.(B[m[32m.(B[m[32m.(B[m[32m.(B[m[32m.(B[m[32m.(B[m[32m.(B[m[32m.(B[m[32m.(B[m[32m.(B[m[32m.(B[m
test result: [32mok(B[m. 109 passed; 0 failed; 0 ignored; 0 measured; 0 filtered out; finished in 0.02s

warning: `/home/daivy/.cargo/config` is deprecated in favor of `config.toml`
  |
  = help: if you need to support cargo 1.38 or earlier, you can symlink `config` to `config.toml`
warning: unused import: `crate::iface::Route`
 --> /home/daivy/projects/serial/work/StarryOS/crates/smoltcp/src/iface/interface/ipv6.rs:3:5
  |
3 | use crate::iface::Route;
  |     ^^^^^^^^^^^^^^^^^^^
  |
  = note: `#[warn(unused_imports)]` (part of `#[warn(unused)]`) on by default

warning: unused import: `super::fragmentation::PacketAssemblerSet`
  --> /home/daivy/projects/serial/work/StarryOS/crates/smoltcp/src/iface/interface/mod.rs:35:5
   |
35 | use super::fragmentation::PacketAssemblerSet;
   |     ^^^^^^^^^^^^^^^^^^^^^^^^^^^^^^^^^^^^^^^^

warning: unused imports: `IFACE_MAX_PREFIX_COUNT` and `IFACE_MAX_SIXLOWPAN_ADDRESS_CONTEXT_COUNT`
  --> /home/daivy/projects/serial/work/StarryOS/crates/smoltcp/src/iface/interface/mod.rs:42:27
   |
42 |     IFACE_MAX_ADDR_COUNT, IFACE_MAX_PREFIX_COUNT, IFACE_MAX_SIXLOWPAN_ADDRESS_CONTEXT_COUNT,
   |                           ^^^^^^^^^^^^^^^^^^^^^^  ^^^^^^^^^^^^^^^^^^^^^^^^^^^^^^^^^^^^^^^^^

warning: variable does not need to be mutable
   --> /home/daivy/projects/serial/work/StarryOS/crates/smoltcp/src/iface/interface/ipv4.rs:103:13
    |
103 |         let mut ipv4_repr = check!(Ipv4Repr::parse(ipv4_packet, &self.caps.checksum));
    |             ----^^^^^^^^^
    |             |
    |             help: remove this `mut`
    |
    = note: `#[warn(unused_mut)]` (part of `#[warn(unused)]`) on by default

warning: unused variable: `frag`
   --> /home/daivy/projects/serial/work/StarryOS/crates/smoltcp/src/iface/interface/ipv4.rs:101:9
    |
101 |         frag: &'a mut FragmentsBuffer,
    |         ^^^^ help: if this is intentional, prefix it with an underscore: `_frag`
    |
    = note: `#[warn(unused_variables)]` (part of `#[warn(unused)]`) on by default

warning: unused variable: `repr`
    --> /home/daivy/projects/serial/work/StarryOS/crates/smoltcp/src/iface/interface/mod.rs:1274:26
     |
1274 |             IpRepr::Ipv4(repr) => {
     |                          ^^^^ help: if this is intentional, prefix it with an underscore: `_repr`

warning: variable does not need to be mutable
   --> /home/daivy/projects/serial/work/StarryOS/crates/smoltcp/src/socket/dns.rs:247:13
    |
247 |         let mut mdns = MulticastDns::Disabled;
    |             ----^^^^
    |             |
    |             help: remove this `mut`

warning: methods `link_local_ipv6_address` and `mldv2_report_packet` are never used
   --> /home/daivy/projects/serial/work/StarryOS/crates/smoltcp/src/iface/interface/ipv6.rs:173:8
    |
 23 | impl InterfaceInner {
    | ------------------- methods in this implementation
...
173 |     fn link_local_ipv6_address(&self) -> Option<Ipv6Address> {
    |        ^^^^^^^^^^^^^^^^^^^^^^^
...
565 |     pub(super) fn mldv2_report_packet<'any>(
    |                   ^^^^^^^^^^^^^^^^^^^
    |
    = note: `#[warn(dead_code)]` (part of `#[warn(unused)]`) on by default

warning: variant `HopByHopIcmpv6` is never constructed
   --> /home/daivy/projects/serial/work/StarryOS/crates/smoltcp/src/iface/packet.rs:218:5
    |
210 | pub(crate) enum IpPayload<'p> {
    |                 --------- variant in this enum
...
218 |     HopByHopIcmpv6(Ipv6HopByHopRepr<'p>, Icmpv6Repr<'p>),
    |     ^^^^^^^^^^^^^^
    |
    = note: `IpPayload` has a derived impl for the trait `Debug`, but this is intentionally ignored during dead code analysis

warning: method `is_solicited_node_multicast` is never used
   --> /home/daivy/projects/serial/work/StarryOS/crates/smoltcp/src/wire/ipv6.rs:125:8
    |
 80 | pub(crate) trait AddressExt {
    |                  ---------- method in this trait
...
125 |     fn is_solicited_node_multicast(&self) -> bool;
    |        ^^^^^^^^^^^^^^^^^^^^^^^^^^^

warning: method `emit_header` is never used
   --> /home/daivy/projects/serial/work/StarryOS/crates/smoltcp/src/wire/udp.rs:275:19
    |
232 | impl Repr {
    | --------- method in this implementation
...
275 |     pub(crate) fn emit_header<T>(&self, packet: &mut Packet<&mut T>, payload_len: usize)
    |                   ^^^^^^^^^^^


running 109 tests
[32m.(B[m[32m.(B[m[32m.(B[m[32m.(B[m[32m.(B[m[32m.(B[m[32m.(B[m[32m.(B[m[32m.(B[m[32m.(B[m[32m.(B[m[32m.(B[m[32m.(B[m[32m.(B[m[32m.(B[m[32m.(B[m[32m.(B[m[32m.(B[m[32m.(B[m[32m.(B[m[32m.(B[m[32m.(B[m[32m.(B[m[32m.(B[m[32m.(B[m[32m.(B[m[32m.(B[m[32m.(B[m[32m.(B[m[32m.(B[m[32m.(B[m[32m.(B[m[32m.(B[m[32m.(B[m[32m.(B[m[32m.(B[m[32m.(B[m[32m.(B[m[32m.(B[m[32m.(B[m[32m.(B[m[32m.(B[m[32m.(B[m[32m.(B[m[32m.(B[m[32m.(B[m[32m.(B[m[32m.(B[m[32m.(B[m[32m.(B[m[32m.(B[m[32m.(B[m[32m.(B[m[32m.(B[m[32m.(B[m[32m.(B[m[32m.(B[m[32m.(B[m[32m.(B[m[32m.(B[m[32m.(B[m[32m.(B[m[32m.(B[m[32m.(B[m[32m.(B[m[32m.(B[m[32m.(B[m[32m.(B[m[32m.(B[m[32m.(B[m[32m.(B[m[32m.(B[m[32m.(B[m[32m.(B[m[32m.(B[m[32m.(B[m[32m.(B[m[32m.(B[m[32m.(B[m[32m.(B[m[32m.(B[m[32m.(B[m[32m.(B[m[32m.(B[m[32m.(B[m[32m.(B[m[32m.(B[m 87/109
[32m.(B[m[32m.(B[m[32m.(B[m[32m.(B[m[32m.(B[m[32m.(B[m[32m.(B[m[32m.(B[m[32m.(B[m[32m.(B[m[32m.(B[m[32m.(B[m[32m.(B[m[32m.(B[m[32m.(B[m[32m.(B[m[32m.(B[m[32m.(B[m[32m.(B[m[32m.(B[m[32m.(B[m[32m.(B[m
test result: [32mok(B[m. 109 passed; 0 failed; 0 ignored; 0 measured; 0 filtered out; finished in 0.01s

warning: `/home/daivy/.cargo/config` is deprecated in favor of `config.toml`
  |
  = help: if you need to support cargo 1.38 or earlier, you can symlink `config` to `config.toml`
warning: unused import: `crate::iface::Route`
 --> /home/daivy/projects/serial/work/StarryOS/crates/smoltcp/src/iface/interface/ipv6.rs:3:5
  |
3 | use crate::iface::Route;
  |     ^^^^^^^^^^^^^^^^^^^
  |
  = note: `#[warn(unused_imports)]` (part of `#[warn(unused)]`) on by default

warning: unused import: `super::fragmentation::PacketAssemblerSet`
  --> /home/daivy/projects/serial/work/StarryOS/crates/smoltcp/src/iface/interface/mod.rs:35:5
   |
35 | use super::fragmentation::PacketAssemblerSet;
   |     ^^^^^^^^^^^^^^^^^^^^^^^^^^^^^^^^^^^^^^^^

warning: unused imports: `IFACE_MAX_PREFIX_COUNT` and `IFACE_MAX_SIXLOWPAN_ADDRESS_CONTEXT_COUNT`
  --> /home/daivy/projects/serial/work/StarryOS/crates/smoltcp/src/iface/interface/mod.rs:42:27
   |
42 |     IFACE_MAX_ADDR_COUNT, IFACE_MAX_PREFIX_COUNT, IFACE_MAX_SIXLOWPAN_ADDRESS_CONTEXT_COUNT,
   |                           ^^^^^^^^^^^^^^^^^^^^^^  ^^^^^^^^^^^^^^^^^^^^^^^^^^^^^^^^^^^^^^^^^

warning: variable does not need to be mutable
   --> /home/daivy/projects/serial/work/StarryOS/crates/smoltcp/src/iface/interface/ipv4.rs:103:13
    |
103 |         let mut ipv4_repr = check!(Ipv4Repr::parse(ipv4_packet, &self.caps.checksum));
    |             ----^^^^^^^^^
    |             |
    |             help: remove this `mut`
    |
    = note: `#[warn(unused_mut)]` (part of `#[warn(unused)]`) on by default

warning: unused variable: `frag`
   --> /home/daivy/projects/serial/work/StarryOS/crates/smoltcp/src/iface/interface/ipv4.rs:101:9
    |
101 |         frag: &'a mut FragmentsBuffer,
    |         ^^^^ help: if this is intentional, prefix it with an underscore: `_frag`
    |
    = note: `#[warn(unused_variables)]` (part of `#[warn(unused)]`) on by default

warning: unused variable: `repr`
    --> /home/daivy/projects/serial/work/StarryOS/crates/smoltcp/src/iface/interface/mod.rs:1274:26
     |
1274 |             IpRepr::Ipv4(repr) => {
     |                          ^^^^ help: if this is intentional, prefix it with an underscore: `_repr`

warning: variable does not need to be mutable
   --> /home/daivy/projects/serial/work/StarryOS/crates/smoltcp/src/socket/dns.rs:247:13
    |
247 |         let mut mdns = MulticastDns::Disabled;
    |             ----^^^^
    |             |
    |             help: remove this `mut`

warning: methods `link_local_ipv6_address` and `mldv2_report_packet` are never used
   --> /home/daivy/projects/serial/work/StarryOS/crates/smoltcp/src/iface/interface/ipv6.rs:173:8
    |
 23 | impl InterfaceInner {
    | ------------------- methods in this implementation
...
173 |     fn link_local_ipv6_address(&self) -> Option<Ipv6Address> {
    |        ^^^^^^^^^^^^^^^^^^^^^^^
...
565 |     pub(super) fn mldv2_report_packet<'any>(
    |                   ^^^^^^^^^^^^^^^^^^^
    |
    = note: `#[warn(dead_code)]` (part of `#[warn(unused)]`) on by default

warning: variant `HopByHopIcmpv6` is never constructed
   --> /home/daivy/projects/serial/work/StarryOS/crates/smoltcp/src/iface/packet.rs:218:5
    |
210 | pub(crate) enum IpPayload<'p> {
    |                 --------- variant in this enum
...
218 |     HopByHopIcmpv6(Ipv6HopByHopRepr<'p>, Icmpv6Repr<'p>),
    |     ^^^^^^^^^^^^^^
    |
    = note: `IpPayload` has a derived impl for the trait `Debug`, but this is intentionally ignored during dead code analysis

warning: method `is_solicited_node_multicast` is never used
   --> /home/daivy/projects/serial/work/StarryOS/crates/smoltcp/src/wire/ipv6.rs:125:8
    |
 80 | pub(crate) trait AddressExt {
    |                  ---------- method in this trait
...
125 |     fn is_solicited_node_multicast(&self) -> bool;
    |        ^^^^^^^^^^^^^^^^^^^^^^^^^^^

warning: method `emit_header` is never used
   --> /home/daivy/projects/serial/work/StarryOS/crates/smoltcp/src/wire/udp.rs:275:19
    |
232 | impl Repr {
    | --------- method in this implementation
...
275 |     pub(crate) fn emit_header<T>(&self, packet: &mut Packet<&mut T>, payload_len: usize)
    |                   ^^^^^^^^^^^


running 109 tests
[32m.(B[m[32m.(B[m[32m.(B[m[32m.(B[m[32m.(B[m[32m.(B[m[32m.(B[m[32m.(B[m[32m.(B[m[32m.(B[m[32m.(B[m[32m.(B[m[32m.(B[m[32m.(B[m[32m.(B[m[32m.(B[m[32m.(B[m[32m.(B[m[32m.(B[m[32m.(B[m[32m.(B[m[32m.(B[m[32m.(B[m[32m.(B[m[32m.(B[m[32m.(B[m[32m.(B[m[32m.(B[m[32m.(B[m[32m.(B[m[32m.(B[m[32m.(B[m[32m.(B[m[32m.(B[m[32m.(B[m[32m.(B[m[32m.(B[m[32m.(B[m[32m.(B[m[32m.(B[m[32m.(B[m[32m.(B[m[32m.(B[m[32m.(B[m[32m.(B[m[32m.(B[m[32m.(B[m[32m.(B[m[32m.(B[m[32m.(B[m[32m.(B[m[32m.(B[m[32m.(B[m[32m.(B[m[32m.(B[m[32m.(B[m[32m.(B[m[32m.(B[m[32m.(B[m[32m.(B[m[32m.(B[m[32m.(B[m[32m.(B[m[32m.(B[m[32m.(B[m[32m.(B[m[32m.(B[m[32m.(B[m[32m.(B[m[32m.(B[m[32m.(B[m[32m.(B[m[32m.(B[m[32m.(B[m[32m.(B[m[32m.(B[m[32m.(B[m[32m.(B[m[32m.(B[m[32m.(B[m[32m.(B[m[32m.(B[m[32m.(B[m[32m.(B[m[32m.(B[m[32m.(B[m[32m.(B[m 87/109
[32m.(B[m[32m.(B[m[32m.(B[m[32m.(B[m[32m.(B[m[32m.(B[m[32m.(B[m[32m.(B[m[32m.(B[m[32m.(B[m[32m.(B[m[32m.(B[m[32m.(B[m[32m.(B[m[32m.(B[m[32m.(B[m[32m.(B[m[32m.(B[m[32m.(B[m[32m.(B[m[32m.(B[m[32m.(B[m
test result: [32mok(B[m. 109 passed; 0 failed; 0 ignored; 0 measured; 0 filtered out; finished in 0.02s

warning: `/home/daivy/.cargo/config` is deprecated in favor of `config.toml`
  |
  = help: if you need to support cargo 1.38 or earlier, you can symlink `config` to `config.toml`
warning: unused import: `crate::iface::Route`
 --> /home/daivy/projects/serial/work/StarryOS/crates/smoltcp/src/iface/interface/ipv6.rs:3:5
  |
3 | use crate::iface::Route;
  |     ^^^^^^^^^^^^^^^^^^^
  |
  = note: `#[warn(unused_imports)]` (part of `#[warn(unused)]`) on by default

warning: unused import: `super::fragmentation::PacketAssemblerSet`
  --> /home/daivy/projects/serial/work/StarryOS/crates/smoltcp/src/iface/interface/mod.rs:35:5
   |
35 | use super::fragmentation::PacketAssemblerSet;
   |     ^^^^^^^^^^^^^^^^^^^^^^^^^^^^^^^^^^^^^^^^

warning: unused imports: `IFACE_MAX_PREFIX_COUNT` and `IFACE_MAX_SIXLOWPAN_ADDRESS_CONTEXT_COUNT`
  --> /home/daivy/projects/serial/work/StarryOS/crates/smoltcp/src/iface/interface/mod.rs:42:27
   |
42 |     IFACE_MAX_ADDR_COUNT, IFACE_MAX_PREFIX_COUNT, IFACE_MAX_SIXLOWPAN_ADDRESS_CONTEXT_COUNT,
   |                           ^^^^^^^^^^^^^^^^^^^^^^  ^^^^^^^^^^^^^^^^^^^^^^^^^^^^^^^^^^^^^^^^^

warning: variable does not need to be mutable
   --> /home/daivy/projects/serial/work/StarryOS/crates/smoltcp/src/iface/interface/ipv4.rs:103:13
    |
103 |         let mut ipv4_repr = check!(Ipv4Repr::parse(ipv4_packet, &self.caps.checksum));
    |             ----^^^^^^^^^
    |             |
    |             help: remove this `mut`
    |
    = note: `#[warn(unused_mut)]` (part of `#[warn(unused)]`) on by default

warning: unused variable: `frag`
   --> /home/daivy/projects/serial/work/StarryOS/crates/smoltcp/src/iface/interface/ipv4.rs:101:9
    |
101 |         frag: &'a mut FragmentsBuffer,
    |         ^^^^ help: if this is intentional, prefix it with an underscore: `_frag`
    |
    = note: `#[warn(unused_variables)]` (part of `#[warn(unused)]`) on by default

warning: unused variable: `repr`
    --> /home/daivy/projects/serial/work/StarryOS/crates/smoltcp/src/iface/interface/mod.rs:1274:26
     |
1274 |             IpRepr::Ipv4(repr) => {
     |                          ^^^^ help: if this is intentional, prefix it with an underscore: `_repr`

warning: variable does not need to be mutable
   --> /home/daivy/projects/serial/work/StarryOS/crates/smoltcp/src/socket/dns.rs:247:13
    |
247 |         let mut mdns = MulticastDns::Disabled;
    |             ----^^^^
    |             |
    |             help: remove this `mut`

warning: methods `link_local_ipv6_address` and `mldv2_report_packet` are never used
   --> /home/daivy/projects/serial/work/StarryOS/crates/smoltcp/src/iface/interface/ipv6.rs:173:8
    |
 23 | impl InterfaceInner {
    | ------------------- methods in this implementation
...
173 |     fn link_local_ipv6_address(&self) -> Option<Ipv6Address> {
    |        ^^^^^^^^^^^^^^^^^^^^^^^
...
565 |     pub(super) fn mldv2_report_packet<'any>(
    |                   ^^^^^^^^^^^^^^^^^^^
    |
    = note: `#[warn(dead_code)]` (part of `#[warn(unused)]`) on by default

warning: variant `HopByHopIcmpv6` is never constructed
   --> /home/daivy/projects/serial/work/StarryOS/crates/smoltcp/src/iface/packet.rs:218:5
    |
210 | pub(crate) enum IpPayload<'p> {
    |                 --------- variant in this enum
...
218 |     HopByHopIcmpv6(Ipv6HopByHopRepr<'p>, Icmpv6Repr<'p>),
    |     ^^^^^^^^^^^^^^
    |
    = note: `IpPayload` has a derived impl for the trait `Debug`, but this is intentionally ignored during dead code analysis

warning: method `is_solicited_node_multicast` is never used
   --> /home/daivy/projects/serial/work/StarryOS/crates/smoltcp/src/wire/ipv6.rs:125:8
    |
 80 | pub(crate) trait AddressExt {
    |                  ---------- method in this trait
...
125 |     fn is_solicited_node_multicast(&self) -> bool;
    |        ^^^^^^^^^^^^^^^^^^^^^^^^^^^

warning: method `emit_header` is never used
   --> /home/daivy/projects/serial/work/StarryOS/crates/smoltcp/src/wire/udp.rs:275:19
    |
232 | impl Repr {
    | --------- method in this implementation
...
275 |     pub(crate) fn emit_header<T>(&self, packet: &mut Packet<&mut T>, payload_len: usize)
    |                   ^^^^^^^^^^^


running 109 tests
[32m.(B[m[32m.(B[m[32m.(B[m[32m.(B[m[32m.(B[m[32m.(B[m[32m.(B[m[32m.(B[m[32m.(B[m[32m.(B[m[32m.(B[m[32m.(B[m[32m.(B[m[32m.(B[m[32m.(B[m[32m.(B[m[32m.(B[m[32m.(B[m[32m.(B[m[32m.(B[m[32m.(B[m[32m.(B[m[32m.(B[m[32m.(B[m[32m.(B[m[32m.(B[m[32m.(B[m[32m.(B[m[32m.(B[m[32m.(B[m[32m.(B[m[32m.(B[m[32m.(B[m[32m.(B[m[32m.(B[m[32m.(B[m[32m.(B[m[32m.(B[m[32m.(B[m[32m.(B[m[32m.(B[m[32m.(B[m[32m.(B[m[32m.(B[m[32m.(B[m[32m.(B[m[32m.(B[m[32m.(B[m[32m.(B[m[32m.(B[m[32m.(B[m[32m.(B[m[32m.(B[m[32m.(B[m[32m.(B[m[32m.(B[m[32m.(B[m[32m.(B[m[32m.(B[m[32m.(B[m[32m.(B[m[32m.(B[m[32m.(B[m[32m.(B[m[32m.(B[m[32m.(B[m[32m.(B[m[32m.(B[m[32m.(B[m[32m.(B[m[32m.(B[m[32m.(B[m[32m.(B[m[32m.(B[m[32m.(B[m[32m.(B[m[32m.(B[m[32m.(B[m[32m.(B[m[32m.(B[m[32m.(B[m[32m.(B[m[32m.(B[m[32m.(B[m[32m.(B[m[32m.(B[m[32m.(B[m 87/109
[32m.(B[m[32m.(B[m[32m.(B[m[32m.(B[m[32m.(B[m[32m.(B[m[32m.(B[m[32m.(B[m[32m.(B[m[32m.(B[m[32m.(B[m[32m.(B[m[32m.(B[m[32m.(B[m[32m.(B[m[32m.(B[m[32m.(B[m[32m.(B[m[32m.(B[m[32m.(B[m[32m.(B[m[32m.(B[m
test result: [32mok(B[m. 109 passed; 0 failed; 0 ignored; 0 measured; 0 filtered out; finished in 0.01s

warning: `/home/daivy/.cargo/config` is deprecated in favor of `config.toml`
  |
  = help: if you need to support cargo 1.38 or earlier, you can symlink `config` to `config.toml`
warning: unused import: `crate::iface::Route`
 --> /home/daivy/projects/serial/work/StarryOS/crates/smoltcp/src/iface/interface/ipv6.rs:3:5
  |
3 | use crate::iface::Route;
  |     ^^^^^^^^^^^^^^^^^^^
  |
  = note: `#[warn(unused_imports)]` (part of `#[warn(unused)]`) on by default

warning: unused import: `super::fragmentation::PacketAssemblerSet`
  --> /home/daivy/projects/serial/work/StarryOS/crates/smoltcp/src/iface/interface/mod.rs:35:5
   |
35 | use super::fragmentation::PacketAssemblerSet;
   |     ^^^^^^^^^^^^^^^^^^^^^^^^^^^^^^^^^^^^^^^^

warning: unused imports: `IFACE_MAX_PREFIX_COUNT` and `IFACE_MAX_SIXLOWPAN_ADDRESS_CONTEXT_COUNT`
  --> /home/daivy/projects/serial/work/StarryOS/crates/smoltcp/src/iface/interface/mod.rs:42:27
   |
42 |     IFACE_MAX_ADDR_COUNT, IFACE_MAX_PREFIX_COUNT, IFACE_MAX_SIXLOWPAN_ADDRESS_CONTEXT_COUNT,
   |                           ^^^^^^^^^^^^^^^^^^^^^^  ^^^^^^^^^^^^^^^^^^^^^^^^^^^^^^^^^^^^^^^^^

warning: variable does not need to be mutable
   --> /home/daivy/projects/serial/work/StarryOS/crates/smoltcp/src/iface/interface/ipv4.rs:103:13
    |
103 |         let mut ipv4_repr = check!(Ipv4Repr::parse(ipv4_packet, &self.caps.checksum));
    |             ----^^^^^^^^^
    |             |
    |             help: remove this `mut`
    |
    = note: `#[warn(unused_mut)]` (part of `#[warn(unused)]`) on by default

warning: unused variable: `frag`
   --> /home/daivy/projects/serial/work/StarryOS/crates/smoltcp/src/iface/interface/ipv4.rs:101:9
    |
101 |         frag: &'a mut FragmentsBuffer,
    |         ^^^^ help: if this is intentional, prefix it with an underscore: `_frag`
    |
    = note: `#[warn(unused_variables)]` (part of `#[warn(unused)]`) on by default

warning: unused variable: `repr`
    --> /home/daivy/projects/serial/work/StarryOS/crates/smoltcp/src/iface/interface/mod.rs:1274:26
     |
1274 |             IpRepr::Ipv4(repr) => {
     |                          ^^^^ help: if this is intentional, prefix it with an underscore: `_repr`

warning: variable does not need to be mutable
   --> /home/daivy/projects/serial/work/StarryOS/crates/smoltcp/src/socket/dns.rs:247:13
    |
247 |         let mut mdns = MulticastDns::Disabled;
    |             ----^^^^
    |             |
    |             help: remove this `mut`

warning: methods `link_local_ipv6_address` and `mldv2_report_packet` are never used
   --> /home/daivy/projects/serial/work/StarryOS/crates/smoltcp/src/iface/interface/ipv6.rs:173:8
    |
 23 | impl InterfaceInner {
    | ------------------- methods in this implementation
...
173 |     fn link_local_ipv6_address(&self) -> Option<Ipv6Address> {
    |        ^^^^^^^^^^^^^^^^^^^^^^^
...
565 |     pub(super) fn mldv2_report_packet<'any>(
    |                   ^^^^^^^^^^^^^^^^^^^
    |
    = note: `#[warn(dead_code)]` (part of `#[warn(unused)]`) on by default

warning: variant `HopByHopIcmpv6` is never constructed
   --> /home/daivy/projects/serial/work/StarryOS/crates/smoltcp/src/iface/packet.rs:218:5
    |
210 | pub(crate) enum IpPayload<'p> {
    |                 --------- variant in this enum
...
218 |     HopByHopIcmpv6(Ipv6HopByHopRepr<'p>, Icmpv6Repr<'p>),
    |     ^^^^^^^^^^^^^^
    |
    = note: `IpPayload` has a derived impl for the trait `Debug`, but this is intentionally ignored during dead code analysis

warning: method `is_solicited_node_multicast` is never used
   --> /home/daivy/projects/serial/work/StarryOS/crates/smoltcp/src/wire/ipv6.rs:125:8
    |
 80 | pub(crate) trait AddressExt {
    |                  ---------- method in this trait
...
125 |     fn is_solicited_node_multicast(&self) -> bool;
    |        ^^^^^^^^^^^^^^^^^^^^^^^^^^^

warning: method `emit_header` is never used
   --> /home/daivy/projects/serial/work/StarryOS/crates/smoltcp/src/wire/udp.rs:275:19
    |
232 | impl Repr {
    | --------- method in this implementation
...
275 |     pub(crate) fn emit_header<T>(&self, packet: &mut Packet<&mut T>, payload_len: usize)
    |                   ^^^^^^^^^^^


running 109 tests
[32m.(B[m[32m.(B[m[32m.(B[m[32m.(B[m[32m.(B[m[32m.(B[m[32m.(B[m[32m.(B[m[32m.(B[m[32m.(B[m[32m.(B[m[32m.(B[m[32m.(B[m[32m.(B[m[32m.(B[m[32m.(B[m[32m.(B[m[32m.(B[m[32m.(B[m[32m.(B[m[32m.(B[m[32m.(B[m[32m.(B[m[32m.(B[m[32m.(B[m[32m.(B[m[32m.(B[m[32m.(B[m[32m.(B[m[32m.(B[m[32m.(B[m[32m.(B[m[32m.(B[m[32m.(B[m[32m.(B[m[32m.(B[m[32m.(B[m[32m.(B[m[32m.(B[m[32m.(B[m[32m.(B[m[32m.(B[m[32m.(B[m[32m.(B[m[32m.(B[m[32m.(B[m[32m.(B[m[32m.(B[m[32m.(B[m[32m.(B[m[32m.(B[m[32m.(B[m[32m.(B[m[32m.(B[m[32m.(B[m[32m.(B[m[32m.(B[m[32m.(B[m[32m.(B[m[32m.(B[m[32m.(B[m[32m.(B[m[32m.(B[m[32m.(B[m[32m.(B[m[32m.(B[m[32m.(B[m[32m.(B[m[32m.(B[m[32m.(B[m[32m.(B[m[32m.(B[m[32m.(B[m[32m.(B[m[32m.(B[m[32m.(B[m[32m.(B[m[32m.(B[m[32m.(B[m[32m.(B[m[32m.(B[m[32m.(B[m[32m.(B[m[32m.(B[m[32m.(B[m[32m.(B[m[32m.(B[m 87/109
[32m.(B[m[32m.(B[m[32m.(B[m[32m.(B[m[32m.(B[m[32m.(B[m[32m.(B[m[32m.(B[m[32m.(B[m[32m.(B[m[32m.(B[m[32m.(B[m[32m.(B[m[32m.(B[m[32m.(B[m[32m.(B[m[32m.(B[m[32m.(B[m[32m.(B[m[32m.(B[m[32m.(B[m[32m.(B[m
test result: [32mok(B[m. 109 passed; 0 failed; 0 ignored; 0 measured; 0 filtered out; finished in 0.02s

warning: `/home/daivy/.cargo/config` is deprecated in favor of `config.toml`
  |
  = help: if you need to support cargo 1.38 or earlier, you can symlink `config` to `config.toml`
warning: unused import: `crate::iface::Route`
 --> /home/daivy/projects/serial/work/StarryOS/crates/smoltcp/src/iface/interface/ipv6.rs:3:5
  |
3 | use crate::iface::Route;
  |     ^^^^^^^^^^^^^^^^^^^
  |
  = note: `#[warn(unused_imports)]` (part of `#[warn(unused)]`) on by default

warning: unused import: `super::fragmentation::PacketAssemblerSet`
  --> /home/daivy/projects/serial/work/StarryOS/crates/smoltcp/src/iface/interface/mod.rs:35:5
   |
35 | use super::fragmentation::PacketAssemblerSet;
   |     ^^^^^^^^^^^^^^^^^^^^^^^^^^^^^^^^^^^^^^^^

warning: unused imports: `IFACE_MAX_PREFIX_COUNT` and `IFACE_MAX_SIXLOWPAN_ADDRESS_CONTEXT_COUNT`
  --> /home/daivy/projects/serial/work/StarryOS/crates/smoltcp/src/iface/interface/mod.rs:42:27
   |
42 |     IFACE_MAX_ADDR_COUNT, IFACE_MAX_PREFIX_COUNT, IFACE_MAX_SIXLOWPAN_ADDRESS_CONTEXT_COUNT,
   |                           ^^^^^^^^^^^^^^^^^^^^^^  ^^^^^^^^^^^^^^^^^^^^^^^^^^^^^^^^^^^^^^^^^

warning: variable does not need to be mutable
   --> /home/daivy/projects/serial/work/StarryOS/crates/smoltcp/src/iface/interface/ipv4.rs:103:13
    |
103 |         let mut ipv4_repr = check!(Ipv4Repr::parse(ipv4_packet, &self.caps.checksum));
    |             ----^^^^^^^^^
    |             |
    |             help: remove this `mut`
    |
    = note: `#[warn(unused_mut)]` (part of `#[warn(unused)]`) on by default

warning: unused variable: `frag`
   --> /home/daivy/projects/serial/work/StarryOS/crates/smoltcp/src/iface/interface/ipv4.rs:101:9
    |
101 |         frag: &'a mut FragmentsBuffer,
    |         ^^^^ help: if this is intentional, prefix it with an underscore: `_frag`
    |
    = note: `#[warn(unused_variables)]` (part of `#[warn(unused)]`) on by default

warning: unused variable: `repr`
    --> /home/daivy/projects/serial/work/StarryOS/crates/smoltcp/src/iface/interface/mod.rs:1274:26
     |
1274 |             IpRepr::Ipv4(repr) => {
     |                          ^^^^ help: if this is intentional, prefix it with an underscore: `_repr`

warning: variable does not need to be mutable
   --> /home/daivy/projects/serial/work/StarryOS/crates/smoltcp/src/socket/dns.rs:247:13
    |
247 |         let mut mdns = MulticastDns::Disabled;
    |             ----^^^^
    |             |
    |             help: remove this `mut`

warning: methods `link_local_ipv6_address` and `mldv2_report_packet` are never used
   --> /home/daivy/projects/serial/work/StarryOS/crates/smoltcp/src/iface/interface/ipv6.rs:173:8
    |
 23 | impl InterfaceInner {
    | ------------------- methods in this implementation
...
173 |     fn link_local_ipv6_address(&self) -> Option<Ipv6Address> {
    |        ^^^^^^^^^^^^^^^^^^^^^^^
...
565 |     pub(super) fn mldv2_report_packet<'any>(
    |                   ^^^^^^^^^^^^^^^^^^^
    |
    = note: `#[warn(dead_code)]` (part of `#[warn(unused)]`) on by default

warning: variant `HopByHopIcmpv6` is never constructed
   --> /home/daivy/projects/serial/work/StarryOS/crates/smoltcp/src/iface/packet.rs:218:5
    |
210 | pub(crate) enum IpPayload<'p> {
    |                 --------- variant in this enum
...
218 |     HopByHopIcmpv6(Ipv6HopByHopRepr<'p>, Icmpv6Repr<'p>),
    |     ^^^^^^^^^^^^^^
    |
    = note: `IpPayload` has a derived impl for the trait `Debug`, but this is intentionally ignored during dead code analysis

warning: method `is_solicited_node_multicast` is never used
   --> /home/daivy/projects/serial/work/StarryOS/crates/smoltcp/src/wire/ipv6.rs:125:8
    |
 80 | pub(crate) trait AddressExt {
    |                  ---------- method in this trait
...
125 |     fn is_solicited_node_multicast(&self) -> bool;
    |        ^^^^^^^^^^^^^^^^^^^^^^^^^^^

warning: method `emit_header` is never used
   --> /home/daivy/projects/serial/work/StarryOS/crates/smoltcp/src/wire/udp.rs:275:19
    |
232 | impl Repr {
    | --------- method in this implementation
...
275 |     pub(crate) fn emit_header<T>(&self, packet: &mut Packet<&mut T>, payload_len: usize)
    |                   ^^^^^^^^^^^


running 109 tests
[32m.(B[m[32m.(B[m[32m.(B[m[32m.(B[m[32m.(B[m[32m.(B[m[32m.(B[m[32m.(B[m[32m.(B[m[32m.(B[m[32m.(B[m[32m.(B[m[32m.(B[m[32m.(B[m[32m.(B[m[32m.(B[m[32m.(B[m[32m.(B[m[32m.(B[m[32m.(B[m[32m.(B[m[32m.(B[m[32m.(B[m[32m.(B[m[32m.(B[m[32m.(B[m[32m.(B[m[32m.(B[m[32m.(B[m[32m.(B[m[32m.(B[m[32m.(B[m[32m.(B[m[32m.(B[m[32m.(B[m[32m.(B[m[32m.(B[m[32m.(B[m[32m.(B[m[32m.(B[m[32m.(B[m[32m.(B[m[32m.(B[m[32m.(B[m[32m.(B[m[32m.(B[m[32m.(B[m[32m.(B[m[32m.(B[m[32m.(B[m[32m.(B[m[32m.(B[m[32m.(B[m[32m.(B[m[32m.(B[m[32m.(B[m[32m.(B[m[32m.(B[m[32m.(B[m[32m.(B[m[32m.(B[m[32m.(B[m[32m.(B[m[32m.(B[m[32m.(B[m[32m.(B[m[32m.(B[m[32m.(B[m[32m.(B[m[32m.(B[m[32m.(B[m[32m.(B[m[32m.(B[m[32m.(B[m[32m.(B[m[32m.(B[m[32m.(B[m[32m.(B[m[32m.(B[m[32m.(B[m[32m.(B[m[32m.(B[m[32m.(B[m[32m.(B[m[32m.(B[m[32m.(B[m[32m.(B[m 87/109
[32m.(B[m[32m.(B[m[32m.(B[m[32m.(B[m[32m.(B[m[32m.(B[m[32m.(B[m[32m.(B[m[32m.(B[m[32m.(B[m[32m.(B[m[32m.(B[m[32m.(B[m[32m.(B[m[32m.(B[m[32m.(B[m[32m.(B[m[32m.(B[m[32m.(B[m[32m.(B[m[32m.(B[m[32m.(B[m
test result: [32mok(B[m. 109 passed; 0 failed; 0 ignored; 0 measured; 0 filtered out; finished in 0.02s

warning: `/home/daivy/.cargo/config` is deprecated in favor of `config.toml`
  |
  = help: if you need to support cargo 1.38 or earlier, you can symlink `config` to `config.toml`
warning: unused import: `crate::iface::Route`
 --> /home/daivy/projects/serial/work/StarryOS/crates/smoltcp/src/iface/interface/ipv6.rs:3:5
  |
3 | use crate::iface::Route;
  |     ^^^^^^^^^^^^^^^^^^^
  |
  = note: `#[warn(unused_imports)]` (part of `#[warn(unused)]`) on by default

warning: unused import: `super::fragmentation::PacketAssemblerSet`
  --> /home/daivy/projects/serial/work/StarryOS/crates/smoltcp/src/iface/interface/mod.rs:35:5
   |
35 | use super::fragmentation::PacketAssemblerSet;
   |     ^^^^^^^^^^^^^^^^^^^^^^^^^^^^^^^^^^^^^^^^

warning: unused imports: `IFACE_MAX_PREFIX_COUNT` and `IFACE_MAX_SIXLOWPAN_ADDRESS_CONTEXT_COUNT`
  --> /home/daivy/projects/serial/work/StarryOS/crates/smoltcp/src/iface/interface/mod.rs:42:27
   |
42 |     IFACE_MAX_ADDR_COUNT, IFACE_MAX_PREFIX_COUNT, IFACE_MAX_SIXLOWPAN_ADDRESS_CONTEXT_COUNT,
   |                           ^^^^^^^^^^^^^^^^^^^^^^  ^^^^^^^^^^^^^^^^^^^^^^^^^^^^^^^^^^^^^^^^^

warning: variable does not need to be mutable
   --> /home/daivy/projects/serial/work/StarryOS/crates/smoltcp/src/iface/interface/ipv4.rs:103:13
    |
103 |         let mut ipv4_repr = check!(Ipv4Repr::parse(ipv4_packet, &self.caps.checksum));
    |             ----^^^^^^^^^
    |             |
    |             help: remove this `mut`
    |
    = note: `#[warn(unused_mut)]` (part of `#[warn(unused)]`) on by default

warning: unused variable: `frag`
   --> /home/daivy/projects/serial/work/StarryOS/crates/smoltcp/src/iface/interface/ipv4.rs:101:9
    |
101 |         frag: &'a mut FragmentsBuffer,
    |         ^^^^ help: if this is intentional, prefix it with an underscore: `_frag`
    |
    = note: `#[warn(unused_variables)]` (part of `#[warn(unused)]`) on by default

warning: unused variable: `repr`
    --> /home/daivy/projects/serial/work/StarryOS/crates/smoltcp/src/iface/interface/mod.rs:1274:26
     |
1274 |             IpRepr::Ipv4(repr) => {
     |                          ^^^^ help: if this is intentional, prefix it with an underscore: `_repr`

warning: variable does not need to be mutable
   --> /home/daivy/projects/serial/work/StarryOS/crates/smoltcp/src/socket/dns.rs:247:13
    |
247 |         let mut mdns = MulticastDns::Disabled;
    |             ----^^^^
    |             |
    |             help: remove this `mut`

warning: methods `link_local_ipv6_address` and `mldv2_report_packet` are never used
   --> /home/daivy/projects/serial/work/StarryOS/crates/smoltcp/src/iface/interface/ipv6.rs:173:8
    |
 23 | impl InterfaceInner {
    | ------------------- methods in this implementation
...
173 |     fn link_local_ipv6_address(&self) -> Option<Ipv6Address> {
    |        ^^^^^^^^^^^^^^^^^^^^^^^
...
565 |     pub(super) fn mldv2_report_packet<'any>(
    |                   ^^^^^^^^^^^^^^^^^^^
    |
    = note: `#[warn(dead_code)]` (part of `#[warn(unused)]`) on by default

warning: variant `HopByHopIcmpv6` is never constructed
   --> /home/daivy/projects/serial/work/StarryOS/crates/smoltcp/src/iface/packet.rs:218:5
    |
210 | pub(crate) enum IpPayload<'p> {
    |                 --------- variant in this enum
...
218 |     HopByHopIcmpv6(Ipv6HopByHopRepr<'p>, Icmpv6Repr<'p>),
    |     ^^^^^^^^^^^^^^
    |
    = note: `IpPayload` has a derived impl for the trait `Debug`, but this is intentionally ignored during dead code analysis

warning: method `is_solicited_node_multicast` is never used
   --> /home/daivy/projects/serial/work/StarryOS/crates/smoltcp/src/wire/ipv6.rs:125:8
    |
 80 | pub(crate) trait AddressExt {
    |                  ---------- method in this trait
...
125 |     fn is_solicited_node_multicast(&self) -> bool;
    |        ^^^^^^^^^^^^^^^^^^^^^^^^^^^

warning: method `emit_header` is never used
   --> /home/daivy/projects/serial/work/StarryOS/crates/smoltcp/src/wire/udp.rs:275:19
    |
232 | impl Repr {
    | --------- method in this implementation
...
275 |     pub(crate) fn emit_header<T>(&self, packet: &mut Packet<&mut T>, payload_len: usize)
    |                   ^^^^^^^^^^^


running 109 tests
[32m.(B[m[32m.(B[m[32m.(B[m[32m.(B[m[32m.(B[m[32m.(B[m[32m.(B[m[32m.(B[m[32m.(B[m[32m.(B[m[32m.(B[m[32m.(B[m[32m.(B[m[32m.(B[m[32m.(B[m[32m.(B[m[32m.(B[m[32m.(B[m[32m.(B[m[32m.(B[m[32m.(B[m[32m.(B[m[32m.(B[m[32m.(B[m[32m.(B[m[32m.(B[m[32m.(B[m[32m.(B[m[32m.(B[m[32m.(B[m[32m.(B[m[32m.(B[m[32m.(B[m[32m.(B[m[32m.(B[m[32m.(B[m[32m.(B[m[32m.(B[m[32m.(B[m[32m.(B[m[32m.(B[m[32m.(B[m[32m.(B[m[32m.(B[m[32m.(B[m[32m.(B[m[32m.(B[m[32m.(B[m[32m.(B[m[32m.(B[m[32m.(B[m[32m.(B[m[32m.(B[m[32m.(B[m[32m.(B[m[32m.(B[m[32m.(B[m[32m.(B[m[32m.(B[m[32m.(B[m[32m.(B[m[32m.(B[m[32m.(B[m[32m.(B[m[32m.(B[m[32m.(B[m[32m.(B[m[32m.(B[m[32m.(B[m[32m.(B[m[32m.(B[m[32m.(B[m[32m.(B[m[32m.(B[m[32m.(B[m[32m.(B[m[32m.(B[m[32m.(B[m[32m.(B[m[32m.(B[m[32m.(B[m[32m.(B[m[32m.(B[m[32m.(B[m[32m.(B[m[32m.(B[m[32m.(B[m 87/109
[32m.(B[m[32m.(B[m[32m.(B[m[32m.(B[m[32m.(B[m[32m.(B[m[32m.(B[m[32m.(B[m[32m.(B[m[32m.(B[m[32m.(B[m[32m.(B[m[32m.(B[m[32m.(B[m[32m.(B[m[32m.(B[m[32m.(B[m[32m.(B[m[32m.(B[m[32m.(B[m[32m.(B[m[32m.(B[m
test result: [32mok(B[m. 109 passed; 0 failed; 0 ignored; 0 measured; 0 filtered out; finished in 0.02s

warning: `/home/daivy/.cargo/config` is deprecated in favor of `config.toml`
  |
  = help: if you need to support cargo 1.38 or earlier, you can symlink `config` to `config.toml`
warning: unused import: `crate::iface::Route`
 --> /home/daivy/projects/serial/work/StarryOS/crates/smoltcp/src/iface/interface/ipv6.rs:3:5
  |
3 | use crate::iface::Route;
  |     ^^^^^^^^^^^^^^^^^^^
  |
  = note: `#[warn(unused_imports)]` (part of `#[warn(unused)]`) on by default

warning: unused import: `super::fragmentation::PacketAssemblerSet`
  --> /home/daivy/projects/serial/work/StarryOS/crates/smoltcp/src/iface/interface/mod.rs:35:5
   |
35 | use super::fragmentation::PacketAssemblerSet;
   |     ^^^^^^^^^^^^^^^^^^^^^^^^^^^^^^^^^^^^^^^^

warning: unused imports: `IFACE_MAX_PREFIX_COUNT` and `IFACE_MAX_SIXLOWPAN_ADDRESS_CONTEXT_COUNT`
  --> /home/daivy/projects/serial/work/StarryOS/crates/smoltcp/src/iface/interface/mod.rs:42:27
   |
42 |     IFACE_MAX_ADDR_COUNT, IFACE_MAX_PREFIX_COUNT, IFACE_MAX_SIXLOWPAN_ADDRESS_CONTEXT_COUNT,
   |                           ^^^^^^^^^^^^^^^^^^^^^^  ^^^^^^^^^^^^^^^^^^^^^^^^^^^^^^^^^^^^^^^^^

warning: variable does not need to be mutable
   --> /home/daivy/projects/serial/work/StarryOS/crates/smoltcp/src/iface/interface/ipv4.rs:103:13
    |
103 |         let mut ipv4_repr = check!(Ipv4Repr::parse(ipv4_packet, &self.caps.checksum));
    |             ----^^^^^^^^^
    |             |
    |             help: remove this `mut`
    |
    = note: `#[warn(unused_mut)]` (part of `#[warn(unused)]`) on by default

warning: unused variable: `frag`
   --> /home/daivy/projects/serial/work/StarryOS/crates/smoltcp/src/iface/interface/ipv4.rs:101:9
    |
101 |         frag: &'a mut FragmentsBuffer,
    |         ^^^^ help: if this is intentional, prefix it with an underscore: `_frag`
    |
    = note: `#[warn(unused_variables)]` (part of `#[warn(unused)]`) on by default

warning: unused variable: `repr`
    --> /home/daivy/projects/serial/work/StarryOS/crates/smoltcp/src/iface/interface/mod.rs:1274:26
     |
1274 |             IpRepr::Ipv4(repr) => {
     |                          ^^^^ help: if this is intentional, prefix it with an underscore: `_repr`

warning: variable does not need to be mutable
   --> /home/daivy/projects/serial/work/StarryOS/crates/smoltcp/src/socket/dns.rs:247:13
    |
247 |         let mut mdns = MulticastDns::Disabled;
    |             ----^^^^
    |             |
    |             help: remove this `mut`

warning: methods `link_local_ipv6_address` and `mldv2_report_packet` are never used
   --> /home/daivy/projects/serial/work/StarryOS/crates/smoltcp/src/iface/interface/ipv6.rs:173:8
    |
 23 | impl InterfaceInner {
    | ------------------- methods in this implementation
...
173 |     fn link_local_ipv6_address(&self) -> Option<Ipv6Address> {
    |        ^^^^^^^^^^^^^^^^^^^^^^^
...
565 |     pub(super) fn mldv2_report_packet<'any>(
    |                   ^^^^^^^^^^^^^^^^^^^
    |
    = note: `#[warn(dead_code)]` (part of `#[warn(unused)]`) on by default

warning: variant `HopByHopIcmpv6` is never constructed
   --> /home/daivy/projects/serial/work/StarryOS/crates/smoltcp/src/iface/packet.rs:218:5
    |
210 | pub(crate) enum IpPayload<'p> {
    |                 --------- variant in this enum
...
218 |     HopByHopIcmpv6(Ipv6HopByHopRepr<'p>, Icmpv6Repr<'p>),
    |     ^^^^^^^^^^^^^^
    |
    = note: `IpPayload` has a derived impl for the trait `Debug`, but this is intentionally ignored during dead code analysis

warning: method `is_solicited_node_multicast` is never used
   --> /home/daivy/projects/serial/work/StarryOS/crates/smoltcp/src/wire/ipv6.rs:125:8
    |
 80 | pub(crate) trait AddressExt {
    |                  ---------- method in this trait
...
125 |     fn is_solicited_node_multicast(&self) -> bool;
    |        ^^^^^^^^^^^^^^^^^^^^^^^^^^^

warning: method `emit_header` is never used
   --> /home/daivy/projects/serial/work/StarryOS/crates/smoltcp/src/wire/udp.rs:275:19
    |
232 | impl Repr {
    | --------- method in this implementation
...
275 |     pub(crate) fn emit_header<T>(&self, packet: &mut Packet<&mut T>, payload_len: usize)
    |                   ^^^^^^^^^^^


running 109 tests
[32m.(B[m[32m.(B[m[32m.(B[m[32m.(B[m[32m.(B[m[32m.(B[m[32m.(B[m[32m.(B[m[32m.(B[m[32m.(B[m[32m.(B[m[32m.(B[m[32m.(B[m[32m.(B[m[32m.(B[m[32m.(B[m[32m.(B[m[32m.(B[m[32m.(B[m[32m.(B[m[32m.(B[m[32m.(B[m[32m.(B[m[32m.(B[m[32m.(B[m[32m.(B[m[32m.(B[m[32m.(B[m[32m.(B[m[32m.(B[m[32m.(B[m[32m.(B[m[32m.(B[m[32m.(B[m[32m.(B[m[32m.(B[m[32m.(B[m[32m.(B[m[32m.(B[m[32m.(B[m[32m.(B[m[32m.(B[m[32m.(B[m[32m.(B[m[32m.(B[m[32m.(B[m[32m.(B[m[32m.(B[m[32m.(B[m[32m.(B[m[32m.(B[m[32m.(B[m[32m.(B[m[32m.(B[m[32m.(B[m[32m.(B[m[32m.(B[m[32m.(B[m[32m.(B[m[32m.(B[m[32m.(B[m[32m.(B[m[32m.(B[m[32m.(B[m[32m.(B[m[32m.(B[m[32m.(B[m[32m.(B[m[32m.(B[m[32m.(B[m[32m.(B[m[32m.(B[m[32m.(B[m[32m.(B[m[32m.(B[m[32m.(B[m[32m.(B[m[32m.(B[m[32m.(B[m[32m.(B[m[32m.(B[m[32m.(B[m[32m.(B[m[32m.(B[m[32m.(B[m[32m.(B[m[32m.(B[m 87/109
[32m.(B[m[32m.(B[m[32m.(B[m[32m.(B[m[32m.(B[m[32m.(B[m[32m.(B[m[32m.(B[m[32m.(B[m[32m.(B[m[32m.(B[m[32m.(B[m[32m.(B[m[32m.(B[m[32m.(B[m[32m.(B[m[32m.(B[m[32m.(B[m[32m.(B[m[32m.(B[m[32m.(B[m[32m.(B[m
test result: [32mok(B[m. 109 passed; 0 failed; 0 ignored; 0 measured; 0 filtered out; finished in 0.02s

warning: `/home/daivy/.cargo/config` is deprecated in favor of `config.toml`
  |
  = help: if you need to support cargo 1.38 or earlier, you can symlink `config` to `config.toml`
warning: unused import: `crate::iface::Route`
 --> /home/daivy/projects/serial/work/StarryOS/crates/smoltcp/src/iface/interface/ipv6.rs:3:5
  |
3 | use crate::iface::Route;
  |     ^^^^^^^^^^^^^^^^^^^
  |
  = note: `#[warn(unused_imports)]` (part of `#[warn(unused)]`) on by default

warning: unused import: `super::fragmentation::PacketAssemblerSet`
  --> /home/daivy/projects/serial/work/StarryOS/crates/smoltcp/src/iface/interface/mod.rs:35:5
   |
35 | use super::fragmentation::PacketAssemblerSet;
   |     ^^^^^^^^^^^^^^^^^^^^^^^^^^^^^^^^^^^^^^^^

warning: unused imports: `IFACE_MAX_PREFIX_COUNT` and `IFACE_MAX_SIXLOWPAN_ADDRESS_CONTEXT_COUNT`
  --> /home/daivy/projects/serial/work/StarryOS/crates/smoltcp/src/iface/interface/mod.rs:42:27
   |
42 |     IFACE_MAX_ADDR_COUNT, IFACE_MAX_PREFIX_COUNT, IFACE_MAX_SIXLOWPAN_ADDRESS_CONTEXT_COUNT,
   |                           ^^^^^^^^^^^^^^^^^^^^^^  ^^^^^^^^^^^^^^^^^^^^^^^^^^^^^^^^^^^^^^^^^

warning: variable does not need to be mutable
   --> /home/daivy/projects/serial/work/StarryOS/crates/smoltcp/src/iface/interface/ipv4.rs:103:13
    |
103 |         let mut ipv4_repr = check!(Ipv4Repr::parse(ipv4_packet, &self.caps.checksum));
    |             ----^^^^^^^^^
    |             |
    |             help: remove this `mut`
    |
    = note: `#[warn(unused_mut)]` (part of `#[warn(unused)]`) on by default

warning: unused variable: `frag`
   --> /home/daivy/projects/serial/work/StarryOS/crates/smoltcp/src/iface/interface/ipv4.rs:101:9
    |
101 |         frag: &'a mut FragmentsBuffer,
    |         ^^^^ help: if this is intentional, prefix it with an underscore: `_frag`
    |
    = note: `#[warn(unused_variables)]` (part of `#[warn(unused)]`) on by default

warning: unused variable: `repr`
    --> /home/daivy/projects/serial/work/StarryOS/crates/smoltcp/src/iface/interface/mod.rs:1274:26
     |
1274 |             IpRepr::Ipv4(repr) => {
     |                          ^^^^ help: if this is intentional, prefix it with an underscore: `_repr`

warning: variable does not need to be mutable
   --> /home/daivy/projects/serial/work/StarryOS/crates/smoltcp/src/socket/dns.rs:247:13
    |
247 |         let mut mdns = MulticastDns::Disabled;
    |             ----^^^^
    |             |
    |             help: remove this `mut`

warning: methods `link_local_ipv6_address` and `mldv2_report_packet` are never used
   --> /home/daivy/projects/serial/work/StarryOS/crates/smoltcp/src/iface/interface/ipv6.rs:173:8
    |
 23 | impl InterfaceInner {
    | ------------------- methods in this implementation
...
173 |     fn link_local_ipv6_address(&self) -> Option<Ipv6Address> {
    |        ^^^^^^^^^^^^^^^^^^^^^^^
...
565 |     pub(super) fn mldv2_report_packet<'any>(
    |                   ^^^^^^^^^^^^^^^^^^^
    |
    = note: `#[warn(dead_code)]` (part of `#[warn(unused)]`) on by default

warning: variant `HopByHopIcmpv6` is never constructed
   --> /home/daivy/projects/serial/work/StarryOS/crates/smoltcp/src/iface/packet.rs:218:5
    |
210 | pub(crate) enum IpPayload<'p> {
    |                 --------- variant in this enum
...
218 |     HopByHopIcmpv6(Ipv6HopByHopRepr<'p>, Icmpv6Repr<'p>),
    |     ^^^^^^^^^^^^^^
    |
    = note: `IpPayload` has a derived impl for the trait `Debug`, but this is intentionally ignored during dead code analysis

warning: method `is_solicited_node_multicast` is never used
   --> /home/daivy/projects/serial/work/StarryOS/crates/smoltcp/src/wire/ipv6.rs:125:8
    |
 80 | pub(crate) trait AddressExt {
    |                  ---------- method in this trait
...
125 |     fn is_solicited_node_multicast(&self) -> bool;
    |        ^^^^^^^^^^^^^^^^^^^^^^^^^^^

warning: method `emit_header` is never used
   --> /home/daivy/projects/serial/work/StarryOS/crates/smoltcp/src/wire/udp.rs:275:19
    |
232 | impl Repr {
    | --------- method in this implementation
...
275 |     pub(crate) fn emit_header<T>(&self, packet: &mut Packet<&mut T>, payload_len: usize)
    |                   ^^^^^^^^^^^


running 109 tests
[32m.(B[m[32m.(B[m[32m.(B[m[32m.(B[m[32m.(B[m[32m.(B[m[32m.(B[m[32m.(B[m[32m.(B[m[32m.(B[m[32m.(B[m[32m.(B[m[32m.(B[m[32m.(B[m[32m.(B[m[32m.(B[m[32m.(B[m[32m.(B[m[32m.(B[m[32m.(B[m[32m.(B[m[32m.(B[m[32m.(B[m[32m.(B[m[32m.(B[m[32m.(B[m[32m.(B[m[32m.(B[m[32m.(B[m[32m.(B[m[32m.(B[m[32m.(B[m[32m.(B[m[32m.(B[m[32m.(B[m[32m.(B[m[32m.(B[m[32m.(B[m[32m.(B[m[32m.(B[m[32m.(B[m[32m.(B[m[32m.(B[m[32m.(B[m[32m.(B[m[32m.(B[m[32m.(B[m[32m.(B[m[32m.(B[m[32m.(B[m[32m.(B[m[32m.(B[m[32m.(B[m[32m.(B[m[32m.(B[m[32m.(B[m[32m.(B[m[32m.(B[m[32m.(B[m[32m.(B[m[32m.(B[m[32m.(B[m[32m.(B[m[32m.(B[m[32m.(B[m[32m.(B[m[32m.(B[m[32m.(B[m[32m.(B[m[32m.(B[m[32m.(B[m[32m.(B[m[32m.(B[m[32m.(B[m[32m.(B[m[32m.(B[m[32m.(B[m[32m.(B[m[32m.(B[m[32m.(B[m[32m.(B[m[32m.(B[m[32m.(B[m[32m.(B[m[32m.(B[m[32m.(B[m[32m.(B[m 87/109
[32m.(B[m[32m.(B[m[32m.(B[m[32m.(B[m[32m.(B[m[32m.(B[m[32m.(B[m[32m.(B[m[32m.(B[m[32m.(B[m[32m.(B[m[32m.(B[m[32m.(B[m[32m.(B[m[32m.(B[m[32m.(B[m[32m.(B[m[32m.(B[m[32m.(B[m[32m.(B[m[32m.(B[m[32m.(B[m
test result: [32mok(B[m. 109 passed; 0 failed; 0 ignored; 0 measured; 0 filtered out; finished in 0.01s

warning: `/home/daivy/.cargo/config` is deprecated in favor of `config.toml`
  |
  = help: if you need to support cargo 1.38 or earlier, you can symlink `config` to `config.toml`
warning: unused import: `crate::iface::Route`
 --> /home/daivy/projects/serial/work/StarryOS/crates/smoltcp/src/iface/interface/ipv6.rs:3:5
  |
3 | use crate::iface::Route;
  |     ^^^^^^^^^^^^^^^^^^^
  |
  = note: `#[warn(unused_imports)]` (part of `#[warn(unused)]`) on by default

warning: unused import: `super::fragmentation::PacketAssemblerSet`
  --> /home/daivy/projects/serial/work/StarryOS/crates/smoltcp/src/iface/interface/mod.rs:35:5
   |
35 | use super::fragmentation::PacketAssemblerSet;
   |     ^^^^^^^^^^^^^^^^^^^^^^^^^^^^^^^^^^^^^^^^

warning: unused imports: `IFACE_MAX_PREFIX_COUNT` and `IFACE_MAX_SIXLOWPAN_ADDRESS_CONTEXT_COUNT`
  --> /home/daivy/projects/serial/work/StarryOS/crates/smoltcp/src/iface/interface/mod.rs:42:27
   |
42 |     IFACE_MAX_ADDR_COUNT, IFACE_MAX_PREFIX_COUNT, IFACE_MAX_SIXLOWPAN_ADDRESS_CONTEXT_COUNT,
   |                           ^^^^^^^^^^^^^^^^^^^^^^  ^^^^^^^^^^^^^^^^^^^^^^^^^^^^^^^^^^^^^^^^^

warning: variable does not need to be mutable
   --> /home/daivy/projects/serial/work/StarryOS/crates/smoltcp/src/iface/interface/ipv4.rs:103:13
    |
103 |         let mut ipv4_repr = check!(Ipv4Repr::parse(ipv4_packet, &self.caps.checksum));
    |             ----^^^^^^^^^
    |             |
    |             help: remove this `mut`
    |
    = note: `#[warn(unused_mut)]` (part of `#[warn(unused)]`) on by default

warning: unused variable: `frag`
   --> /home/daivy/projects/serial/work/StarryOS/crates/smoltcp/src/iface/interface/ipv4.rs:101:9
    |
101 |         frag: &'a mut FragmentsBuffer,
    |         ^^^^ help: if this is intentional, prefix it with an underscore: `_frag`
    |
    = note: `#[warn(unused_variables)]` (part of `#[warn(unused)]`) on by default

warning: unused variable: `repr`
    --> /home/daivy/projects/serial/work/StarryOS/crates/smoltcp/src/iface/interface/mod.rs:1274:26
     |
1274 |             IpRepr::Ipv4(repr) => {
     |                          ^^^^ help: if this is intentional, prefix it with an underscore: `_repr`

warning: variable does not need to be mutable
   --> /home/daivy/projects/serial/work/StarryOS/crates/smoltcp/src/socket/dns.rs:247:13
    |
247 |         let mut mdns = MulticastDns::Disabled;
    |             ----^^^^
    |             |
    |             help: remove this `mut`

warning: methods `link_local_ipv6_address` and `mldv2_report_packet` are never used
   --> /home/daivy/projects/serial/work/StarryOS/crates/smoltcp/src/iface/interface/ipv6.rs:173:8
    |
 23 | impl InterfaceInner {
    | ------------------- methods in this implementation
...
173 |     fn link_local_ipv6_address(&self) -> Option<Ipv6Address> {
    |        ^^^^^^^^^^^^^^^^^^^^^^^
...
565 |     pub(super) fn mldv2_report_packet<'any>(
    |                   ^^^^^^^^^^^^^^^^^^^
    |
    = note: `#[warn(dead_code)]` (part of `#[warn(unused)]`) on by default

warning: variant `HopByHopIcmpv6` is never constructed
   --> /home/daivy/projects/serial/work/StarryOS/crates/smoltcp/src/iface/packet.rs:218:5
    |
210 | pub(crate) enum IpPayload<'p> {
    |                 --------- variant in this enum
...
218 |     HopByHopIcmpv6(Ipv6HopByHopRepr<'p>, Icmpv6Repr<'p>),
    |     ^^^^^^^^^^^^^^
    |
    = note: `IpPayload` has a derived impl for the trait `Debug`, but this is intentionally ignored during dead code analysis

warning: method `is_solicited_node_multicast` is never used
   --> /home/daivy/projects/serial/work/StarryOS/crates/smoltcp/src/wire/ipv6.rs:125:8
    |
 80 | pub(crate) trait AddressExt {
    |                  ---------- method in this trait
...
125 |     fn is_solicited_node_multicast(&self) -> bool;
    |        ^^^^^^^^^^^^^^^^^^^^^^^^^^^

warning: method `emit_header` is never used
   --> /home/daivy/projects/serial/work/StarryOS/crates/smoltcp/src/wire/udp.rs:275:19
    |
232 | impl Repr {
    | --------- method in this implementation
...
275 |     pub(crate) fn emit_header<T>(&self, packet: &mut Packet<&mut T>, payload_len: usize)
    |                   ^^^^^^^^^^^


running 109 tests
[32m.(B[m[32m.(B[m[32m.(B[m[32m.(B[m[32m.(B[m[32m.(B[m[32m.(B[m[32m.(B[m[32m.(B[m[32m.(B[m[32m.(B[m[32m.(B[m[32m.(B[m[32m.(B[m[32m.(B[m[32m.(B[m[32m.(B[m[32m.(B[m[32m.(B[m[32m.(B[m[32m.(B[m[32m.(B[m[32m.(B[m[32m.(B[m[32m.(B[m[32m.(B[m[32m.(B[m[32m.(B[m[32m.(B[m[32m.(B[m[32m.(B[m[32m.(B[m[32m.(B[m[32m.(B[m[32m.(B[m[32m.(B[m[32m.(B[m[32m.(B[m[32m.(B[m[32m.(B[m[32m.(B[m[32m.(B[m[32m.(B[m[32m.(B[m[32m.(B[m[32m.(B[m[32m.(B[m[32m.(B[m[32m.(B[m[32m.(B[m[32m.(B[m[32m.(B[m[32m.(B[m[32m.(B[m[32m.(B[m[32m.(B[m[32m.(B[m[32m.(B[m[32m.(B[m[32m.(B[m[32m.(B[m[32m.(B[m[32m.(B[m[32m.(B[m[32m.(B[m[32m.(B[m[32m.(B[m[32m.(B[m[32m.(B[m[32m.(B[m[32m.(B[m[32m.(B[m[32m.(B[m[32m.(B[m[32m.(B[m[32m.(B[m[32m.(B[m[32m.(B[m[32m.(B[m[32m.(B[m[32m.(B[m[32m.(B[m[32m.(B[m[32m.(B[m[32m.(B[m[32m.(B[m[32m.(B[m 87/109
[32m.(B[m[32m.(B[m[32m.(B[m[32m.(B[m[32m.(B[m[32m.(B[m[32m.(B[m[32m.(B[m[32m.(B[m[32m.(B[m[32m.(B[m[32m.(B[m[32m.(B[m[32m.(B[m[32m.(B[m[32m.(B[m[32m.(B[m[32m.(B[m[32m.(B[m[32m.(B[m[32m.(B[m[32m.(B[m
test result: [32mok(B[m. 109 passed; 0 failed; 0 ignored; 0 measured; 0 filtered out; finished in 0.02s

warning: `/home/daivy/.cargo/config` is deprecated in favor of `config.toml`
  |
  = help: if you need to support cargo 1.38 or earlier, you can symlink `config` to `config.toml`
warning: unused import: `crate::iface::Route`
 --> /home/daivy/projects/serial/work/StarryOS/crates/smoltcp/src/iface/interface/ipv6.rs:3:5
  |
3 | use crate::iface::Route;
  |     ^^^^^^^^^^^^^^^^^^^
  |
  = note: `#[warn(unused_imports)]` (part of `#[warn(unused)]`) on by default

warning: unused import: `super::fragmentation::PacketAssemblerSet`
  --> /home/daivy/projects/serial/work/StarryOS/crates/smoltcp/src/iface/interface/mod.rs:35:5
   |
35 | use super::fragmentation::PacketAssemblerSet;
   |     ^^^^^^^^^^^^^^^^^^^^^^^^^^^^^^^^^^^^^^^^

warning: unused imports: `IFACE_MAX_PREFIX_COUNT` and `IFACE_MAX_SIXLOWPAN_ADDRESS_CONTEXT_COUNT`
  --> /home/daivy/projects/serial/work/StarryOS/crates/smoltcp/src/iface/interface/mod.rs:42:27
   |
42 |     IFACE_MAX_ADDR_COUNT, IFACE_MAX_PREFIX_COUNT, IFACE_MAX_SIXLOWPAN_ADDRESS_CONTEXT_COUNT,
   |                           ^^^^^^^^^^^^^^^^^^^^^^  ^^^^^^^^^^^^^^^^^^^^^^^^^^^^^^^^^^^^^^^^^

warning: variable does not need to be mutable
   --> /home/daivy/projects/serial/work/StarryOS/crates/smoltcp/src/iface/interface/ipv4.rs:103:13
    |
103 |         let mut ipv4_repr = check!(Ipv4Repr::parse(ipv4_packet, &self.caps.checksum));
    |             ----^^^^^^^^^
    |             |
    |             help: remove this `mut`
    |
    = note: `#[warn(unused_mut)]` (part of `#[warn(unused)]`) on by default

warning: unused variable: `frag`
   --> /home/daivy/projects/serial/work/StarryOS/crates/smoltcp/src/iface/interface/ipv4.rs:101:9
    |
101 |         frag: &'a mut FragmentsBuffer,
    |         ^^^^ help: if this is intentional, prefix it with an underscore: `_frag`
    |
    = note: `#[warn(unused_variables)]` (part of `#[warn(unused)]`) on by default

warning: unused variable: `repr`
    --> /home/daivy/projects/serial/work/StarryOS/crates/smoltcp/src/iface/interface/mod.rs:1274:26
     |
1274 |             IpRepr::Ipv4(repr) => {
     |                          ^^^^ help: if this is intentional, prefix it with an underscore: `_repr`

warning: variable does not need to be mutable
   --> /home/daivy/projects/serial/work/StarryOS/crates/smoltcp/src/socket/dns.rs:247:13
    |
247 |         let mut mdns = MulticastDns::Disabled;
    |             ----^^^^
    |             |
    |             help: remove this `mut`

warning: methods `link_local_ipv6_address` and `mldv2_report_packet` are never used
   --> /home/daivy/projects/serial/work/StarryOS/crates/smoltcp/src/iface/interface/ipv6.rs:173:8
    |
 23 | impl InterfaceInner {
    | ------------------- methods in this implementation
...
173 |     fn link_local_ipv6_address(&self) -> Option<Ipv6Address> {
    |        ^^^^^^^^^^^^^^^^^^^^^^^
...
565 |     pub(super) fn mldv2_report_packet<'any>(
    |                   ^^^^^^^^^^^^^^^^^^^
    |
    = note: `#[warn(dead_code)]` (part of `#[warn(unused)]`) on by default

warning: variant `HopByHopIcmpv6` is never constructed
   --> /home/daivy/projects/serial/work/StarryOS/crates/smoltcp/src/iface/packet.rs:218:5
    |
210 | pub(crate) enum IpPayload<'p> {
    |                 --------- variant in this enum
...
218 |     HopByHopIcmpv6(Ipv6HopByHopRepr<'p>, Icmpv6Repr<'p>),
    |     ^^^^^^^^^^^^^^
    |
    = note: `IpPayload` has a derived impl for the trait `Debug`, but this is intentionally ignored during dead code analysis

warning: method `is_solicited_node_multicast` is never used
   --> /home/daivy/projects/serial/work/StarryOS/crates/smoltcp/src/wire/ipv6.rs:125:8
    |
 80 | pub(crate) trait AddressExt {
    |                  ---------- method in this trait
...
125 |     fn is_solicited_node_multicast(&self) -> bool;
    |        ^^^^^^^^^^^^^^^^^^^^^^^^^^^

warning: method `emit_header` is never used
   --> /home/daivy/projects/serial/work/StarryOS/crates/smoltcp/src/wire/udp.rs:275:19
    |
232 | impl Repr {
    | --------- method in this implementation
...
275 |     pub(crate) fn emit_header<T>(&self, packet: &mut Packet<&mut T>, payload_len: usize)
    |                   ^^^^^^^^^^^


running 109 tests
[32m.(B[m[32m.(B[m[32m.(B[m[32m.(B[m[32m.(B[m[32m.(B[m[32m.(B[m[32m.(B[m[32m.(B[m[32m.(B[m[32m.(B[m[32m.(B[m[32m.(B[m[32m.(B[m[32m.(B[m[32m.(B[m[32m.(B[m[32m.(B[m[32m.(B[m[32m.(B[m[32m.(B[m[32m.(B[m[32m.(B[m[32m.(B[m[32m.(B[m[32m.(B[m[32m.(B[m[32m.(B[m[32m.(B[m[32m.(B[m[32m.(B[m[32m.(B[m[32m.(B[m[32m.(B[m[32m.(B[m[32m.(B[m[32m.(B[m[32m.(B[m[32m.(B[m[32m.(B[m[32m.(B[m[32m.(B[m[32m.(B[m[32m.(B[m[32m.(B[m[32m.(B[m[32m.(B[m[32m.(B[m[32m.(B[m[32m.(B[m[32m.(B[m[32m.(B[m[32m.(B[m[32m.(B[m[32m.(B[m[32m.(B[m[32m.(B[m[32m.(B[m[32m.(B[m[32m.(B[m[32m.(B[m[32m.(B[m[32m.(B[m[32m.(B[m[32m.(B[m[32m.(B[m[32m.(B[m[32m.(B[m[32m.(B[m[32m.(B[m[32m.(B[m[32m.(B[m[32m.(B[m[32m.(B[m[32m.(B[m[32m.(B[m[32m.(B[m[32m.(B[m[32m.(B[m[32m.(B[m[32m.(B[m[32m.(B[m[32m.(B[m[32m.(B[m[32m.(B[m[32m.(B[m[32m.(B[m 87/109
[32m.(B[m[32m.(B[m[32m.(B[m[32m.(B[m[32m.(B[m[32m.(B[m[32m.(B[m[32m.(B[m[32m.(B[m[32m.(B[m[32m.(B[m[32m.(B[m[32m.(B[m[32m.(B[m[32m.(B[m[32m.(B[m[32m.(B[m[32m.(B[m[32m.(B[m[32m.(B[m[32m.(B[m[32m.(B[m
test result: [32mok(B[m. 109 passed; 0 failed; 0 ignored; 0 measured; 0 filtered out; finished in 0.01s

warning: `/home/daivy/.cargo/config` is deprecated in favor of `config.toml`
  |
  = help: if you need to support cargo 1.38 or earlier, you can symlink `config` to `config.toml`
warning: unused import: `crate::iface::Route`
 --> /home/daivy/projects/serial/work/StarryOS/crates/smoltcp/src/iface/interface/ipv6.rs:3:5
  |
3 | use crate::iface::Route;
  |     ^^^^^^^^^^^^^^^^^^^
  |
  = note: `#[warn(unused_imports)]` (part of `#[warn(unused)]`) on by default

warning: unused import: `super::fragmentation::PacketAssemblerSet`
  --> /home/daivy/projects/serial/work/StarryOS/crates/smoltcp/src/iface/interface/mod.rs:35:5
   |
35 | use super::fragmentation::PacketAssemblerSet;
   |     ^^^^^^^^^^^^^^^^^^^^^^^^^^^^^^^^^^^^^^^^

warning: unused imports: `IFACE_MAX_PREFIX_COUNT` and `IFACE_MAX_SIXLOWPAN_ADDRESS_CONTEXT_COUNT`
  --> /home/daivy/projects/serial/work/StarryOS/crates/smoltcp/src/iface/interface/mod.rs:42:27
   |
42 |     IFACE_MAX_ADDR_COUNT, IFACE_MAX_PREFIX_COUNT, IFACE_MAX_SIXLOWPAN_ADDRESS_CONTEXT_COUNT,
   |                           ^^^^^^^^^^^^^^^^^^^^^^  ^^^^^^^^^^^^^^^^^^^^^^^^^^^^^^^^^^^^^^^^^

warning: variable does not need to be mutable
   --> /home/daivy/projects/serial/work/StarryOS/crates/smoltcp/src/iface/interface/ipv4.rs:103:13
    |
103 |         let mut ipv4_repr = check!(Ipv4Repr::parse(ipv4_packet, &self.caps.checksum));
    |             ----^^^^^^^^^
    |             |
    |             help: remove this `mut`
    |
    = note: `#[warn(unused_mut)]` (part of `#[warn(unused)]`) on by default

warning: unused variable: `frag`
   --> /home/daivy/projects/serial/work/StarryOS/crates/smoltcp/src/iface/interface/ipv4.rs:101:9
    |
101 |         frag: &'a mut FragmentsBuffer,
    |         ^^^^ help: if this is intentional, prefix it with an underscore: `_frag`
    |
    = note: `#[warn(unused_variables)]` (part of `#[warn(unused)]`) on by default

warning: unused variable: `repr`
    --> /home/daivy/projects/serial/work/StarryOS/crates/smoltcp/src/iface/interface/mod.rs:1274:26
     |
1274 |             IpRepr::Ipv4(repr) => {
     |                          ^^^^ help: if this is intentional, prefix it with an underscore: `_repr`

warning: variable does not need to be mutable
   --> /home/daivy/projects/serial/work/StarryOS/crates/smoltcp/src/socket/dns.rs:247:13
    |
247 |         let mut mdns = MulticastDns::Disabled;
    |             ----^^^^
    |             |
    |             help: remove this `mut`

warning: methods `link_local_ipv6_address` and `mldv2_report_packet` are never used
   --> /home/daivy/projects/serial/work/StarryOS/crates/smoltcp/src/iface/interface/ipv6.rs:173:8
    |
 23 | impl InterfaceInner {
    | ------------------- methods in this implementation
...
173 |     fn link_local_ipv6_address(&self) -> Option<Ipv6Address> {
    |        ^^^^^^^^^^^^^^^^^^^^^^^
...
565 |     pub(super) fn mldv2_report_packet<'any>(
    |                   ^^^^^^^^^^^^^^^^^^^
    |
    = note: `#[warn(dead_code)]` (part of `#[warn(unused)]`) on by default

warning: variant `HopByHopIcmpv6` is never constructed
   --> /home/daivy/projects/serial/work/StarryOS/crates/smoltcp/src/iface/packet.rs:218:5
    |
210 | pub(crate) enum IpPayload<'p> {
    |                 --------- variant in this enum
...
218 |     HopByHopIcmpv6(Ipv6HopByHopRepr<'p>, Icmpv6Repr<'p>),
    |     ^^^^^^^^^^^^^^
    |
    = note: `IpPayload` has a derived impl for the trait `Debug`, but this is intentionally ignored during dead code analysis

warning: method `is_solicited_node_multicast` is never used
   --> /home/daivy/projects/serial/work/StarryOS/crates/smoltcp/src/wire/ipv6.rs:125:8
    |
 80 | pub(crate) trait AddressExt {
    |                  ---------- method in this trait
...
125 |     fn is_solicited_node_multicast(&self) -> bool;
    |        ^^^^^^^^^^^^^^^^^^^^^^^^^^^

warning: method `emit_header` is never used
   --> /home/daivy/projects/serial/work/StarryOS/crates/smoltcp/src/wire/udp.rs:275:19
    |
232 | impl Repr {
    | --------- method in this implementation
...
275 |     pub(crate) fn emit_header<T>(&self, packet: &mut Packet<&mut T>, payload_len: usize)
    |                   ^^^^^^^^^^^


running 109 tests
[32m.(B[m[32m.(B[m[32m.(B[m[32m.(B[m[32m.(B[m[32m.(B[m[32m.(B[m[32m.(B[m[32m.(B[m[32m.(B[m[32m.(B[m[32m.(B[m[32m.(B[m[32m.(B[m[32m.(B[m[32m.(B[m[32m.(B[m[32m.(B[m[32m.(B[m[32m.(B[m[32m.(B[m[32m.(B[m[32m.(B[m[32m.(B[m[32m.(B[m[32m.(B[m[32m.(B[m[32m.(B[m[32m.(B[m[32m.(B[m[32m.(B[m[32m.(B[m[32m.(B[m[32m.(B[m[32m.(B[m[32m.(B[m[32m.(B[m[32m.(B[m[32m.(B[m[32m.(B[m[32m.(B[m[32m.(B[m[32m.(B[m[32m.(B[m[32m.(B[m[32m.(B[m[32m.(B[m[32m.(B[m[32m.(B[m[32m.(B[m[32m.(B[m[32m.(B[m[32m.(B[m[32m.(B[m[32m.(B[m[32m.(B[m[32m.(B[m[32m.(B[m[32m.(B[m[32m.(B[m[32m.(B[m[32m.(B[m[32m.(B[m[32m.(B[m[32m.(B[m[32m.(B[m[32m.(B[m[32m.(B[m[32m.(B[m[32m.(B[m[32m.(B[m[32m.(B[m[32m.(B[m[32m.(B[m[32m.(B[m[32m.(B[m[32m.(B[m[32m.(B[m[32m.(B[m[32m.(B[m[32m.(B[m[32m.(B[m[32m.(B[m[32m.(B[m[32m.(B[m[32m.(B[m[32m.(B[m 87/109
[32m.(B[m[32m.(B[m[32m.(B[m[32m.(B[m[32m.(B[m[32m.(B[m[32m.(B[m[32m.(B[m[32m.(B[m[32m.(B[m[32m.(B[m[32m.(B[m[32m.(B[m[32m.(B[m[32m.(B[m[32m.(B[m[32m.(B[m[32m.(B[m[32m.(B[m[32m.(B[m[32m.(B[m[32m.(B[m
test result: [32mok(B[m. 109 passed; 0 failed; 0 ignored; 0 measured; 0 filtered out; finished in 0.02s

warning: `/home/daivy/.cargo/config` is deprecated in favor of `config.toml`
  |
  = help: if you need to support cargo 1.38 or earlier, you can symlink `config` to `config.toml`
warning: unused import: `crate::iface::Route`
 --> /home/daivy/projects/serial/work/StarryOS/crates/smoltcp/src/iface/interface/ipv6.rs:3:5
  |
3 | use crate::iface::Route;
  |     ^^^^^^^^^^^^^^^^^^^
  |
  = note: `#[warn(unused_imports)]` (part of `#[warn(unused)]`) on by default

warning: unused import: `super::fragmentation::PacketAssemblerSet`
  --> /home/daivy/projects/serial/work/StarryOS/crates/smoltcp/src/iface/interface/mod.rs:35:5
   |
35 | use super::fragmentation::PacketAssemblerSet;
   |     ^^^^^^^^^^^^^^^^^^^^^^^^^^^^^^^^^^^^^^^^

warning: unused imports: `IFACE_MAX_PREFIX_COUNT` and `IFACE_MAX_SIXLOWPAN_ADDRESS_CONTEXT_COUNT`
  --> /home/daivy/projects/serial/work/StarryOS/crates/smoltcp/src/iface/interface/mod.rs:42:27
   |
42 |     IFACE_MAX_ADDR_COUNT, IFACE_MAX_PREFIX_COUNT, IFACE_MAX_SIXLOWPAN_ADDRESS_CONTEXT_COUNT,
   |                           ^^^^^^^^^^^^^^^^^^^^^^  ^^^^^^^^^^^^^^^^^^^^^^^^^^^^^^^^^^^^^^^^^

warning: variable does not need to be mutable
   --> /home/daivy/projects/serial/work/StarryOS/crates/smoltcp/src/iface/interface/ipv4.rs:103:13
    |
103 |         let mut ipv4_repr = check!(Ipv4Repr::parse(ipv4_packet, &self.caps.checksum));
    |             ----^^^^^^^^^
    |             |
    |             help: remove this `mut`
    |
    = note: `#[warn(unused_mut)]` (part of `#[warn(unused)]`) on by default

warning: unused variable: `frag`
   --> /home/daivy/projects/serial/work/StarryOS/crates/smoltcp/src/iface/interface/ipv4.rs:101:9
    |
101 |         frag: &'a mut FragmentsBuffer,
    |         ^^^^ help: if this is intentional, prefix it with an underscore: `_frag`
    |
    = note: `#[warn(unused_variables)]` (part of `#[warn(unused)]`) on by default

warning: unused variable: `repr`
    --> /home/daivy/projects/serial/work/StarryOS/crates/smoltcp/src/iface/interface/mod.rs:1274:26
     |
1274 |             IpRepr::Ipv4(repr) => {
     |                          ^^^^ help: if this is intentional, prefix it with an underscore: `_repr`

warning: variable does not need to be mutable
   --> /home/daivy/projects/serial/work/StarryOS/crates/smoltcp/src/socket/dns.rs:247:13
    |
247 |         let mut mdns = MulticastDns::Disabled;
    |             ----^^^^
    |             |
    |             help: remove this `mut`

warning: methods `link_local_ipv6_address` and `mldv2_report_packet` are never used
   --> /home/daivy/projects/serial/work/StarryOS/crates/smoltcp/src/iface/interface/ipv6.rs:173:8
    |
 23 | impl InterfaceInner {
    | ------------------- methods in this implementation
...
173 |     fn link_local_ipv6_address(&self) -> Option<Ipv6Address> {
    |        ^^^^^^^^^^^^^^^^^^^^^^^
...
565 |     pub(super) fn mldv2_report_packet<'any>(
    |                   ^^^^^^^^^^^^^^^^^^^
    |
    = note: `#[warn(dead_code)]` (part of `#[warn(unused)]`) on by default

warning: variant `HopByHopIcmpv6` is never constructed
   --> /home/daivy/projects/serial/work/StarryOS/crates/smoltcp/src/iface/packet.rs:218:5
    |
210 | pub(crate) enum IpPayload<'p> {
    |                 --------- variant in this enum
...
218 |     HopByHopIcmpv6(Ipv6HopByHopRepr<'p>, Icmpv6Repr<'p>),
    |     ^^^^^^^^^^^^^^
    |
    = note: `IpPayload` has a derived impl for the trait `Debug`, but this is intentionally ignored during dead code analysis

warning: method `is_solicited_node_multicast` is never used
   --> /home/daivy/projects/serial/work/StarryOS/crates/smoltcp/src/wire/ipv6.rs:125:8
    |
 80 | pub(crate) trait AddressExt {
    |                  ---------- method in this trait
...
125 |     fn is_solicited_node_multicast(&self) -> bool;
    |        ^^^^^^^^^^^^^^^^^^^^^^^^^^^

warning: method `emit_header` is never used
   --> /home/daivy/projects/serial/work/StarryOS/crates/smoltcp/src/wire/udp.rs:275:19
    |
232 | impl Repr {
    | --------- method in this implementation
...
275 |     pub(crate) fn emit_header<T>(&self, packet: &mut Packet<&mut T>, payload_len: usize)
    |                   ^^^^^^^^^^^


running 109 tests
[32m.(B[m[32m.(B[m[32m.(B[m[32m.(B[m[32m.(B[m[32m.(B[m[32m.(B[m[32m.(B[m[32m.(B[m[32m.(B[m[32m.(B[m[32m.(B[m[32m.(B[m[32m.(B[m[32m.(B[m[32m.(B[m[32m.(B[m[32m.(B[m[32m.(B[m[32m.(B[m[32m.(B[m[32m.(B[m[32m.(B[m[32m.(B[m[32m.(B[m[32m.(B[m[32m.(B[m[32m.(B[m[32m.(B[m[32m.(B[m[32m.(B[m[32m.(B[m[32m.(B[m[32m.(B[m[32m.(B[m[32m.(B[m[32m.(B[m[32m.(B[m[32m.(B[m[32m.(B[m[32m.(B[m[32m.(B[m[32m.(B[m[32m.(B[m[32m.(B[m[32m.(B[m[32m.(B[m[32m.(B[m[32m.(B[m[32m.(B[m[32m.(B[m[32m.(B[m[32m.(B[m[32m.(B[m[32m.(B[m[32m.(B[m[32m.(B[m[32m.(B[m[32m.(B[m[32m.(B[m[32m.(B[m[32m.(B[m[32m.(B[m[32m.(B[m[32m.(B[m[32m.(B[m[32m.(B[m[32m.(B[m[32m.(B[m[32m.(B[m[32m.(B[m[32m.(B[m[32m.(B[m[32m.(B[m[32m.(B[m[32m.(B[m[32m.(B[m[32m.(B[m[32m.(B[m[32m.(B[m[32m.(B[m[32m.(B[m[32m.(B[m[32m.(B[m[32m.(B[m[32m.(B[m[32m.(B[m 87/109
[32m.(B[m[32m.(B[m[32m.(B[m[32m.(B[m[32m.(B[m[32m.(B[m[32m.(B[m[32m.(B[m[32m.(B[m[32m.(B[m[32m.(B[m[32m.(B[m[32m.(B[m[32m.(B[m[32m.(B[m[32m.(B[m[32m.(B[m[32m.(B[m[32m.(B[m[32m.(B[m[32m.(B[m[32m.(B[m
test result: [32mok(B[m. 109 passed; 0 failed; 0 ignored; 0 measured; 0 filtered out; finished in 0.01s

warning: `/home/daivy/.cargo/config` is deprecated in favor of `config.toml`
  |
  = help: if you need to support cargo 1.38 or earlier, you can symlink `config` to `config.toml`
warning: unused import: `crate::iface::Route`
 --> /home/daivy/projects/serial/work/StarryOS/crates/smoltcp/src/iface/interface/ipv6.rs:3:5
  |
3 | use crate::iface::Route;
  |     ^^^^^^^^^^^^^^^^^^^
  |
  = note: `#[warn(unused_imports)]` (part of `#[warn(unused)]`) on by default

warning: unused import: `super::fragmentation::PacketAssemblerSet`
  --> /home/daivy/projects/serial/work/StarryOS/crates/smoltcp/src/iface/interface/mod.rs:35:5
   |
35 | use super::fragmentation::PacketAssemblerSet;
   |     ^^^^^^^^^^^^^^^^^^^^^^^^^^^^^^^^^^^^^^^^

warning: unused imports: `IFACE_MAX_PREFIX_COUNT` and `IFACE_MAX_SIXLOWPAN_ADDRESS_CONTEXT_COUNT`
  --> /home/daivy/projects/serial/work/StarryOS/crates/smoltcp/src/iface/interface/mod.rs:42:27
   |
42 |     IFACE_MAX_ADDR_COUNT, IFACE_MAX_PREFIX_COUNT, IFACE_MAX_SIXLOWPAN_ADDRESS_CONTEXT_COUNT,
   |                           ^^^^^^^^^^^^^^^^^^^^^^  ^^^^^^^^^^^^^^^^^^^^^^^^^^^^^^^^^^^^^^^^^

warning: variable does not need to be mutable
   --> /home/daivy/projects/serial/work/StarryOS/crates/smoltcp/src/iface/interface/ipv4.rs:103:13
    |
103 |         let mut ipv4_repr = check!(Ipv4Repr::parse(ipv4_packet, &self.caps.checksum));
    |             ----^^^^^^^^^
    |             |
    |             help: remove this `mut`
    |
    = note: `#[warn(unused_mut)]` (part of `#[warn(unused)]`) on by default

warning: unused variable: `frag`
   --> /home/daivy/projects/serial/work/StarryOS/crates/smoltcp/src/iface/interface/ipv4.rs:101:9
    |
101 |         frag: &'a mut FragmentsBuffer,
    |         ^^^^ help: if this is intentional, prefix it with an underscore: `_frag`
    |
    = note: `#[warn(unused_variables)]` (part of `#[warn(unused)]`) on by default

warning: unused variable: `repr`
    --> /home/daivy/projects/serial/work/StarryOS/crates/smoltcp/src/iface/interface/mod.rs:1274:26
     |
1274 |             IpRepr::Ipv4(repr) => {
     |                          ^^^^ help: if this is intentional, prefix it with an underscore: `_repr`

warning: variable does not need to be mutable
   --> /home/daivy/projects/serial/work/StarryOS/crates/smoltcp/src/socket/dns.rs:247:13
    |
247 |         let mut mdns = MulticastDns::Disabled;
    |             ----^^^^
    |             |
    |             help: remove this `mut`

warning: methods `link_local_ipv6_address` and `mldv2_report_packet` are never used
   --> /home/daivy/projects/serial/work/StarryOS/crates/smoltcp/src/iface/interface/ipv6.rs:173:8
    |
 23 | impl InterfaceInner {
    | ------------------- methods in this implementation
...
173 |     fn link_local_ipv6_address(&self) -> Option<Ipv6Address> {
    |        ^^^^^^^^^^^^^^^^^^^^^^^
...
565 |     pub(super) fn mldv2_report_packet<'any>(
    |                   ^^^^^^^^^^^^^^^^^^^
    |
    = note: `#[warn(dead_code)]` (part of `#[warn(unused)]`) on by default

warning: variant `HopByHopIcmpv6` is never constructed
   --> /home/daivy/projects/serial/work/StarryOS/crates/smoltcp/src/iface/packet.rs:218:5
    |
210 | pub(crate) enum IpPayload<'p> {
    |                 --------- variant in this enum
...
218 |     HopByHopIcmpv6(Ipv6HopByHopRepr<'p>, Icmpv6Repr<'p>),
    |     ^^^^^^^^^^^^^^
    |
    = note: `IpPayload` has a derived impl for the trait `Debug`, but this is intentionally ignored during dead code analysis

warning: method `is_solicited_node_multicast` is never used
   --> /home/daivy/projects/serial/work/StarryOS/crates/smoltcp/src/wire/ipv6.rs:125:8
    |
 80 | pub(crate) trait AddressExt {
    |                  ---------- method in this trait
...
125 |     fn is_solicited_node_multicast(&self) -> bool;
    |        ^^^^^^^^^^^^^^^^^^^^^^^^^^^

warning: method `emit_header` is never used
   --> /home/daivy/projects/serial/work/StarryOS/crates/smoltcp/src/wire/udp.rs:275:19
    |
232 | impl Repr {
    | --------- method in this implementation
...
275 |     pub(crate) fn emit_header<T>(&self, packet: &mut Packet<&mut T>, payload_len: usize)
    |                   ^^^^^^^^^^^


running 109 tests
[32m.(B[m[32m.(B[m[32m.(B[m[32m.(B[m[32m.(B[m[32m.(B[m[32m.(B[m[32m.(B[m[32m.(B[m[32m.(B[m[32m.(B[m[32m.(B[m[32m.(B[m[32m.(B[m[32m.(B[m[32m.(B[m[32m.(B[m[32m.(B[m[32m.(B[m[32m.(B[m[32m.(B[m[32m.(B[m[32m.(B[m[32m.(B[m[32m.(B[m[32m.(B[m[32m.(B[m[32m.(B[m[32m.(B[m[32m.(B[m[32m.(B[m[32m.(B[m[32m.(B[m[32m.(B[m[32m.(B[m[32m.(B[m[32m.(B[m[32m.(B[m[32m.(B[m[32m.(B[m[32m.(B[m[32m.(B[m[32m.(B[m[32m.(B[m[32m.(B[m[32m.(B[m[32m.(B[m[32m.(B[m[32m.(B[m[32m.(B[m[32m.(B[m[32m.(B[m[32m.(B[m[32m.(B[m[32m.(B[m[32m.(B[m[32m.(B[m[32m.(B[m[32m.(B[m[32m.(B[m[32m.(B[m[32m.(B[m[32m.(B[m[32m.(B[m[32m.(B[m[32m.(B[m[32m.(B[m[32m.(B[m[32m.(B[m[32m.(B[m[32m.(B[m[32m.(B[m[32m.(B[m[32m.(B[m[32m.(B[m[32m.(B[m[32m.(B[m[32m.(B[m[32m.(B[m[32m.(B[m[32m.(B[m[32m.(B[m[32m.(B[m[32m.(B[m[32m.(B[m[32m.(B[m[32m.(B[m 87/109
[32m.(B[m[32m.(B[m[32m.(B[m[32m.(B[m[32m.(B[m[32m.(B[m[32m.(B[m[32m.(B[m[32m.(B[m[32m.(B[m[32m.(B[m[32m.(B[m[32m.(B[m[32m.(B[m[32m.(B[m[32m.(B[m[32m.(B[m[32m.(B[m[32m.(B[m[32m.(B[m[32m.(B[m[32m.(B[m
test result: [32mok(B[m. 109 passed; 0 failed; 0 ignored; 0 measured; 0 filtered out; finished in 0.02s

warning: `/home/daivy/.cargo/config` is deprecated in favor of `config.toml`
  |
  = help: if you need to support cargo 1.38 or earlier, you can symlink `config` to `config.toml`
warning: unused import: `crate::iface::Route`
 --> /home/daivy/projects/serial/work/StarryOS/crates/smoltcp/src/iface/interface/ipv6.rs:3:5
  |
3 | use crate::iface::Route;
  |     ^^^^^^^^^^^^^^^^^^^
  |
  = note: `#[warn(unused_imports)]` (part of `#[warn(unused)]`) on by default

warning: unused import: `super::fragmentation::PacketAssemblerSet`
  --> /home/daivy/projects/serial/work/StarryOS/crates/smoltcp/src/iface/interface/mod.rs:35:5
   |
35 | use super::fragmentation::PacketAssemblerSet;
   |     ^^^^^^^^^^^^^^^^^^^^^^^^^^^^^^^^^^^^^^^^

warning: unused imports: `IFACE_MAX_PREFIX_COUNT` and `IFACE_MAX_SIXLOWPAN_ADDRESS_CONTEXT_COUNT`
  --> /home/daivy/projects/serial/work/StarryOS/crates/smoltcp/src/iface/interface/mod.rs:42:27
   |
42 |     IFACE_MAX_ADDR_COUNT, IFACE_MAX_PREFIX_COUNT, IFACE_MAX_SIXLOWPAN_ADDRESS_CONTEXT_COUNT,
   |                           ^^^^^^^^^^^^^^^^^^^^^^  ^^^^^^^^^^^^^^^^^^^^^^^^^^^^^^^^^^^^^^^^^

warning: variable does not need to be mutable
   --> /home/daivy/projects/serial/work/StarryOS/crates/smoltcp/src/iface/interface/ipv4.rs:103:13
    |
103 |         let mut ipv4_repr = check!(Ipv4Repr::parse(ipv4_packet, &self.caps.checksum));
    |             ----^^^^^^^^^
    |             |
    |             help: remove this `mut`
    |
    = note: `#[warn(unused_mut)]` (part of `#[warn(unused)]`) on by default

warning: unused variable: `frag`
   --> /home/daivy/projects/serial/work/StarryOS/crates/smoltcp/src/iface/interface/ipv4.rs:101:9
    |
101 |         frag: &'a mut FragmentsBuffer,
    |         ^^^^ help: if this is intentional, prefix it with an underscore: `_frag`
    |
    = note: `#[warn(unused_variables)]` (part of `#[warn(unused)]`) on by default

warning: unused variable: `repr`
    --> /home/daivy/projects/serial/work/StarryOS/crates/smoltcp/src/iface/interface/mod.rs:1274:26
     |
1274 |             IpRepr::Ipv4(repr) => {
     |                          ^^^^ help: if this is intentional, prefix it with an underscore: `_repr`

warning: variable does not need to be mutable
   --> /home/daivy/projects/serial/work/StarryOS/crates/smoltcp/src/socket/dns.rs:247:13
    |
247 |         let mut mdns = MulticastDns::Disabled;
    |             ----^^^^
    |             |
    |             help: remove this `mut`

warning: methods `link_local_ipv6_address` and `mldv2_report_packet` are never used
   --> /home/daivy/projects/serial/work/StarryOS/crates/smoltcp/src/iface/interface/ipv6.rs:173:8
    |
 23 | impl InterfaceInner {
    | ------------------- methods in this implementation
...
173 |     fn link_local_ipv6_address(&self) -> Option<Ipv6Address> {
    |        ^^^^^^^^^^^^^^^^^^^^^^^
...
565 |     pub(super) fn mldv2_report_packet<'any>(
    |                   ^^^^^^^^^^^^^^^^^^^
    |
    = note: `#[warn(dead_code)]` (part of `#[warn(unused)]`) on by default

warning: variant `HopByHopIcmpv6` is never constructed
   --> /home/daivy/projects/serial/work/StarryOS/crates/smoltcp/src/iface/packet.rs:218:5
    |
210 | pub(crate) enum IpPayload<'p> {
    |                 --------- variant in this enum
...
218 |     HopByHopIcmpv6(Ipv6HopByHopRepr<'p>, Icmpv6Repr<'p>),
    |     ^^^^^^^^^^^^^^
    |
    = note: `IpPayload` has a derived impl for the trait `Debug`, but this is intentionally ignored during dead code analysis

warning: method `is_solicited_node_multicast` is never used
   --> /home/daivy/projects/serial/work/StarryOS/crates/smoltcp/src/wire/ipv6.rs:125:8
    |
 80 | pub(crate) trait AddressExt {
    |                  ---------- method in this trait
...
125 |     fn is_solicited_node_multicast(&self) -> bool;
    |        ^^^^^^^^^^^^^^^^^^^^^^^^^^^

warning: method `emit_header` is never used
   --> /home/daivy/projects/serial/work/StarryOS/crates/smoltcp/src/wire/udp.rs:275:19
    |
232 | impl Repr {
    | --------- method in this implementation
...
275 |     pub(crate) fn emit_header<T>(&self, packet: &mut Packet<&mut T>, payload_len: usize)
    |                   ^^^^^^^^^^^


running 109 tests
[32m.(B[m[32m.(B[m[32m.(B[m[32m.(B[m[32m.(B[m[32m.(B[m[32m.(B[m[32m.(B[m[32m.(B[m[32m.(B[m[32m.(B[m[32m.(B[m[32m.(B[m[32m.(B[m[32m.(B[m[32m.(B[m[32m.(B[m[32m.(B[m[32m.(B[m[32m.(B[m[32m.(B[m[32m.(B[m[32m.(B[m[32m.(B[m[32m.(B[m[32m.(B[m[32m.(B[m[32m.(B[m[32m.(B[m[32m.(B[m[32m.(B[m[32m.(B[m[32m.(B[m[32m.(B[m[32m.(B[m[32m.(B[m[32m.(B[m[32m.(B[m[32m.(B[m[32m.(B[m[32m.(B[m[32m.(B[m[32m.(B[m[32m.(B[m[32m.(B[m[32m.(B[m[32m.(B[m[32m.(B[m[32m.(B[m[32m.(B[m[32m.(B[m[32m.(B[m[32m.(B[m[32m.(B[m[32m.(B[m[32m.(B[m[32m.(B[m[32m.(B[m[32m.(B[m[32m.(B[m[32m.(B[m[32m.(B[m[32m.(B[m[32m.(B[m[32m.(B[m[32m.(B[m[32m.(B[m[32m.(B[m[32m.(B[m[32m.(B[m[32m.(B[m[32m.(B[m[32m.(B[m[32m.(B[m[32m.(B[m[32m.(B[m[32m.(B[m[32m.(B[m[32m.(B[m[32m.(B[m[32m.(B[m[32m.(B[m[32m.(B[m[32m.(B[m[32m.(B[m[32m.(B[m[32m.(B[m 87/109
[32m.(B[m[32m.(B[m[32m.(B[m[32m.(B[m[32m.(B[m[32m.(B[m[32m.(B[m[32m.(B[m[32m.(B[m[32m.(B[m[32m.(B[m[32m.(B[m[32m.(B[m[32m.(B[m[32m.(B[m[32m.(B[m[32m.(B[m[32m.(B[m[32m.(B[m[32m.(B[m[32m.(B[m[32m.(B[m
test result: [32mok(B[m. 109 passed; 0 failed; 0 ignored; 0 measured; 0 filtered out; finished in 0.02s

warning: `/home/daivy/.cargo/config` is deprecated in favor of `config.toml`
  |
  = help: if you need to support cargo 1.38 or earlier, you can symlink `config` to `config.toml`
warning: unused import: `crate::iface::Route`
 --> /home/daivy/projects/serial/work/StarryOS/crates/smoltcp/src/iface/interface/ipv6.rs:3:5
  |
3 | use crate::iface::Route;
  |     ^^^^^^^^^^^^^^^^^^^
  |
  = note: `#[warn(unused_imports)]` (part of `#[warn(unused)]`) on by default

warning: unused import: `super::fragmentation::PacketAssemblerSet`
  --> /home/daivy/projects/serial/work/StarryOS/crates/smoltcp/src/iface/interface/mod.rs:35:5
   |
35 | use super::fragmentation::PacketAssemblerSet;
   |     ^^^^^^^^^^^^^^^^^^^^^^^^^^^^^^^^^^^^^^^^

warning: unused imports: `IFACE_MAX_PREFIX_COUNT` and `IFACE_MAX_SIXLOWPAN_ADDRESS_CONTEXT_COUNT`
  --> /home/daivy/projects/serial/work/StarryOS/crates/smoltcp/src/iface/interface/mod.rs:42:27
   |
42 |     IFACE_MAX_ADDR_COUNT, IFACE_MAX_PREFIX_COUNT, IFACE_MAX_SIXLOWPAN_ADDRESS_CONTEXT_COUNT,
   |                           ^^^^^^^^^^^^^^^^^^^^^^  ^^^^^^^^^^^^^^^^^^^^^^^^^^^^^^^^^^^^^^^^^

warning: variable does not need to be mutable
   --> /home/daivy/projects/serial/work/StarryOS/crates/smoltcp/src/iface/interface/ipv4.rs:103:13
    |
103 |         let mut ipv4_repr = check!(Ipv4Repr::parse(ipv4_packet, &self.caps.checksum));
    |             ----^^^^^^^^^
    |             |
    |             help: remove this `mut`
    |
    = note: `#[warn(unused_mut)]` (part of `#[warn(unused)]`) on by default

warning: unused variable: `frag`
   --> /home/daivy/projects/serial/work/StarryOS/crates/smoltcp/src/iface/interface/ipv4.rs:101:9
    |
101 |         frag: &'a mut FragmentsBuffer,
    |         ^^^^ help: if this is intentional, prefix it with an underscore: `_frag`
    |
    = note: `#[warn(unused_variables)]` (part of `#[warn(unused)]`) on by default

warning: unused variable: `repr`
    --> /home/daivy/projects/serial/work/StarryOS/crates/smoltcp/src/iface/interface/mod.rs:1274:26
     |
1274 |             IpRepr::Ipv4(repr) => {
     |                          ^^^^ help: if this is intentional, prefix it with an underscore: `_repr`

warning: variable does not need to be mutable
   --> /home/daivy/projects/serial/work/StarryOS/crates/smoltcp/src/socket/dns.rs:247:13
    |
247 |         let mut mdns = MulticastDns::Disabled;
    |             ----^^^^
    |             |
    |             help: remove this `mut`

warning: methods `link_local_ipv6_address` and `mldv2_report_packet` are never used
   --> /home/daivy/projects/serial/work/StarryOS/crates/smoltcp/src/iface/interface/ipv6.rs:173:8
    |
 23 | impl InterfaceInner {
    | ------------------- methods in this implementation
...
173 |     fn link_local_ipv6_address(&self) -> Option<Ipv6Address> {
    |        ^^^^^^^^^^^^^^^^^^^^^^^
...
565 |     pub(super) fn mldv2_report_packet<'any>(
    |                   ^^^^^^^^^^^^^^^^^^^
    |
    = note: `#[warn(dead_code)]` (part of `#[warn(unused)]`) on by default

warning: variant `HopByHopIcmpv6` is never constructed
   --> /home/daivy/projects/serial/work/StarryOS/crates/smoltcp/src/iface/packet.rs:218:5
    |
210 | pub(crate) enum IpPayload<'p> {
    |                 --------- variant in this enum
...
218 |     HopByHopIcmpv6(Ipv6HopByHopRepr<'p>, Icmpv6Repr<'p>),
    |     ^^^^^^^^^^^^^^
    |
    = note: `IpPayload` has a derived impl for the trait `Debug`, but this is intentionally ignored during dead code analysis

warning: method `is_solicited_node_multicast` is never used
   --> /home/daivy/projects/serial/work/StarryOS/crates/smoltcp/src/wire/ipv6.rs:125:8
    |
 80 | pub(crate) trait AddressExt {
    |                  ---------- method in this trait
...
125 |     fn is_solicited_node_multicast(&self) -> bool;
    |        ^^^^^^^^^^^^^^^^^^^^^^^^^^^

warning: method `emit_header` is never used
   --> /home/daivy/projects/serial/work/StarryOS/crates/smoltcp/src/wire/udp.rs:275:19
    |
232 | impl Repr {
    | --------- method in this implementation
...
275 |     pub(crate) fn emit_header<T>(&self, packet: &mut Packet<&mut T>, payload_len: usize)
    |                   ^^^^^^^^^^^


running 109 tests
[32m.(B[m[32m.(B[m[32m.(B[m[32m.(B[m[32m.(B[m[32m.(B[m[32m.(B[m[32m.(B[m[32m.(B[m[32m.(B[m[32m.(B[m[32m.(B[m[32m.(B[m[32m.(B[m[32m.(B[m[32m.(B[m[32m.(B[m[32m.(B[m[32m.(B[m[32m.(B[m[32m.(B[m[32m.(B[m[32m.(B[m[32m.(B[m[32m.(B[m[32m.(B[m[32m.(B[m[32m.(B[m[32m.(B[m[32m.(B[m[32m.(B[m[32m.(B[m[32m.(B[m[32m.(B[m[32m.(B[m[32m.(B[m[32m.(B[m[32m.(B[m[32m.(B[m[32m.(B[m[32m.(B[m[32m.(B[m[32m.(B[m[32m.(B[m[32m.(B[m[32m.(B[m[32m.(B[m[32m.(B[m[32m.(B[m[32m.(B[m[32m.(B[m[32m.(B[m[32m.(B[m[32m.(B[m[32m.(B[m[32m.(B[m[32m.(B[m[32m.(B[m[32m.(B[m[32m.(B[m[32m.(B[m[32m.(B[m[32m.(B[m[32m.(B[m[32m.(B[m[32m.(B[m[32m.(B[m[32m.(B[m[32m.(B[m[32m.(B[m[32m.(B[m[32m.(B[m[32m.(B[m[32m.(B[m[32m.(B[m[32m.(B[m[32m.(B[m[32m.(B[m[32m.(B[m[32m.(B[m[32m.(B[m[32m.(B[m[32m.(B[m[32m.(B[m[32m.(B[m[32m.(B[m[32m.(B[m 87/109
[32m.(B[m[32m.(B[m[32m.(B[m[32m.(B[m[32m.(B[m[32m.(B[m[32m.(B[m[32m.(B[m[32m.(B[m[32m.(B[m[32m.(B[m[32m.(B[m[32m.(B[m[32m.(B[m[32m.(B[m[32m.(B[m[32m.(B[m[32m.(B[m[32m.(B[m[32m.(B[m[32m.(B[m[32m.(B[m
test result: [32mok(B[m. 109 passed; 0 failed; 0 ignored; 0 measured; 0 filtered out; finished in 0.01s

warning: `/home/daivy/.cargo/config` is deprecated in favor of `config.toml`
  |
  = help: if you need to support cargo 1.38 or earlier, you can symlink `config` to `config.toml`
warning: unused import: `crate::iface::Route`
 --> /home/daivy/projects/serial/work/StarryOS/crates/smoltcp/src/iface/interface/ipv6.rs:3:5
  |
3 | use crate::iface::Route;
  |     ^^^^^^^^^^^^^^^^^^^
  |
  = note: `#[warn(unused_imports)]` (part of `#[warn(unused)]`) on by default

warning: unused import: `super::fragmentation::PacketAssemblerSet`
  --> /home/daivy/projects/serial/work/StarryOS/crates/smoltcp/src/iface/interface/mod.rs:35:5
   |
35 | use super::fragmentation::PacketAssemblerSet;
   |     ^^^^^^^^^^^^^^^^^^^^^^^^^^^^^^^^^^^^^^^^

warning: unused imports: `IFACE_MAX_PREFIX_COUNT` and `IFACE_MAX_SIXLOWPAN_ADDRESS_CONTEXT_COUNT`
  --> /home/daivy/projects/serial/work/StarryOS/crates/smoltcp/src/iface/interface/mod.rs:42:27
   |
42 |     IFACE_MAX_ADDR_COUNT, IFACE_MAX_PREFIX_COUNT, IFACE_MAX_SIXLOWPAN_ADDRESS_CONTEXT_COUNT,
   |                           ^^^^^^^^^^^^^^^^^^^^^^  ^^^^^^^^^^^^^^^^^^^^^^^^^^^^^^^^^^^^^^^^^

warning: variable does not need to be mutable
   --> /home/daivy/projects/serial/work/StarryOS/crates/smoltcp/src/iface/interface/ipv4.rs:103:13
    |
103 |         let mut ipv4_repr = check!(Ipv4Repr::parse(ipv4_packet, &self.caps.checksum));
    |             ----^^^^^^^^^
    |             |
    |             help: remove this `mut`
    |
    = note: `#[warn(unused_mut)]` (part of `#[warn(unused)]`) on by default

warning: unused variable: `frag`
   --> /home/daivy/projects/serial/work/StarryOS/crates/smoltcp/src/iface/interface/ipv4.rs:101:9
    |
101 |         frag: &'a mut FragmentsBuffer,
    |         ^^^^ help: if this is intentional, prefix it with an underscore: `_frag`
    |
    = note: `#[warn(unused_variables)]` (part of `#[warn(unused)]`) on by default

warning: unused variable: `repr`
    --> /home/daivy/projects/serial/work/StarryOS/crates/smoltcp/src/iface/interface/mod.rs:1274:26
     |
1274 |             IpRepr::Ipv4(repr) => {
     |                          ^^^^ help: if this is intentional, prefix it with an underscore: `_repr`

warning: variable does not need to be mutable
   --> /home/daivy/projects/serial/work/StarryOS/crates/smoltcp/src/socket/dns.rs:247:13
    |
247 |         let mut mdns = MulticastDns::Disabled;
    |             ----^^^^
    |             |
    |             help: remove this `mut`

warning: methods `link_local_ipv6_address` and `mldv2_report_packet` are never used
   --> /home/daivy/projects/serial/work/StarryOS/crates/smoltcp/src/iface/interface/ipv6.rs:173:8
    |
 23 | impl InterfaceInner {
    | ------------------- methods in this implementation
...
173 |     fn link_local_ipv6_address(&self) -> Option<Ipv6Address> {
    |        ^^^^^^^^^^^^^^^^^^^^^^^
...
565 |     pub(super) fn mldv2_report_packet<'any>(
    |                   ^^^^^^^^^^^^^^^^^^^
    |
    = note: `#[warn(dead_code)]` (part of `#[warn(unused)]`) on by default

warning: variant `HopByHopIcmpv6` is never constructed
   --> /home/daivy/projects/serial/work/StarryOS/crates/smoltcp/src/iface/packet.rs:218:5
    |
210 | pub(crate) enum IpPayload<'p> {
    |                 --------- variant in this enum
...
218 |     HopByHopIcmpv6(Ipv6HopByHopRepr<'p>, Icmpv6Repr<'p>),
    |     ^^^^^^^^^^^^^^
    |
    = note: `IpPayload` has a derived impl for the trait `Debug`, but this is intentionally ignored during dead code analysis

warning: method `is_solicited_node_multicast` is never used
   --> /home/daivy/projects/serial/work/StarryOS/crates/smoltcp/src/wire/ipv6.rs:125:8
    |
 80 | pub(crate) trait AddressExt {
    |                  ---------- method in this trait
...
125 |     fn is_solicited_node_multicast(&self) -> bool;
    |        ^^^^^^^^^^^^^^^^^^^^^^^^^^^

warning: method `emit_header` is never used
   --> /home/daivy/projects/serial/work/StarryOS/crates/smoltcp/src/wire/udp.rs:275:19
    |
232 | impl Repr {
    | --------- method in this implementation
...
275 |     pub(crate) fn emit_header<T>(&self, packet: &mut Packet<&mut T>, payload_len: usize)
    |                   ^^^^^^^^^^^


running 109 tests
[32m.(B[m[32m.(B[m[32m.(B[m[32m.(B[m[32m.(B[m[32m.(B[m[32m.(B[m[32m.(B[m[32m.(B[m[32m.(B[m[32m.(B[m[32m.(B[m[32m.(B[m[32m.(B[m[32m.(B[m[32m.(B[m[32m.(B[m[32m.(B[m[32m.(B[m[32m.(B[m[32m.(B[m[32m.(B[m[32m.(B[m[32m.(B[m[32m.(B[m[32m.(B[m[32m.(B[m[32m.(B[m[32m.(B[m[32m.(B[m[32m.(B[m[32m.(B[m[32m.(B[m[32m.(B[m[32m.(B[m[32m.(B[m[32m.(B[m[32m.(B[m[32m.(B[m[32m.(B[m[32m.(B[m[32m.(B[m[32m.(B[m[32m.(B[m[32m.(B[m[32m.(B[m[32m.(B[m[32m.(B[m[32m.(B[m[32m.(B[m[32m.(B[m[32m.(B[m[32m.(B[m[32m.(B[m[32m.(B[m[32m.(B[m[32m.(B[m[32m.(B[m[32m.(B[m[32m.(B[m[32m.(B[m[32m.(B[m[32m.(B[m[32m.(B[m[32m.(B[m[32m.(B[m[32m.(B[m[32m.(B[m[32m.(B[m[32m.(B[m[32m.(B[m[32m.(B[m[32m.(B[m[32m.(B[m[32m.(B[m[32m.(B[m[32m.(B[m[32m.(B[m[32m.(B[m[32m.(B[m[32m.(B[m[32m.(B[m[32m.(B[m[32m.(B[m[32m.(B[m[32m.(B[m[32m.(B[m 87/109
[32m.(B[m[32m.(B[m[32m.(B[m[32m.(B[m[32m.(B[m[32m.(B[m[32m.(B[m[32m.(B[m[32m.(B[m[32m.(B[m[32m.(B[m[32m.(B[m[32m.(B[m[32m.(B[m[32m.(B[m[32m.(B[m[32m.(B[m[32m.(B[m[32m.(B[m[32m.(B[m[32m.(B[m[32m.(B[m
test result: [32mok(B[m. 109 passed; 0 failed; 0 ignored; 0 measured; 0 filtered out; finished in 0.02s

warning: `/home/daivy/.cargo/config` is deprecated in favor of `config.toml`
  |
  = help: if you need to support cargo 1.38 or earlier, you can symlink `config` to `config.toml`
warning: unused import: `crate::iface::Route`
 --> /home/daivy/projects/serial/work/StarryOS/crates/smoltcp/src/iface/interface/ipv6.rs:3:5
  |
3 | use crate::iface::Route;
  |     ^^^^^^^^^^^^^^^^^^^
  |
  = note: `#[warn(unused_imports)]` (part of `#[warn(unused)]`) on by default

warning: unused import: `super::fragmentation::PacketAssemblerSet`
  --> /home/daivy/projects/serial/work/StarryOS/crates/smoltcp/src/iface/interface/mod.rs:35:5
   |
35 | use super::fragmentation::PacketAssemblerSet;
   |     ^^^^^^^^^^^^^^^^^^^^^^^^^^^^^^^^^^^^^^^^

warning: unused imports: `IFACE_MAX_PREFIX_COUNT` and `IFACE_MAX_SIXLOWPAN_ADDRESS_CONTEXT_COUNT`
  --> /home/daivy/projects/serial/work/StarryOS/crates/smoltcp/src/iface/interface/mod.rs:42:27
   |
42 |     IFACE_MAX_ADDR_COUNT, IFACE_MAX_PREFIX_COUNT, IFACE_MAX_SIXLOWPAN_ADDRESS_CONTEXT_COUNT,
   |                           ^^^^^^^^^^^^^^^^^^^^^^  ^^^^^^^^^^^^^^^^^^^^^^^^^^^^^^^^^^^^^^^^^

warning: variable does not need to be mutable
   --> /home/daivy/projects/serial/work/StarryOS/crates/smoltcp/src/iface/interface/ipv4.rs:103:13
    |
103 |         let mut ipv4_repr = check!(Ipv4Repr::parse(ipv4_packet, &self.caps.checksum));
    |             ----^^^^^^^^^
    |             |
    |             help: remove this `mut`
    |
    = note: `#[warn(unused_mut)]` (part of `#[warn(unused)]`) on by default

warning: unused variable: `frag`
   --> /home/daivy/projects/serial/work/StarryOS/crates/smoltcp/src/iface/interface/ipv4.rs:101:9
    |
101 |         frag: &'a mut FragmentsBuffer,
    |         ^^^^ help: if this is intentional, prefix it with an underscore: `_frag`
    |
    = note: `#[warn(unused_variables)]` (part of `#[warn(unused)]`) on by default

warning: unused variable: `repr`
    --> /home/daivy/projects/serial/work/StarryOS/crates/smoltcp/src/iface/interface/mod.rs:1274:26
     |
1274 |             IpRepr::Ipv4(repr) => {
     |                          ^^^^ help: if this is intentional, prefix it with an underscore: `_repr`

warning: variable does not need to be mutable
   --> /home/daivy/projects/serial/work/StarryOS/crates/smoltcp/src/socket/dns.rs:247:13
    |
247 |         let mut mdns = MulticastDns::Disabled;
    |             ----^^^^
    |             |
    |             help: remove this `mut`

warning: methods `link_local_ipv6_address` and `mldv2_report_packet` are never used
   --> /home/daivy/projects/serial/work/StarryOS/crates/smoltcp/src/iface/interface/ipv6.rs:173:8
    |
 23 | impl InterfaceInner {
    | ------------------- methods in this implementation
...
173 |     fn link_local_ipv6_address(&self) -> Option<Ipv6Address> {
    |        ^^^^^^^^^^^^^^^^^^^^^^^
...
565 |     pub(super) fn mldv2_report_packet<'any>(
    |                   ^^^^^^^^^^^^^^^^^^^
    |
    = note: `#[warn(dead_code)]` (part of `#[warn(unused)]`) on by default

warning: variant `HopByHopIcmpv6` is never constructed
   --> /home/daivy/projects/serial/work/StarryOS/crates/smoltcp/src/iface/packet.rs:218:5
    |
210 | pub(crate) enum IpPayload<'p> {
    |                 --------- variant in this enum
...
218 |     HopByHopIcmpv6(Ipv6HopByHopRepr<'p>, Icmpv6Repr<'p>),
    |     ^^^^^^^^^^^^^^
    |
    = note: `IpPayload` has a derived impl for the trait `Debug`, but this is intentionally ignored during dead code analysis

warning: method `is_solicited_node_multicast` is never used
   --> /home/daivy/projects/serial/work/StarryOS/crates/smoltcp/src/wire/ipv6.rs:125:8
    |
 80 | pub(crate) trait AddressExt {
    |                  ---------- method in this trait
...
125 |     fn is_solicited_node_multicast(&self) -> bool;
    |        ^^^^^^^^^^^^^^^^^^^^^^^^^^^

warning: method `emit_header` is never used
   --> /home/daivy/projects/serial/work/StarryOS/crates/smoltcp/src/wire/udp.rs:275:19
    |
232 | impl Repr {
    | --------- method in this implementation
...
275 |     pub(crate) fn emit_header<T>(&self, packet: &mut Packet<&mut T>, payload_len: usize)
    |                   ^^^^^^^^^^^


running 109 tests
[32m.(B[m[32m.(B[m[32m.(B[m[32m.(B[m[32m.(B[m[32m.(B[m[32m.(B[m[32m.(B[m[32m.(B[m[32m.(B[m[32m.(B[m[32m.(B[m[32m.(B[m[32m.(B[m[32m.(B[m[32m.(B[m[32m.(B[m[32m.(B[m[32m.(B[m[32m.(B[m[32m.(B[m[32m.(B[m[32m.(B[m[32m.(B[m[32m.(B[m[32m.(B[m[32m.(B[m[32m.(B[m[32m.(B[m[32m.(B[m[32m.(B[m[32m.(B[m[32m.(B[m[32m.(B[m[32m.(B[m[32m.(B[m[32m.(B[m[32m.(B[m[32m.(B[m[32m.(B[m[32m.(B[m[32m.(B[m[32m.(B[m[32m.(B[m[32m.(B[m[32m.(B[m[32m.(B[m[32m.(B[m[32m.(B[m[32m.(B[m[32m.(B[m[32m.(B[m[32m.(B[m[32m.(B[m[32m.(B[m[32m.(B[m[32m.(B[m[32m.(B[m[32m.(B[m[32m.(B[m[32m.(B[m[32m.(B[m[32m.(B[m[32m.(B[m[32m.(B[m[32m.(B[m[32m.(B[m[32m.(B[m[32m.(B[m[32m.(B[m[32m.(B[m[32m.(B[m[32m.(B[m[32m.(B[m[32m.(B[m[32m.(B[m[32m.(B[m[32m.(B[m[32m.(B[m[32m.(B[m[32m.(B[m[32m.(B[m[32m.(B[m[32m.(B[m[32m.(B[m[32m.(B[m[32m.(B[m 87/109
[32m.(B[m[32m.(B[m[32m.(B[m[32m.(B[m[32m.(B[m[32m.(B[m[32m.(B[m[32m.(B[m[32m.(B[m[32m.(B[m[32m.(B[m[32m.(B[m[32m.(B[m[32m.(B[m[32m.(B[m[32m.(B[m[32m.(B[m[32m.(B[m[32m.(B[m[32m.(B[m[32m.(B[m[32m.(B[m
test result: [32mok(B[m. 109 passed; 0 failed; 0 ignored; 0 measured; 0 filtered out; finished in 0.01s

warning: `/home/daivy/.cargo/config` is deprecated in favor of `config.toml`
  |
  = help: if you need to support cargo 1.38 or earlier, you can symlink `config` to `config.toml`
warning: unused import: `crate::iface::Route`
 --> /home/daivy/projects/serial/work/StarryOS/crates/smoltcp/src/iface/interface/ipv6.rs:3:5
  |
3 | use crate::iface::Route;
  |     ^^^^^^^^^^^^^^^^^^^
  |
  = note: `#[warn(unused_imports)]` (part of `#[warn(unused)]`) on by default

warning: unused import: `super::fragmentation::PacketAssemblerSet`
  --> /home/daivy/projects/serial/work/StarryOS/crates/smoltcp/src/iface/interface/mod.rs:35:5
   |
35 | use super::fragmentation::PacketAssemblerSet;
   |     ^^^^^^^^^^^^^^^^^^^^^^^^^^^^^^^^^^^^^^^^

warning: unused imports: `IFACE_MAX_PREFIX_COUNT` and `IFACE_MAX_SIXLOWPAN_ADDRESS_CONTEXT_COUNT`
  --> /home/daivy/projects/serial/work/StarryOS/crates/smoltcp/src/iface/interface/mod.rs:42:27
   |
42 |     IFACE_MAX_ADDR_COUNT, IFACE_MAX_PREFIX_COUNT, IFACE_MAX_SIXLOWPAN_ADDRESS_CONTEXT_COUNT,
   |                           ^^^^^^^^^^^^^^^^^^^^^^  ^^^^^^^^^^^^^^^^^^^^^^^^^^^^^^^^^^^^^^^^^

warning: variable does not need to be mutable
   --> /home/daivy/projects/serial/work/StarryOS/crates/smoltcp/src/iface/interface/ipv4.rs:103:13
    |
103 |         let mut ipv4_repr = check!(Ipv4Repr::parse(ipv4_packet, &self.caps.checksum));
    |             ----^^^^^^^^^
    |             |
    |             help: remove this `mut`
    |
    = note: `#[warn(unused_mut)]` (part of `#[warn(unused)]`) on by default

warning: unused variable: `frag`
   --> /home/daivy/projects/serial/work/StarryOS/crates/smoltcp/src/iface/interface/ipv4.rs:101:9
    |
101 |         frag: &'a mut FragmentsBuffer,
    |         ^^^^ help: if this is intentional, prefix it with an underscore: `_frag`
    |
    = note: `#[warn(unused_variables)]` (part of `#[warn(unused)]`) on by default

warning: unused variable: `repr`
    --> /home/daivy/projects/serial/work/StarryOS/crates/smoltcp/src/iface/interface/mod.rs:1274:26
     |
1274 |             IpRepr::Ipv4(repr) => {
     |                          ^^^^ help: if this is intentional, prefix it with an underscore: `_repr`

warning: variable does not need to be mutable
   --> /home/daivy/projects/serial/work/StarryOS/crates/smoltcp/src/socket/dns.rs:247:13
    |
247 |         let mut mdns = MulticastDns::Disabled;
    |             ----^^^^
    |             |
    |             help: remove this `mut`

warning: methods `link_local_ipv6_address` and `mldv2_report_packet` are never used
   --> /home/daivy/projects/serial/work/StarryOS/crates/smoltcp/src/iface/interface/ipv6.rs:173:8
    |
 23 | impl InterfaceInner {
    | ------------------- methods in this implementation
...
173 |     fn link_local_ipv6_address(&self) -> Option<Ipv6Address> {
    |        ^^^^^^^^^^^^^^^^^^^^^^^
...
565 |     pub(super) fn mldv2_report_packet<'any>(
    |                   ^^^^^^^^^^^^^^^^^^^
    |
    = note: `#[warn(dead_code)]` (part of `#[warn(unused)]`) on by default

warning: variant `HopByHopIcmpv6` is never constructed
   --> /home/daivy/projects/serial/work/StarryOS/crates/smoltcp/src/iface/packet.rs:218:5
    |
210 | pub(crate) enum IpPayload<'p> {
    |                 --------- variant in this enum
...
218 |     HopByHopIcmpv6(Ipv6HopByHopRepr<'p>, Icmpv6Repr<'p>),
    |     ^^^^^^^^^^^^^^
    |
    = note: `IpPayload` has a derived impl for the trait `Debug`, but this is intentionally ignored during dead code analysis

warning: method `is_solicited_node_multicast` is never used
   --> /home/daivy/projects/serial/work/StarryOS/crates/smoltcp/src/wire/ipv6.rs:125:8
    |
 80 | pub(crate) trait AddressExt {
    |                  ---------- method in this trait
...
125 |     fn is_solicited_node_multicast(&self) -> bool;
    |        ^^^^^^^^^^^^^^^^^^^^^^^^^^^

warning: method `emit_header` is never used
   --> /home/daivy/projects/serial/work/StarryOS/crates/smoltcp/src/wire/udp.rs:275:19
    |
232 | impl Repr {
    | --------- method in this implementation
...
275 |     pub(crate) fn emit_header<T>(&self, packet: &mut Packet<&mut T>, payload_len: usize)
    |                   ^^^^^^^^^^^


running 109 tests
[32m.(B[m[32m.(B[m[32m.(B[m[32m.(B[m[32m.(B[m[32m.(B[m[32m.(B[m[32m.(B[m[32m.(B[m[32m.(B[m[32m.(B[m[32m.(B[m[32m.(B[m[32m.(B[m[32m.(B[m[32m.(B[m[32m.(B[m[32m.(B[m[32m.(B[m[32m.(B[m[32m.(B[m[32m.(B[m[32m.(B[m[32m.(B[m[32m.(B[m[32m.(B[m[32m.(B[m[32m.(B[m[32m.(B[m[32m.(B[m[32m.(B[m[32m.(B[m[32m.(B[m[32m.(B[m[32m.(B[m[32m.(B[m[32m.(B[m[32m.(B[m[32m.(B[m[32m.(B[m[32m.(B[m[32m.(B[m[32m.(B[m[32m.(B[m[32m.(B[m[32m.(B[m[32m.(B[m[32m.(B[m[32m.(B[m[32m.(B[m[32m.(B[m[32m.(B[m[32m.(B[m[32m.(B[m[32m.(B[m[32m.(B[m[32m.(B[m[32m.(B[m[32m.(B[m[32m.(B[m[32m.(B[m[32m.(B[m[32m.(B[m[32m.(B[m[32m.(B[m[32m.(B[m[32m.(B[m[32m.(B[m[32m.(B[m[32m.(B[m[32m.(B[m[32m.(B[m[32m.(B[m[32m.(B[m[32m.(B[m[32m.(B[m[32m.(B[m[32m.(B[m[32m.(B[m[32m.(B[m[32m.(B[m[32m.(B[m[32m.(B[m[32m.(B[m[32m.(B[m[32m.(B[m[32m.(B[m 87/109
[32m.(B[m[32m.(B[m[32m.(B[m[32m.(B[m[32m.(B[m[32m.(B[m[32m.(B[m[32m.(B[m[32m.(B[m[32m.(B[m[32m.(B[m[32m.(B[m[32m.(B[m[32m.(B[m[32m.(B[m[32m.(B[m[32m.(B[m[32m.(B[m[32m.(B[m[32m.(B[m[32m.(B[m[32m.(B[m
test result: [32mok(B[m. 109 passed; 0 failed; 0 ignored; 0 measured; 0 filtered out; finished in 0.02s

warning: `/home/daivy/.cargo/config` is deprecated in favor of `config.toml`
  |
  = help: if you need to support cargo 1.38 or earlier, you can symlink `config` to `config.toml`
warning: unused import: `crate::iface::Route`
 --> /home/daivy/projects/serial/work/StarryOS/crates/smoltcp/src/iface/interface/ipv6.rs:3:5
  |
3 | use crate::iface::Route;
  |     ^^^^^^^^^^^^^^^^^^^
  |
  = note: `#[warn(unused_imports)]` (part of `#[warn(unused)]`) on by default

warning: unused import: `super::fragmentation::PacketAssemblerSet`
  --> /home/daivy/projects/serial/work/StarryOS/crates/smoltcp/src/iface/interface/mod.rs:35:5
   |
35 | use super::fragmentation::PacketAssemblerSet;
   |     ^^^^^^^^^^^^^^^^^^^^^^^^^^^^^^^^^^^^^^^^

warning: unused imports: `IFACE_MAX_PREFIX_COUNT` and `IFACE_MAX_SIXLOWPAN_ADDRESS_CONTEXT_COUNT`
  --> /home/daivy/projects/serial/work/StarryOS/crates/smoltcp/src/iface/interface/mod.rs:42:27
   |
42 |     IFACE_MAX_ADDR_COUNT, IFACE_MAX_PREFIX_COUNT, IFACE_MAX_SIXLOWPAN_ADDRESS_CONTEXT_COUNT,
   |                           ^^^^^^^^^^^^^^^^^^^^^^  ^^^^^^^^^^^^^^^^^^^^^^^^^^^^^^^^^^^^^^^^^

warning: variable does not need to be mutable
   --> /home/daivy/projects/serial/work/StarryOS/crates/smoltcp/src/iface/interface/ipv4.rs:103:13
    |
103 |         let mut ipv4_repr = check!(Ipv4Repr::parse(ipv4_packet, &self.caps.checksum));
    |             ----^^^^^^^^^
    |             |
    |             help: remove this `mut`
    |
    = note: `#[warn(unused_mut)]` (part of `#[warn(unused)]`) on by default

warning: unused variable: `frag`
   --> /home/daivy/projects/serial/work/StarryOS/crates/smoltcp/src/iface/interface/ipv4.rs:101:9
    |
101 |         frag: &'a mut FragmentsBuffer,
    |         ^^^^ help: if this is intentional, prefix it with an underscore: `_frag`
    |
    = note: `#[warn(unused_variables)]` (part of `#[warn(unused)]`) on by default

warning: unused variable: `repr`
    --> /home/daivy/projects/serial/work/StarryOS/crates/smoltcp/src/iface/interface/mod.rs:1274:26
     |
1274 |             IpRepr::Ipv4(repr) => {
     |                          ^^^^ help: if this is intentional, prefix it with an underscore: `_repr`

warning: variable does not need to be mutable
   --> /home/daivy/projects/serial/work/StarryOS/crates/smoltcp/src/socket/dns.rs:247:13
    |
247 |         let mut mdns = MulticastDns::Disabled;
    |             ----^^^^
    |             |
    |             help: remove this `mut`

warning: methods `link_local_ipv6_address` and `mldv2_report_packet` are never used
   --> /home/daivy/projects/serial/work/StarryOS/crates/smoltcp/src/iface/interface/ipv6.rs:173:8
    |
 23 | impl InterfaceInner {
    | ------------------- methods in this implementation
...
173 |     fn link_local_ipv6_address(&self) -> Option<Ipv6Address> {
    |        ^^^^^^^^^^^^^^^^^^^^^^^
...
565 |     pub(super) fn mldv2_report_packet<'any>(
    |                   ^^^^^^^^^^^^^^^^^^^
    |
    = note: `#[warn(dead_code)]` (part of `#[warn(unused)]`) on by default

warning: variant `HopByHopIcmpv6` is never constructed
   --> /home/daivy/projects/serial/work/StarryOS/crates/smoltcp/src/iface/packet.rs:218:5
    |
210 | pub(crate) enum IpPayload<'p> {
    |                 --------- variant in this enum
...
218 |     HopByHopIcmpv6(Ipv6HopByHopRepr<'p>, Icmpv6Repr<'p>),
    |     ^^^^^^^^^^^^^^
    |
    = note: `IpPayload` has a derived impl for the trait `Debug`, but this is intentionally ignored during dead code analysis

warning: method `is_solicited_node_multicast` is never used
   --> /home/daivy/projects/serial/work/StarryOS/crates/smoltcp/src/wire/ipv6.rs:125:8
    |
 80 | pub(crate) trait AddressExt {
    |                  ---------- method in this trait
...
125 |     fn is_solicited_node_multicast(&self) -> bool;
    |        ^^^^^^^^^^^^^^^^^^^^^^^^^^^

warning: method `emit_header` is never used
   --> /home/daivy/projects/serial/work/StarryOS/crates/smoltcp/src/wire/udp.rs:275:19
    |
232 | impl Repr {
    | --------- method in this implementation
...
275 |     pub(crate) fn emit_header<T>(&self, packet: &mut Packet<&mut T>, payload_len: usize)
    |                   ^^^^^^^^^^^


running 109 tests
[32m.(B[m[32m.(B[m[32m.(B[m[32m.(B[m[32m.(B[m[32m.(B[m[32m.(B[m[32m.(B[m[32m.(B[m[32m.(B[m[32m.(B[m[32m.(B[m[32m.(B[m[32m.(B[m[32m.(B[m[32m.(B[m[32m.(B[m[32m.(B[m[32m.(B[m[32m.(B[m[32m.(B[m[32m.(B[m[32m.(B[m[32m.(B[m[32m.(B[m[32m.(B[m[32m.(B[m[32m.(B[m[32m.(B[m[32m.(B[m[32m.(B[m[32m.(B[m[32m.(B[m[32m.(B[m[32m.(B[m[32m.(B[m[32m.(B[m[32m.(B[m[32m.(B[m[32m.(B[m[32m.(B[m[32m.(B[m[32m.(B[m[32m.(B[m[32m.(B[m[32m.(B[m[32m.(B[m[32m.(B[m[32m.(B[m[32m.(B[m[32m.(B[m[32m.(B[m[32m.(B[m[32m.(B[m[32m.(B[m[32m.(B[m[32m.(B[m[32m.(B[m[32m.(B[m[32m.(B[m[32m.(B[m[32m.(B[m[32m.(B[m[32m.(B[m[32m.(B[m[32m.(B[m[32m.(B[m[32m.(B[m[32m.(B[m[32m.(B[m[32m.(B[m[32m.(B[m[32m.(B[m[32m.(B[m[32m.(B[m[32m.(B[m[32m.(B[m[32m.(B[m[32m.(B[m[32m.(B[m[32m.(B[m[32m.(B[m[32m.(B[m[32m.(B[m[32m.(B[m[32m.(B[m[32m.(B[m 87/109
[32m.(B[m[32m.(B[m[32m.(B[m[32m.(B[m[32m.(B[m[32m.(B[m[32m.(B[m[32m.(B[m[32m.(B[m[32m.(B[m[32m.(B[m[32m.(B[m[32m.(B[m[32m.(B[m[32m.(B[m[32m.(B[m[32m.(B[m[32m.(B[m[32m.(B[m[32m.(B[m[32m.(B[m[32m.(B[m
test result: [32mok(B[m. 109 passed; 0 failed; 0 ignored; 0 measured; 0 filtered out; finished in 0.01s

warning: `/home/daivy/.cargo/config` is deprecated in favor of `config.toml`
  |
  = help: if you need to support cargo 1.38 or earlier, you can symlink `config` to `config.toml`
warning: unused import: `crate::iface::Route`
 --> /home/daivy/projects/serial/work/StarryOS/crates/smoltcp/src/iface/interface/ipv6.rs:3:5
  |
3 | use crate::iface::Route;
  |     ^^^^^^^^^^^^^^^^^^^
  |
  = note: `#[warn(unused_imports)]` (part of `#[warn(unused)]`) on by default

warning: unused import: `super::fragmentation::PacketAssemblerSet`
  --> /home/daivy/projects/serial/work/StarryOS/crates/smoltcp/src/iface/interface/mod.rs:35:5
   |
35 | use super::fragmentation::PacketAssemblerSet;
   |     ^^^^^^^^^^^^^^^^^^^^^^^^^^^^^^^^^^^^^^^^

warning: unused imports: `IFACE_MAX_PREFIX_COUNT` and `IFACE_MAX_SIXLOWPAN_ADDRESS_CONTEXT_COUNT`
  --> /home/daivy/projects/serial/work/StarryOS/crates/smoltcp/src/iface/interface/mod.rs:42:27
   |
42 |     IFACE_MAX_ADDR_COUNT, IFACE_MAX_PREFIX_COUNT, IFACE_MAX_SIXLOWPAN_ADDRESS_CONTEXT_COUNT,
   |                           ^^^^^^^^^^^^^^^^^^^^^^  ^^^^^^^^^^^^^^^^^^^^^^^^^^^^^^^^^^^^^^^^^

warning: variable does not need to be mutable
   --> /home/daivy/projects/serial/work/StarryOS/crates/smoltcp/src/iface/interface/ipv4.rs:103:13
    |
103 |         let mut ipv4_repr = check!(Ipv4Repr::parse(ipv4_packet, &self.caps.checksum));
    |             ----^^^^^^^^^
    |             |
    |             help: remove this `mut`
    |
    = note: `#[warn(unused_mut)]` (part of `#[warn(unused)]`) on by default

warning: unused variable: `frag`
   --> /home/daivy/projects/serial/work/StarryOS/crates/smoltcp/src/iface/interface/ipv4.rs:101:9
    |
101 |         frag: &'a mut FragmentsBuffer,
    |         ^^^^ help: if this is intentional, prefix it with an underscore: `_frag`
    |
    = note: `#[warn(unused_variables)]` (part of `#[warn(unused)]`) on by default

warning: unused variable: `repr`
    --> /home/daivy/projects/serial/work/StarryOS/crates/smoltcp/src/iface/interface/mod.rs:1274:26
     |
1274 |             IpRepr::Ipv4(repr) => {
     |                          ^^^^ help: if this is intentional, prefix it with an underscore: `_repr`

warning: variable does not need to be mutable
   --> /home/daivy/projects/serial/work/StarryOS/crates/smoltcp/src/socket/dns.rs:247:13
    |
247 |         let mut mdns = MulticastDns::Disabled;
    |             ----^^^^
    |             |
    |             help: remove this `mut`

warning: methods `link_local_ipv6_address` and `mldv2_report_packet` are never used
   --> /home/daivy/projects/serial/work/StarryOS/crates/smoltcp/src/iface/interface/ipv6.rs:173:8
    |
 23 | impl InterfaceInner {
    | ------------------- methods in this implementation
...
173 |     fn link_local_ipv6_address(&self) -> Option<Ipv6Address> {
    |        ^^^^^^^^^^^^^^^^^^^^^^^
...
565 |     pub(super) fn mldv2_report_packet<'any>(
    |                   ^^^^^^^^^^^^^^^^^^^
    |
    = note: `#[warn(dead_code)]` (part of `#[warn(unused)]`) on by default

warning: variant `HopByHopIcmpv6` is never constructed
   --> /home/daivy/projects/serial/work/StarryOS/crates/smoltcp/src/iface/packet.rs:218:5
    |
210 | pub(crate) enum IpPayload<'p> {
    |                 --------- variant in this enum
...
218 |     HopByHopIcmpv6(Ipv6HopByHopRepr<'p>, Icmpv6Repr<'p>),
    |     ^^^^^^^^^^^^^^
    |
    = note: `IpPayload` has a derived impl for the trait `Debug`, but this is intentionally ignored during dead code analysis

warning: method `is_solicited_node_multicast` is never used
   --> /home/daivy/projects/serial/work/StarryOS/crates/smoltcp/src/wire/ipv6.rs:125:8
    |
 80 | pub(crate) trait AddressExt {
    |                  ---------- method in this trait
...
125 |     fn is_solicited_node_multicast(&self) -> bool;
    |        ^^^^^^^^^^^^^^^^^^^^^^^^^^^

warning: method `emit_header` is never used
   --> /home/daivy/projects/serial/work/StarryOS/crates/smoltcp/src/wire/udp.rs:275:19
    |
232 | impl Repr {
    | --------- method in this implementation
...
275 |     pub(crate) fn emit_header<T>(&self, packet: &mut Packet<&mut T>, payload_len: usize)
    |                   ^^^^^^^^^^^


running 109 tests
[32m.(B[m[32m.(B[m[32m.(B[m[32m.(B[m[32m.(B[m[32m.(B[m[32m.(B[m[32m.(B[m[32m.(B[m[32m.(B[m[32m.(B[m[32m.(B[m[32m.(B[m[32m.(B[m[32m.(B[m[32m.(B[m[32m.(B[m[32m.(B[m[32m.(B[m[32m.(B[m[32m.(B[m[32m.(B[m[32m.(B[m[32m.(B[m[32m.(B[m[32m.(B[m[32m.(B[m[32m.(B[m[32m.(B[m[32m.(B[m[32m.(B[m[32m.(B[m[32m.(B[m[32m.(B[m[32m.(B[m[32m.(B[m[32m.(B[m[32m.(B[m[32m.(B[m[32m.(B[m[32m.(B[m[32m.(B[m[32m.(B[m[32m.(B[m[32m.(B[m[32m.(B[m[32m.(B[m[32m.(B[m[32m.(B[m[32m.(B[m[32m.(B[m[32m.(B[m[32m.(B[m[32m.(B[m[32m.(B[m[32m.(B[m[32m.(B[m[32m.(B[m[32m.(B[m[32m.(B[m[32m.(B[m[32m.(B[m[32m.(B[m[32m.(B[m[32m.(B[m[32m.(B[m[32m.(B[m[32m.(B[m[32m.(B[m[32m.(B[m[32m.(B[m[32m.(B[m[32m.(B[m[32m.(B[m[32m.(B[m[32m.(B[m[32m.(B[m[32m.(B[m[32m.(B[m[32m.(B[m[32m.(B[m[32m.(B[m[32m.(B[m[32m.(B[m[32m.(B[m[32m.(B[m[32m.(B[m 87/109
[32m.(B[m[32m.(B[m[32m.(B[m[32m.(B[m[32m.(B[m[32m.(B[m[32m.(B[m[32m.(B[m[32m.(B[m[32m.(B[m[32m.(B[m[32m.(B[m[32m.(B[m[32m.(B[m[32m.(B[m[32m.(B[m[32m.(B[m[32m.(B[m[32m.(B[m[32m.(B[m[32m.(B[m[32m.(B[m
test result: [32mok(B[m. 109 passed; 0 failed; 0 ignored; 0 measured; 0 filtered out; finished in 0.02s

warning: `/home/daivy/.cargo/config` is deprecated in favor of `config.toml`
  |
  = help: if you need to support cargo 1.38 or earlier, you can symlink `config` to `config.toml`
warning: unused import: `crate::iface::Route`
 --> /home/daivy/projects/serial/work/StarryOS/crates/smoltcp/src/iface/interface/ipv6.rs:3:5
  |
3 | use crate::iface::Route;
  |     ^^^^^^^^^^^^^^^^^^^
  |
  = note: `#[warn(unused_imports)]` (part of `#[warn(unused)]`) on by default

warning: unused import: `super::fragmentation::PacketAssemblerSet`
  --> /home/daivy/projects/serial/work/StarryOS/crates/smoltcp/src/iface/interface/mod.rs:35:5
   |
35 | use super::fragmentation::PacketAssemblerSet;
   |     ^^^^^^^^^^^^^^^^^^^^^^^^^^^^^^^^^^^^^^^^

warning: unused imports: `IFACE_MAX_PREFIX_COUNT` and `IFACE_MAX_SIXLOWPAN_ADDRESS_CONTEXT_COUNT`
  --> /home/daivy/projects/serial/work/StarryOS/crates/smoltcp/src/iface/interface/mod.rs:42:27
   |
42 |     IFACE_MAX_ADDR_COUNT, IFACE_MAX_PREFIX_COUNT, IFACE_MAX_SIXLOWPAN_ADDRESS_CONTEXT_COUNT,
   |                           ^^^^^^^^^^^^^^^^^^^^^^  ^^^^^^^^^^^^^^^^^^^^^^^^^^^^^^^^^^^^^^^^^

warning: variable does not need to be mutable
   --> /home/daivy/projects/serial/work/StarryOS/crates/smoltcp/src/iface/interface/ipv4.rs:103:13
    |
103 |         let mut ipv4_repr = check!(Ipv4Repr::parse(ipv4_packet, &self.caps.checksum));
    |             ----^^^^^^^^^
    |             |
    |             help: remove this `mut`
    |
    = note: `#[warn(unused_mut)]` (part of `#[warn(unused)]`) on by default

warning: unused variable: `frag`
   --> /home/daivy/projects/serial/work/StarryOS/crates/smoltcp/src/iface/interface/ipv4.rs:101:9
    |
101 |         frag: &'a mut FragmentsBuffer,
    |         ^^^^ help: if this is intentional, prefix it with an underscore: `_frag`
    |
    = note: `#[warn(unused_variables)]` (part of `#[warn(unused)]`) on by default

warning: unused variable: `repr`
    --> /home/daivy/projects/serial/work/StarryOS/crates/smoltcp/src/iface/interface/mod.rs:1274:26
     |
1274 |             IpRepr::Ipv4(repr) => {
     |                          ^^^^ help: if this is intentional, prefix it with an underscore: `_repr`

warning: variable does not need to be mutable
   --> /home/daivy/projects/serial/work/StarryOS/crates/smoltcp/src/socket/dns.rs:247:13
    |
247 |         let mut mdns = MulticastDns::Disabled;
    |             ----^^^^
    |             |
    |             help: remove this `mut`

warning: methods `link_local_ipv6_address` and `mldv2_report_packet` are never used
   --> /home/daivy/projects/serial/work/StarryOS/crates/smoltcp/src/iface/interface/ipv6.rs:173:8
    |
 23 | impl InterfaceInner {
    | ------------------- methods in this implementation
...
173 |     fn link_local_ipv6_address(&self) -> Option<Ipv6Address> {
    |        ^^^^^^^^^^^^^^^^^^^^^^^
...
565 |     pub(super) fn mldv2_report_packet<'any>(
    |                   ^^^^^^^^^^^^^^^^^^^
    |
    = note: `#[warn(dead_code)]` (part of `#[warn(unused)]`) on by default

warning: variant `HopByHopIcmpv6` is never constructed
   --> /home/daivy/projects/serial/work/StarryOS/crates/smoltcp/src/iface/packet.rs:218:5
    |
210 | pub(crate) enum IpPayload<'p> {
    |                 --------- variant in this enum
...
218 |     HopByHopIcmpv6(Ipv6HopByHopRepr<'p>, Icmpv6Repr<'p>),
    |     ^^^^^^^^^^^^^^
    |
    = note: `IpPayload` has a derived impl for the trait `Debug`, but this is intentionally ignored during dead code analysis

warning: method `is_solicited_node_multicast` is never used
   --> /home/daivy/projects/serial/work/StarryOS/crates/smoltcp/src/wire/ipv6.rs:125:8
    |
 80 | pub(crate) trait AddressExt {
    |                  ---------- method in this trait
...
125 |     fn is_solicited_node_multicast(&self) -> bool;
    |        ^^^^^^^^^^^^^^^^^^^^^^^^^^^

warning: method `emit_header` is never used
   --> /home/daivy/projects/serial/work/StarryOS/crates/smoltcp/src/wire/udp.rs:275:19
    |
232 | impl Repr {
    | --------- method in this implementation
...
275 |     pub(crate) fn emit_header<T>(&self, packet: &mut Packet<&mut T>, payload_len: usize)
    |                   ^^^^^^^^^^^


running 109 tests
[32m.(B[m[32m.(B[m[32m.(B[m[32m.(B[m[32m.(B[m[32m.(B[m[32m.(B[m[32m.(B[m[32m.(B[m[32m.(B[m[32m.(B[m[32m.(B[m[32m.(B[m[32m.(B[m[32m.(B[m[32m.(B[m[32m.(B[m[32m.(B[m[32m.(B[m[32m.(B[m[32m.(B[m[32m.(B[m[32m.(B[m[32m.(B[m[32m.(B[m[32m.(B[m[32m.(B[m[32m.(B[m[32m.(B[m[32m.(B[m[32m.(B[m[32m.(B[m[32m.(B[m[32m.(B[m[32m.(B[m[32m.(B[m[32m.(B[m[32m.(B[m[32m.(B[m[32m.(B[m[32m.(B[m[32m.(B[m[32m.(B[m[32m.(B[m[32m.(B[m[32m.(B[m[32m.(B[m[32m.(B[m[32m.(B[m[32m.(B[m[32m.(B[m[32m.(B[m[32m.(B[m[32m.(B[m[32m.(B[m[32m.(B[m[32m.(B[m[32m.(B[m[32m.(B[m[32m.(B[m[32m.(B[m[32m.(B[m[32m.(B[m[32m.(B[m[32m.(B[m[32m.(B[m[32m.(B[m[32m.(B[m[32m.(B[m[32m.(B[m[32m.(B[m[32m.(B[m[32m.(B[m[32m.(B[m[32m.(B[m[32m.(B[m[32m.(B[m[32m.(B[m[32m.(B[m[32m.(B[m[32m.(B[m[32m.(B[m[32m.(B[m[32m.(B[m[32m.(B[m[32m.(B[m[32m.(B[m 87/109
[32m.(B[m[32m.(B[m[32m.(B[m[32m.(B[m[32m.(B[m[32m.(B[m[32m.(B[m[32m.(B[m[32m.(B[m[32m.(B[m[32m.(B[m[32m.(B[m[32m.(B[m[32m.(B[m[32m.(B[m[32m.(B[m[32m.(B[m[32m.(B[m[32m.(B[m[32m.(B[m[32m.(B[m[32m.(B[m
test result: [32mok(B[m. 109 passed; 0 failed; 0 ignored; 0 measured; 0 filtered out; finished in 0.02s

warning: `/home/daivy/.cargo/config` is deprecated in favor of `config.toml`
  |
  = help: if you need to support cargo 1.38 or earlier, you can symlink `config` to `config.toml`
warning: unused import: `crate::iface::Route`
 --> /home/daivy/projects/serial/work/StarryOS/crates/smoltcp/src/iface/interface/ipv6.rs:3:5
  |
3 | use crate::iface::Route;
  |     ^^^^^^^^^^^^^^^^^^^
  |
  = note: `#[warn(unused_imports)]` (part of `#[warn(unused)]`) on by default

warning: unused import: `super::fragmentation::PacketAssemblerSet`
  --> /home/daivy/projects/serial/work/StarryOS/crates/smoltcp/src/iface/interface/mod.rs:35:5
   |
35 | use super::fragmentation::PacketAssemblerSet;
   |     ^^^^^^^^^^^^^^^^^^^^^^^^^^^^^^^^^^^^^^^^

warning: unused imports: `IFACE_MAX_PREFIX_COUNT` and `IFACE_MAX_SIXLOWPAN_ADDRESS_CONTEXT_COUNT`
  --> /home/daivy/projects/serial/work/StarryOS/crates/smoltcp/src/iface/interface/mod.rs:42:27
   |
42 |     IFACE_MAX_ADDR_COUNT, IFACE_MAX_PREFIX_COUNT, IFACE_MAX_SIXLOWPAN_ADDRESS_CONTEXT_COUNT,
   |                           ^^^^^^^^^^^^^^^^^^^^^^  ^^^^^^^^^^^^^^^^^^^^^^^^^^^^^^^^^^^^^^^^^

warning: variable does not need to be mutable
   --> /home/daivy/projects/serial/work/StarryOS/crates/smoltcp/src/iface/interface/ipv4.rs:103:13
    |
103 |         let mut ipv4_repr = check!(Ipv4Repr::parse(ipv4_packet, &self.caps.checksum));
    |             ----^^^^^^^^^
    |             |
    |             help: remove this `mut`
    |
    = note: `#[warn(unused_mut)]` (part of `#[warn(unused)]`) on by default

warning: unused variable: `frag`
   --> /home/daivy/projects/serial/work/StarryOS/crates/smoltcp/src/iface/interface/ipv4.rs:101:9
    |
101 |         frag: &'a mut FragmentsBuffer,
    |         ^^^^ help: if this is intentional, prefix it with an underscore: `_frag`
    |
    = note: `#[warn(unused_variables)]` (part of `#[warn(unused)]`) on by default

warning: unused variable: `repr`
    --> /home/daivy/projects/serial/work/StarryOS/crates/smoltcp/src/iface/interface/mod.rs:1274:26
     |
1274 |             IpRepr::Ipv4(repr) => {
     |                          ^^^^ help: if this is intentional, prefix it with an underscore: `_repr`

warning: variable does not need to be mutable
   --> /home/daivy/projects/serial/work/StarryOS/crates/smoltcp/src/socket/dns.rs:247:13
    |
247 |         let mut mdns = MulticastDns::Disabled;
    |             ----^^^^
    |             |
    |             help: remove this `mut`

warning: methods `link_local_ipv6_address` and `mldv2_report_packet` are never used
   --> /home/daivy/projects/serial/work/StarryOS/crates/smoltcp/src/iface/interface/ipv6.rs:173:8
    |
 23 | impl InterfaceInner {
    | ------------------- methods in this implementation
...
173 |     fn link_local_ipv6_address(&self) -> Option<Ipv6Address> {
    |        ^^^^^^^^^^^^^^^^^^^^^^^
...
565 |     pub(super) fn mldv2_report_packet<'any>(
    |                   ^^^^^^^^^^^^^^^^^^^
    |
    = note: `#[warn(dead_code)]` (part of `#[warn(unused)]`) on by default

warning: variant `HopByHopIcmpv6` is never constructed
   --> /home/daivy/projects/serial/work/StarryOS/crates/smoltcp/src/iface/packet.rs:218:5
    |
210 | pub(crate) enum IpPayload<'p> {
    |                 --------- variant in this enum
...
218 |     HopByHopIcmpv6(Ipv6HopByHopRepr<'p>, Icmpv6Repr<'p>),
    |     ^^^^^^^^^^^^^^
    |
    = note: `IpPayload` has a derived impl for the trait `Debug`, but this is intentionally ignored during dead code analysis

warning: method `is_solicited_node_multicast` is never used
   --> /home/daivy/projects/serial/work/StarryOS/crates/smoltcp/src/wire/ipv6.rs:125:8
    |
 80 | pub(crate) trait AddressExt {
    |                  ---------- method in this trait
...
125 |     fn is_solicited_node_multicast(&self) -> bool;
    |        ^^^^^^^^^^^^^^^^^^^^^^^^^^^

warning: method `emit_header` is never used
   --> /home/daivy/projects/serial/work/StarryOS/crates/smoltcp/src/wire/udp.rs:275:19
    |
232 | impl Repr {
    | --------- method in this implementation
...
275 |     pub(crate) fn emit_header<T>(&self, packet: &mut Packet<&mut T>, payload_len: usize)
    |                   ^^^^^^^^^^^


running 109 tests
[32m.(B[m[32m.(B[m[32m.(B[m[32m.(B[m[32m.(B[m[32m.(B[m[32m.(B[m[32m.(B[m[32m.(B[m[32m.(B[m[32m.(B[m[32m.(B[m[32m.(B[m[32m.(B[m[32m.(B[m[32m.(B[m[32m.(B[m[32m.(B[m[32m.(B[m[32m.(B[m[32m.(B[m[32m.(B[m[32m.(B[m[32m.(B[m[32m.(B[m[32m.(B[m[32m.(B[m[32m.(B[m[32m.(B[m[32m.(B[m[32m.(B[m[32m.(B[m[32m.(B[m[32m.(B[m[32m.(B[m[32m.(B[m[32m.(B[m[32m.(B[m[32m.(B[m[32m.(B[m[32m.(B[m[32m.(B[m[32m.(B[m[32m.(B[m[32m.(B[m[32m.(B[m[32m.(B[m[32m.(B[m[32m.(B[m[32m.(B[m[32m.(B[m[32m.(B[m[32m.(B[m[32m.(B[m[32m.(B[m[32m.(B[m[32m.(B[m[32m.(B[m[32m.(B[m[32m.(B[m[32m.(B[m[32m.(B[m[32m.(B[m[32m.(B[m[32m.(B[m[32m.(B[m[32m.(B[m[32m.(B[m[32m.(B[m[32m.(B[m[32m.(B[m[32m.(B[m[32m.(B[m[32m.(B[m[32m.(B[m[32m.(B[m[32m.(B[m[32m.(B[m[32m.(B[m[32m.(B[m[32m.(B[m[32m.(B[m[32m.(B[m[32m.(B[m[32m.(B[m[32m.(B[m[32m.(B[m 87/109
[32m.(B[m[32m.(B[m[32m.(B[m[32m.(B[m[32m.(B[m[32m.(B[m[32m.(B[m[32m.(B[m[32m.(B[m[32m.(B[m[32m.(B[m[32m.(B[m[32m.(B[m[32m.(B[m[32m.(B[m[32m.(B[m[32m.(B[m[32m.(B[m[32m.(B[m[32m.(B[m[32m.(B[m[32m.(B[m
test result: [32mok(B[m. 109 passed; 0 failed; 0 ignored; 0 measured; 0 filtered out; finished in 0.01s

warning: `/home/daivy/.cargo/config` is deprecated in favor of `config.toml`
  |
  = help: if you need to support cargo 1.38 or earlier, you can symlink `config` to `config.toml`
warning: unused import: `crate::iface::Route`
 --> /home/daivy/projects/serial/work/StarryOS/crates/smoltcp/src/iface/interface/ipv6.rs:3:5
  |
3 | use crate::iface::Route;
  |     ^^^^^^^^^^^^^^^^^^^
  |
  = note: `#[warn(unused_imports)]` (part of `#[warn(unused)]`) on by default

warning: unused import: `super::fragmentation::PacketAssemblerSet`
  --> /home/daivy/projects/serial/work/StarryOS/crates/smoltcp/src/iface/interface/mod.rs:35:5
   |
35 | use super::fragmentation::PacketAssemblerSet;
   |     ^^^^^^^^^^^^^^^^^^^^^^^^^^^^^^^^^^^^^^^^

warning: unused imports: `IFACE_MAX_PREFIX_COUNT` and `IFACE_MAX_SIXLOWPAN_ADDRESS_CONTEXT_COUNT`
  --> /home/daivy/projects/serial/work/StarryOS/crates/smoltcp/src/iface/interface/mod.rs:42:27
   |
42 |     IFACE_MAX_ADDR_COUNT, IFACE_MAX_PREFIX_COUNT, IFACE_MAX_SIXLOWPAN_ADDRESS_CONTEXT_COUNT,
   |                           ^^^^^^^^^^^^^^^^^^^^^^  ^^^^^^^^^^^^^^^^^^^^^^^^^^^^^^^^^^^^^^^^^

warning: variable does not need to be mutable
   --> /home/daivy/projects/serial/work/StarryOS/crates/smoltcp/src/iface/interface/ipv4.rs:103:13
    |
103 |         let mut ipv4_repr = check!(Ipv4Repr::parse(ipv4_packet, &self.caps.checksum));
    |             ----^^^^^^^^^
    |             |
    |             help: remove this `mut`
    |
    = note: `#[warn(unused_mut)]` (part of `#[warn(unused)]`) on by default

warning: unused variable: `frag`
   --> /home/daivy/projects/serial/work/StarryOS/crates/smoltcp/src/iface/interface/ipv4.rs:101:9
    |
101 |         frag: &'a mut FragmentsBuffer,
    |         ^^^^ help: if this is intentional, prefix it with an underscore: `_frag`
    |
    = note: `#[warn(unused_variables)]` (part of `#[warn(unused)]`) on by default

warning: unused variable: `repr`
    --> /home/daivy/projects/serial/work/StarryOS/crates/smoltcp/src/iface/interface/mod.rs:1274:26
     |
1274 |             IpRepr::Ipv4(repr) => {
     |                          ^^^^ help: if this is intentional, prefix it with an underscore: `_repr`

warning: variable does not need to be mutable
   --> /home/daivy/projects/serial/work/StarryOS/crates/smoltcp/src/socket/dns.rs:247:13
    |
247 |         let mut mdns = MulticastDns::Disabled;
    |             ----^^^^
    |             |
    |             help: remove this `mut`

warning: methods `link_local_ipv6_address` and `mldv2_report_packet` are never used
   --> /home/daivy/projects/serial/work/StarryOS/crates/smoltcp/src/iface/interface/ipv6.rs:173:8
    |
 23 | impl InterfaceInner {
    | ------------------- methods in this implementation
...
173 |     fn link_local_ipv6_address(&self) -> Option<Ipv6Address> {
    |        ^^^^^^^^^^^^^^^^^^^^^^^
...
565 |     pub(super) fn mldv2_report_packet<'any>(
    |                   ^^^^^^^^^^^^^^^^^^^
    |
    = note: `#[warn(dead_code)]` (part of `#[warn(unused)]`) on by default

warning: variant `HopByHopIcmpv6` is never constructed
   --> /home/daivy/projects/serial/work/StarryOS/crates/smoltcp/src/iface/packet.rs:218:5
    |
210 | pub(crate) enum IpPayload<'p> {
    |                 --------- variant in this enum
...
218 |     HopByHopIcmpv6(Ipv6HopByHopRepr<'p>, Icmpv6Repr<'p>),
    |     ^^^^^^^^^^^^^^
    |
    = note: `IpPayload` has a derived impl for the trait `Debug`, but this is intentionally ignored during dead code analysis

warning: method `is_solicited_node_multicast` is never used
   --> /home/daivy/projects/serial/work/StarryOS/crates/smoltcp/src/wire/ipv6.rs:125:8
    |
 80 | pub(crate) trait AddressExt {
    |                  ---------- method in this trait
...
125 |     fn is_solicited_node_multicast(&self) -> bool;
    |        ^^^^^^^^^^^^^^^^^^^^^^^^^^^

warning: method `emit_header` is never used
   --> /home/daivy/projects/serial/work/StarryOS/crates/smoltcp/src/wire/udp.rs:275:19
    |
232 | impl Repr {
    | --------- method in this implementation
...
275 |     pub(crate) fn emit_header<T>(&self, packet: &mut Packet<&mut T>, payload_len: usize)
    |                   ^^^^^^^^^^^


running 109 tests
[32m.(B[m[32m.(B[m[32m.(B[m[32m.(B[m[32m.(B[m[32m.(B[m[32m.(B[m[32m.(B[m[32m.(B[m[32m.(B[m[32m.(B[m[32m.(B[m[32m.(B[m[32m.(B[m[32m.(B[m[32m.(B[m[32m.(B[m[32m.(B[m[32m.(B[m[32m.(B[m[32m.(B[m[32m.(B[m[32m.(B[m[32m.(B[m[32m.(B[m[32m.(B[m[32m.(B[m[32m.(B[m[32m.(B[m[32m.(B[m[32m.(B[m[32m.(B[m[32m.(B[m[32m.(B[m[32m.(B[m[32m.(B[m[32m.(B[m[32m.(B[m[32m.(B[m[32m.(B[m[32m.(B[m[32m.(B[m[32m.(B[m[32m.(B[m[32m.(B[m[32m.(B[m[32m.(B[m[32m.(B[m[32m.(B[m[32m.(B[m[32m.(B[m[32m.(B[m[32m.(B[m[32m.(B[m[32m.(B[m[32m.(B[m[32m.(B[m[32m.(B[m[32m.(B[m[32m.(B[m[32m.(B[m[32m.(B[m[32m.(B[m[32m.(B[m[32m.(B[m[32m.(B[m[32m.(B[m[32m.(B[m[32m.(B[m[32m.(B[m[32m.(B[m[32m.(B[m[32m.(B[m[32m.(B[m[32m.(B[m[32m.(B[m[32m.(B[m[32m.(B[m[32m.(B[m[32m.(B[m[32m.(B[m[32m.(B[m[32m.(B[m[32m.(B[m[32m.(B[m[32m.(B[m[32m.(B[m 87/109
[32m.(B[m[32m.(B[m[32m.(B[m[32m.(B[m[32m.(B[m[32m.(B[m[32m.(B[m[32m.(B[m[32m.(B[m[32m.(B[m[32m.(B[m[32m.(B[m[32m.(B[m[32m.(B[m[32m.(B[m[32m.(B[m[32m.(B[m[32m.(B[m[32m.(B[m[32m.(B[m[32m.(B[m[32m.(B[m
test result: [32mok(B[m. 109 passed; 0 failed; 0 ignored; 0 measured; 0 filtered out; finished in 0.02s

warning: `/home/daivy/.cargo/config` is deprecated in favor of `config.toml`
  |
  = help: if you need to support cargo 1.38 or earlier, you can symlink `config` to `config.toml`
warning: unused import: `crate::iface::Route`
 --> /home/daivy/projects/serial/work/StarryOS/crates/smoltcp/src/iface/interface/ipv6.rs:3:5
  |
3 | use crate::iface::Route;
  |     ^^^^^^^^^^^^^^^^^^^
  |
  = note: `#[warn(unused_imports)]` (part of `#[warn(unused)]`) on by default

warning: unused import: `super::fragmentation::PacketAssemblerSet`
  --> /home/daivy/projects/serial/work/StarryOS/crates/smoltcp/src/iface/interface/mod.rs:35:5
   |
35 | use super::fragmentation::PacketAssemblerSet;
   |     ^^^^^^^^^^^^^^^^^^^^^^^^^^^^^^^^^^^^^^^^

warning: unused imports: `IFACE_MAX_PREFIX_COUNT` and `IFACE_MAX_SIXLOWPAN_ADDRESS_CONTEXT_COUNT`
  --> /home/daivy/projects/serial/work/StarryOS/crates/smoltcp/src/iface/interface/mod.rs:42:27
   |
42 |     IFACE_MAX_ADDR_COUNT, IFACE_MAX_PREFIX_COUNT, IFACE_MAX_SIXLOWPAN_ADDRESS_CONTEXT_COUNT,
   |                           ^^^^^^^^^^^^^^^^^^^^^^  ^^^^^^^^^^^^^^^^^^^^^^^^^^^^^^^^^^^^^^^^^

warning: variable does not need to be mutable
   --> /home/daivy/projects/serial/work/StarryOS/crates/smoltcp/src/iface/interface/ipv4.rs:103:13
    |
103 |         let mut ipv4_repr = check!(Ipv4Repr::parse(ipv4_packet, &self.caps.checksum));
    |             ----^^^^^^^^^
    |             |
    |             help: remove this `mut`
    |
    = note: `#[warn(unused_mut)]` (part of `#[warn(unused)]`) on by default

warning: unused variable: `frag`
   --> /home/daivy/projects/serial/work/StarryOS/crates/smoltcp/src/iface/interface/ipv4.rs:101:9
    |
101 |         frag: &'a mut FragmentsBuffer,
    |         ^^^^ help: if this is intentional, prefix it with an underscore: `_frag`
    |
    = note: `#[warn(unused_variables)]` (part of `#[warn(unused)]`) on by default

warning: unused variable: `repr`
    --> /home/daivy/projects/serial/work/StarryOS/crates/smoltcp/src/iface/interface/mod.rs:1274:26
     |
1274 |             IpRepr::Ipv4(repr) => {
     |                          ^^^^ help: if this is intentional, prefix it with an underscore: `_repr`

warning: variable does not need to be mutable
   --> /home/daivy/projects/serial/work/StarryOS/crates/smoltcp/src/socket/dns.rs:247:13
    |
247 |         let mut mdns = MulticastDns::Disabled;
    |             ----^^^^
    |             |
    |             help: remove this `mut`

warning: methods `link_local_ipv6_address` and `mldv2_report_packet` are never used
   --> /home/daivy/projects/serial/work/StarryOS/crates/smoltcp/src/iface/interface/ipv6.rs:173:8
    |
 23 | impl InterfaceInner {
    | ------------------- methods in this implementation
...
173 |     fn link_local_ipv6_address(&self) -> Option<Ipv6Address> {
    |        ^^^^^^^^^^^^^^^^^^^^^^^
...
565 |     pub(super) fn mldv2_report_packet<'any>(
    |                   ^^^^^^^^^^^^^^^^^^^
    |
    = note: `#[warn(dead_code)]` (part of `#[warn(unused)]`) on by default

warning: variant `HopByHopIcmpv6` is never constructed
   --> /home/daivy/projects/serial/work/StarryOS/crates/smoltcp/src/iface/packet.rs:218:5
    |
210 | pub(crate) enum IpPayload<'p> {
    |                 --------- variant in this enum
...
218 |     HopByHopIcmpv6(Ipv6HopByHopRepr<'p>, Icmpv6Repr<'p>),
    |     ^^^^^^^^^^^^^^
    |
    = note: `IpPayload` has a derived impl for the trait `Debug`, but this is intentionally ignored during dead code analysis

warning: method `is_solicited_node_multicast` is never used
   --> /home/daivy/projects/serial/work/StarryOS/crates/smoltcp/src/wire/ipv6.rs:125:8
    |
 80 | pub(crate) trait AddressExt {
    |                  ---------- method in this trait
...
125 |     fn is_solicited_node_multicast(&self) -> bool;
    |        ^^^^^^^^^^^^^^^^^^^^^^^^^^^

warning: method `emit_header` is never used
   --> /home/daivy/projects/serial/work/StarryOS/crates/smoltcp/src/wire/udp.rs:275:19
    |
232 | impl Repr {
    | --------- method in this implementation
...
275 |     pub(crate) fn emit_header<T>(&self, packet: &mut Packet<&mut T>, payload_len: usize)
    |                   ^^^^^^^^^^^


running 109 tests
[32m.(B[m[32m.(B[m[32m.(B[m[32m.(B[m[32m.(B[m[32m.(B[m[32m.(B[m[32m.(B[m[32m.(B[m[32m.(B[m[32m.(B[m[32m.(B[m[32m.(B[m[32m.(B[m[32m.(B[m[32m.(B[m[32m.(B[m[32m.(B[m[32m.(B[m[32m.(B[m[32m.(B[m[32m.(B[m[32m.(B[m[32m.(B[m[32m.(B[m[32m.(B[m[32m.(B[m[32m.(B[m[32m.(B[m[32m.(B[m[32m.(B[m[32m.(B[m[32m.(B[m[32m.(B[m[32m.(B[m[32m.(B[m[32m.(B[m[32m.(B[m[32m.(B[m[32m.(B[m[32m.(B[m[32m.(B[m[32m.(B[m[32m.(B[m[32m.(B[m[32m.(B[m[32m.(B[m[32m.(B[m[32m.(B[m[32m.(B[m[32m.(B[m[32m.(B[m[32m.(B[m[32m.(B[m[32m.(B[m[32m.(B[m[32m.(B[m[32m.(B[m[32m.(B[m[32m.(B[m[32m.(B[m[32m.(B[m[32m.(B[m[32m.(B[m[32m.(B[m[32m.(B[m[32m.(B[m[32m.(B[m[32m.(B[m[32m.(B[m[32m.(B[m[32m.(B[m[32m.(B[m[32m.(B[m[32m.(B[m[32m.(B[m[32m.(B[m[32m.(B[m[32m.(B[m[32m.(B[m[32m.(B[m[32m.(B[m[32m.(B[m[32m.(B[m[32m.(B[m[32m.(B[m[32m.(B[m 87/109
[32m.(B[m[32m.(B[m[32m.(B[m[32m.(B[m[32m.(B[m[32m.(B[m[32m.(B[m[32m.(B[m[32m.(B[m[32m.(B[m[32m.(B[m[32m.(B[m[32m.(B[m[32m.(B[m[32m.(B[m[32m.(B[m[32m.(B[m[32m.(B[m[32m.(B[m[32m.(B[m[32m.(B[m[32m.(B[m
test result: [32mok(B[m. 109 passed; 0 failed; 0 ignored; 0 measured; 0 filtered out; finished in 0.01s

warning: `/home/daivy/.cargo/config` is deprecated in favor of `config.toml`
  |
  = help: if you need to support cargo 1.38 or earlier, you can symlink `config` to `config.toml`
warning: unused import: `crate::iface::Route`
 --> /home/daivy/projects/serial/work/StarryOS/crates/smoltcp/src/iface/interface/ipv6.rs:3:5
  |
3 | use crate::iface::Route;
  |     ^^^^^^^^^^^^^^^^^^^
  |
  = note: `#[warn(unused_imports)]` (part of `#[warn(unused)]`) on by default

warning: unused import: `super::fragmentation::PacketAssemblerSet`
  --> /home/daivy/projects/serial/work/StarryOS/crates/smoltcp/src/iface/interface/mod.rs:35:5
   |
35 | use super::fragmentation::PacketAssemblerSet;
   |     ^^^^^^^^^^^^^^^^^^^^^^^^^^^^^^^^^^^^^^^^

warning: unused imports: `IFACE_MAX_PREFIX_COUNT` and `IFACE_MAX_SIXLOWPAN_ADDRESS_CONTEXT_COUNT`
  --> /home/daivy/projects/serial/work/StarryOS/crates/smoltcp/src/iface/interface/mod.rs:42:27
   |
42 |     IFACE_MAX_ADDR_COUNT, IFACE_MAX_PREFIX_COUNT, IFACE_MAX_SIXLOWPAN_ADDRESS_CONTEXT_COUNT,
   |                           ^^^^^^^^^^^^^^^^^^^^^^  ^^^^^^^^^^^^^^^^^^^^^^^^^^^^^^^^^^^^^^^^^

warning: variable does not need to be mutable
   --> /home/daivy/projects/serial/work/StarryOS/crates/smoltcp/src/iface/interface/ipv4.rs:103:13
    |
103 |         let mut ipv4_repr = check!(Ipv4Repr::parse(ipv4_packet, &self.caps.checksum));
    |             ----^^^^^^^^^
    |             |
    |             help: remove this `mut`
    |
    = note: `#[warn(unused_mut)]` (part of `#[warn(unused)]`) on by default

warning: unused variable: `frag`
   --> /home/daivy/projects/serial/work/StarryOS/crates/smoltcp/src/iface/interface/ipv4.rs:101:9
    |
101 |         frag: &'a mut FragmentsBuffer,
    |         ^^^^ help: if this is intentional, prefix it with an underscore: `_frag`
    |
    = note: `#[warn(unused_variables)]` (part of `#[warn(unused)]`) on by default

warning: unused variable: `repr`
    --> /home/daivy/projects/serial/work/StarryOS/crates/smoltcp/src/iface/interface/mod.rs:1274:26
     |
1274 |             IpRepr::Ipv4(repr) => {
     |                          ^^^^ help: if this is intentional, prefix it with an underscore: `_repr`

warning: variable does not need to be mutable
   --> /home/daivy/projects/serial/work/StarryOS/crates/smoltcp/src/socket/dns.rs:247:13
    |
247 |         let mut mdns = MulticastDns::Disabled;
    |             ----^^^^
    |             |
    |             help: remove this `mut`

warning: methods `link_local_ipv6_address` and `mldv2_report_packet` are never used
   --> /home/daivy/projects/serial/work/StarryOS/crates/smoltcp/src/iface/interface/ipv6.rs:173:8
    |
 23 | impl InterfaceInner {
    | ------------------- methods in this implementation
...
173 |     fn link_local_ipv6_address(&self) -> Option<Ipv6Address> {
    |        ^^^^^^^^^^^^^^^^^^^^^^^
...
565 |     pub(super) fn mldv2_report_packet<'any>(
    |                   ^^^^^^^^^^^^^^^^^^^
    |
    = note: `#[warn(dead_code)]` (part of `#[warn(unused)]`) on by default

warning: variant `HopByHopIcmpv6` is never constructed
   --> /home/daivy/projects/serial/work/StarryOS/crates/smoltcp/src/iface/packet.rs:218:5
    |
210 | pub(crate) enum IpPayload<'p> {
    |                 --------- variant in this enum
...
218 |     HopByHopIcmpv6(Ipv6HopByHopRepr<'p>, Icmpv6Repr<'p>),
    |     ^^^^^^^^^^^^^^
    |
    = note: `IpPayload` has a derived impl for the trait `Debug`, but this is intentionally ignored during dead code analysis

warning: method `is_solicited_node_multicast` is never used
   --> /home/daivy/projects/serial/work/StarryOS/crates/smoltcp/src/wire/ipv6.rs:125:8
    |
 80 | pub(crate) trait AddressExt {
    |                  ---------- method in this trait
...
125 |     fn is_solicited_node_multicast(&self) -> bool;
    |        ^^^^^^^^^^^^^^^^^^^^^^^^^^^

warning: method `emit_header` is never used
   --> /home/daivy/projects/serial/work/StarryOS/crates/smoltcp/src/wire/udp.rs:275:19
    |
232 | impl Repr {
    | --------- method in this implementation
...
275 |     pub(crate) fn emit_header<T>(&self, packet: &mut Packet<&mut T>, payload_len: usize)
    |                   ^^^^^^^^^^^


running 109 tests
[32m.(B[m[32m.(B[m[32m.(B[m[32m.(B[m[32m.(B[m[32m.(B[m[32m.(B[m[32m.(B[m[32m.(B[m[32m.(B[m[32m.(B[m[32m.(B[m[32m.(B[m[32m.(B[m[32m.(B[m[32m.(B[m[32m.(B[m[32m.(B[m[32m.(B[m[32m.(B[m[32m.(B[m[32m.(B[m[32m.(B[m[32m.(B[m[32m.(B[m[32m.(B[m[32m.(B[m[32m.(B[m[32m.(B[m[32m.(B[m[32m.(B[m[32m.(B[m[32m.(B[m[32m.(B[m[32m.(B[m[32m.(B[m[32m.(B[m[32m.(B[m[32m.(B[m[32m.(B[m[32m.(B[m[32m.(B[m[32m.(B[m[32m.(B[m[32m.(B[m[32m.(B[m[32m.(B[m[32m.(B[m[32m.(B[m[32m.(B[m[32m.(B[m[32m.(B[m[32m.(B[m[32m.(B[m[32m.(B[m[32m.(B[m[32m.(B[m[32m.(B[m[32m.(B[m[32m.(B[m[32m.(B[m[32m.(B[m[32m.(B[m[32m.(B[m[32m.(B[m[32m.(B[m[32m.(B[m[32m.(B[m[32m.(B[m[32m.(B[m[32m.(B[m[32m.(B[m[32m.(B[m[32m.(B[m[32m.(B[m[32m.(B[m[32m.(B[m[32m.(B[m[32m.(B[m[32m.(B[m[32m.(B[m[32m.(B[m[32m.(B[m[32m.(B[m[32m.(B[m[32m.(B[m[32m.(B[m 87/109
[32m.(B[m[32m.(B[m[32m.(B[m[32m.(B[m[32m.(B[m[32m.(B[m[32m.(B[m[32m.(B[m[32m.(B[m[32m.(B[m[32m.(B[m[32m.(B[m[32m.(B[m[32m.(B[m[32m.(B[m[32m.(B[m[32m.(B[m[32m.(B[m[32m.(B[m[32m.(B[m[32m.(B[m[32m.(B[m
test result: [32mok(B[m. 109 passed; 0 failed; 0 ignored; 0 measured; 0 filtered out; finished in 0.01s

warning: `/home/daivy/.cargo/config` is deprecated in favor of `config.toml`
  |
  = help: if you need to support cargo 1.38 or earlier, you can symlink `config` to `config.toml`
warning: unused import: `crate::iface::Route`
 --> /home/daivy/projects/serial/work/StarryOS/crates/smoltcp/src/iface/interface/ipv6.rs:3:5
  |
3 | use crate::iface::Route;
  |     ^^^^^^^^^^^^^^^^^^^
  |
  = note: `#[warn(unused_imports)]` (part of `#[warn(unused)]`) on by default

warning: unused import: `super::fragmentation::PacketAssemblerSet`
  --> /home/daivy/projects/serial/work/StarryOS/crates/smoltcp/src/iface/interface/mod.rs:35:5
   |
35 | use super::fragmentation::PacketAssemblerSet;
   |     ^^^^^^^^^^^^^^^^^^^^^^^^^^^^^^^^^^^^^^^^

warning: unused imports: `IFACE_MAX_PREFIX_COUNT` and `IFACE_MAX_SIXLOWPAN_ADDRESS_CONTEXT_COUNT`
  --> /home/daivy/projects/serial/work/StarryOS/crates/smoltcp/src/iface/interface/mod.rs:42:27
   |
42 |     IFACE_MAX_ADDR_COUNT, IFACE_MAX_PREFIX_COUNT, IFACE_MAX_SIXLOWPAN_ADDRESS_CONTEXT_COUNT,
   |                           ^^^^^^^^^^^^^^^^^^^^^^  ^^^^^^^^^^^^^^^^^^^^^^^^^^^^^^^^^^^^^^^^^

warning: variable does not need to be mutable
   --> /home/daivy/projects/serial/work/StarryOS/crates/smoltcp/src/iface/interface/ipv4.rs:103:13
    |
103 |         let mut ipv4_repr = check!(Ipv4Repr::parse(ipv4_packet, &self.caps.checksum));
    |             ----^^^^^^^^^
    |             |
    |             help: remove this `mut`
    |
    = note: `#[warn(unused_mut)]` (part of `#[warn(unused)]`) on by default

warning: unused variable: `frag`
   --> /home/daivy/projects/serial/work/StarryOS/crates/smoltcp/src/iface/interface/ipv4.rs:101:9
    |
101 |         frag: &'a mut FragmentsBuffer,
    |         ^^^^ help: if this is intentional, prefix it with an underscore: `_frag`
    |
    = note: `#[warn(unused_variables)]` (part of `#[warn(unused)]`) on by default

warning: unused variable: `repr`
    --> /home/daivy/projects/serial/work/StarryOS/crates/smoltcp/src/iface/interface/mod.rs:1274:26
     |
1274 |             IpRepr::Ipv4(repr) => {
     |                          ^^^^ help: if this is intentional, prefix it with an underscore: `_repr`

warning: variable does not need to be mutable
   --> /home/daivy/projects/serial/work/StarryOS/crates/smoltcp/src/socket/dns.rs:247:13
    |
247 |         let mut mdns = MulticastDns::Disabled;
    |             ----^^^^
    |             |
    |             help: remove this `mut`

warning: methods `link_local_ipv6_address` and `mldv2_report_packet` are never used
   --> /home/daivy/projects/serial/work/StarryOS/crates/smoltcp/src/iface/interface/ipv6.rs:173:8
    |
 23 | impl InterfaceInner {
    | ------------------- methods in this implementation
...
173 |     fn link_local_ipv6_address(&self) -> Option<Ipv6Address> {
    |        ^^^^^^^^^^^^^^^^^^^^^^^
...
565 |     pub(super) fn mldv2_report_packet<'any>(
    |                   ^^^^^^^^^^^^^^^^^^^
    |
    = note: `#[warn(dead_code)]` (part of `#[warn(unused)]`) on by default

warning: variant `HopByHopIcmpv6` is never constructed
   --> /home/daivy/projects/serial/work/StarryOS/crates/smoltcp/src/iface/packet.rs:218:5
    |
210 | pub(crate) enum IpPayload<'p> {
    |                 --------- variant in this enum
...
218 |     HopByHopIcmpv6(Ipv6HopByHopRepr<'p>, Icmpv6Repr<'p>),
    |     ^^^^^^^^^^^^^^
    |
    = note: `IpPayload` has a derived impl for the trait `Debug`, but this is intentionally ignored during dead code analysis

warning: method `is_solicited_node_multicast` is never used
   --> /home/daivy/projects/serial/work/StarryOS/crates/smoltcp/src/wire/ipv6.rs:125:8
    |
 80 | pub(crate) trait AddressExt {
    |                  ---------- method in this trait
...
125 |     fn is_solicited_node_multicast(&self) -> bool;
    |        ^^^^^^^^^^^^^^^^^^^^^^^^^^^

warning: method `emit_header` is never used
   --> /home/daivy/projects/serial/work/StarryOS/crates/smoltcp/src/wire/udp.rs:275:19
    |
232 | impl Repr {
    | --------- method in this implementation
...
275 |     pub(crate) fn emit_header<T>(&self, packet: &mut Packet<&mut T>, payload_len: usize)
    |                   ^^^^^^^^^^^


running 109 tests
[32m.(B[m[32m.(B[m[32m.(B[m[32m.(B[m[32m.(B[m[32m.(B[m[32m.(B[m[32m.(B[m[32m.(B[m[32m.(B[m[32m.(B[m[32m.(B[m[32m.(B[m[32m.(B[m[32m.(B[m[32m.(B[m[32m.(B[m[32m.(B[m[32m.(B[m[32m.(B[m[32m.(B[m[32m.(B[m[32m.(B[m[32m.(B[m[32m.(B[m[32m.(B[m[32m.(B[m[32m.(B[m[32m.(B[m[32m.(B[m[32m.(B[m[32m.(B[m[32m.(B[m[32m.(B[m[32m.(B[m[32m.(B[m[32m.(B[m[32m.(B[m[32m.(B[m[32m.(B[m[32m.(B[m[32m.(B[m[32m.(B[m[32m.(B[m[32m.(B[m[32m.(B[m[32m.(B[m[32m.(B[m[32m.(B[m[32m.(B[m[32m.(B[m[32m.(B[m[32m.(B[m[32m.(B[m[32m.(B[m[32m.(B[m[32m.(B[m[32m.(B[m[32m.(B[m[32m.(B[m[32m.(B[m[32m.(B[m[32m.(B[m[32m.(B[m[32m.(B[m[32m.(B[m[32m.(B[m[32m.(B[m[32m.(B[m[32m.(B[m[32m.(B[m[32m.(B[m[32m.(B[m[32m.(B[m[32m.(B[m[32m.(B[m[32m.(B[m[32m.(B[m[32m.(B[m[32m.(B[m[32m.(B[m[32m.(B[m[32m.(B[m[32m.(B[m[32m.(B[m[32m.(B[m[32m.(B[m 87/109
[32m.(B[m[32m.(B[m[32m.(B[m[32m.(B[m[32m.(B[m[32m.(B[m[32m.(B[m[32m.(B[m[32m.(B[m[32m.(B[m[32m.(B[m[32m.(B[m[32m.(B[m[32m.(B[m[32m.(B[m[32m.(B[m[32m.(B[m[32m.(B[m[32m.(B[m[32m.(B[m[32m.(B[m[32m.(B[m
test result: [32mok(B[m. 109 passed; 0 failed; 0 ignored; 0 measured; 0 filtered out; finished in 0.01s

warning: `/home/daivy/.cargo/config` is deprecated in favor of `config.toml`
  |
  = help: if you need to support cargo 1.38 or earlier, you can symlink `config` to `config.toml`
warning: unused import: `crate::iface::Route`
 --> /home/daivy/projects/serial/work/StarryOS/crates/smoltcp/src/iface/interface/ipv6.rs:3:5
  |
3 | use crate::iface::Route;
  |     ^^^^^^^^^^^^^^^^^^^
  |
  = note: `#[warn(unused_imports)]` (part of `#[warn(unused)]`) on by default

warning: unused import: `super::fragmentation::PacketAssemblerSet`
  --> /home/daivy/projects/serial/work/StarryOS/crates/smoltcp/src/iface/interface/mod.rs:35:5
   |
35 | use super::fragmentation::PacketAssemblerSet;
   |     ^^^^^^^^^^^^^^^^^^^^^^^^^^^^^^^^^^^^^^^^

warning: unused imports: `IFACE_MAX_PREFIX_COUNT` and `IFACE_MAX_SIXLOWPAN_ADDRESS_CONTEXT_COUNT`
  --> /home/daivy/projects/serial/work/StarryOS/crates/smoltcp/src/iface/interface/mod.rs:42:27
   |
42 |     IFACE_MAX_ADDR_COUNT, IFACE_MAX_PREFIX_COUNT, IFACE_MAX_SIXLOWPAN_ADDRESS_CONTEXT_COUNT,
   |                           ^^^^^^^^^^^^^^^^^^^^^^  ^^^^^^^^^^^^^^^^^^^^^^^^^^^^^^^^^^^^^^^^^

warning: variable does not need to be mutable
   --> /home/daivy/projects/serial/work/StarryOS/crates/smoltcp/src/iface/interface/ipv4.rs:103:13
    |
103 |         let mut ipv4_repr = check!(Ipv4Repr::parse(ipv4_packet, &self.caps.checksum));
    |             ----^^^^^^^^^
    |             |
    |             help: remove this `mut`
    |
    = note: `#[warn(unused_mut)]` (part of `#[warn(unused)]`) on by default

warning: unused variable: `frag`
   --> /home/daivy/projects/serial/work/StarryOS/crates/smoltcp/src/iface/interface/ipv4.rs:101:9
    |
101 |         frag: &'a mut FragmentsBuffer,
    |         ^^^^ help: if this is intentional, prefix it with an underscore: `_frag`
    |
    = note: `#[warn(unused_variables)]` (part of `#[warn(unused)]`) on by default

warning: unused variable: `repr`
    --> /home/daivy/projects/serial/work/StarryOS/crates/smoltcp/src/iface/interface/mod.rs:1274:26
     |
1274 |             IpRepr::Ipv4(repr) => {
     |                          ^^^^ help: if this is intentional, prefix it with an underscore: `_repr`

warning: variable does not need to be mutable
   --> /home/daivy/projects/serial/work/StarryOS/crates/smoltcp/src/socket/dns.rs:247:13
    |
247 |         let mut mdns = MulticastDns::Disabled;
    |             ----^^^^
    |             |
    |             help: remove this `mut`

warning: methods `link_local_ipv6_address` and `mldv2_report_packet` are never used
   --> /home/daivy/projects/serial/work/StarryOS/crates/smoltcp/src/iface/interface/ipv6.rs:173:8
    |
 23 | impl InterfaceInner {
    | ------------------- methods in this implementation
...
173 |     fn link_local_ipv6_address(&self) -> Option<Ipv6Address> {
    |        ^^^^^^^^^^^^^^^^^^^^^^^
...
565 |     pub(super) fn mldv2_report_packet<'any>(
    |                   ^^^^^^^^^^^^^^^^^^^
    |
    = note: `#[warn(dead_code)]` (part of `#[warn(unused)]`) on by default

warning: variant `HopByHopIcmpv6` is never constructed
   --> /home/daivy/projects/serial/work/StarryOS/crates/smoltcp/src/iface/packet.rs:218:5
    |
210 | pub(crate) enum IpPayload<'p> {
    |                 --------- variant in this enum
...
218 |     HopByHopIcmpv6(Ipv6HopByHopRepr<'p>, Icmpv6Repr<'p>),
    |     ^^^^^^^^^^^^^^
    |
    = note: `IpPayload` has a derived impl for the trait `Debug`, but this is intentionally ignored during dead code analysis

warning: method `is_solicited_node_multicast` is never used
   --> /home/daivy/projects/serial/work/StarryOS/crates/smoltcp/src/wire/ipv6.rs:125:8
    |
 80 | pub(crate) trait AddressExt {
    |                  ---------- method in this trait
...
125 |     fn is_solicited_node_multicast(&self) -> bool;
    |        ^^^^^^^^^^^^^^^^^^^^^^^^^^^

warning: method `emit_header` is never used
   --> /home/daivy/projects/serial/work/StarryOS/crates/smoltcp/src/wire/udp.rs:275:19
    |
232 | impl Repr {
    | --------- method in this implementation
...
275 |     pub(crate) fn emit_header<T>(&self, packet: &mut Packet<&mut T>, payload_len: usize)
    |                   ^^^^^^^^^^^


running 109 tests
[32m.(B[m[32m.(B[m[32m.(B[m[32m.(B[m[32m.(B[m[32m.(B[m[32m.(B[m[32m.(B[m[32m.(B[m[32m.(B[m[32m.(B[m[32m.(B[m[32m.(B[m[32m.(B[m[32m.(B[m[32m.(B[m[32m.(B[m[32m.(B[m[32m.(B[m[32m.(B[m[32m.(B[m[32m.(B[m[32m.(B[m[32m.(B[m[32m.(B[m[32m.(B[m[32m.(B[m[32m.(B[m[32m.(B[m[32m.(B[m[32m.(B[m[32m.(B[m[32m.(B[m[32m.(B[m[32m.(B[m[32m.(B[m[32m.(B[m[32m.(B[m[32m.(B[m[32m.(B[m[32m.(B[m[32m.(B[m[32m.(B[m[32m.(B[m[32m.(B[m[32m.(B[m[32m.(B[m[32m.(B[m[32m.(B[m[32m.(B[m[32m.(B[m[32m.(B[m[32m.(B[m[32m.(B[m[32m.(B[m[32m.(B[m[32m.(B[m[32m.(B[m[32m.(B[m[32m.(B[m[32m.(B[m[32m.(B[m[32m.(B[m[32m.(B[m[32m.(B[m[32m.(B[m[32m.(B[m[32m.(B[m[32m.(B[m[32m.(B[m[32m.(B[m[32m.(B[m[32m.(B[m[32m.(B[m[32m.(B[m[32m.(B[m[32m.(B[m[32m.(B[m[32m.(B[m[32m.(B[m[32m.(B[m[32m.(B[m[32m.(B[m[32m.(B[m[32m.(B[m[32m.(B[m[32m.(B[m 87/109
[32m.(B[m[32m.(B[m[32m.(B[m[32m.(B[m[32m.(B[m[32m.(B[m[32m.(B[m[32m.(B[m[32m.(B[m[32m.(B[m[32m.(B[m[32m.(B[m[32m.(B[m[32m.(B[m[32m.(B[m[32m.(B[m[32m.(B[m[32m.(B[m[32m.(B[m[32m.(B[m[32m.(B[m[32m.(B[m
test result: [32mok(B[m. 109 passed; 0 failed; 0 ignored; 0 measured; 0 filtered out; finished in 0.02s

warning: `/home/daivy/.cargo/config` is deprecated in favor of `config.toml`
  |
  = help: if you need to support cargo 1.38 or earlier, you can symlink `config` to `config.toml`
warning: unused import: `crate::iface::Route`
 --> /home/daivy/projects/serial/work/StarryOS/crates/smoltcp/src/iface/interface/ipv6.rs:3:5
  |
3 | use crate::iface::Route;
  |     ^^^^^^^^^^^^^^^^^^^
  |
  = note: `#[warn(unused_imports)]` (part of `#[warn(unused)]`) on by default

warning: unused import: `super::fragmentation::PacketAssemblerSet`
  --> /home/daivy/projects/serial/work/StarryOS/crates/smoltcp/src/iface/interface/mod.rs:35:5
   |
35 | use super::fragmentation::PacketAssemblerSet;
   |     ^^^^^^^^^^^^^^^^^^^^^^^^^^^^^^^^^^^^^^^^

warning: unused imports: `IFACE_MAX_PREFIX_COUNT` and `IFACE_MAX_SIXLOWPAN_ADDRESS_CONTEXT_COUNT`
  --> /home/daivy/projects/serial/work/StarryOS/crates/smoltcp/src/iface/interface/mod.rs:42:27
   |
42 |     IFACE_MAX_ADDR_COUNT, IFACE_MAX_PREFIX_COUNT, IFACE_MAX_SIXLOWPAN_ADDRESS_CONTEXT_COUNT,
   |                           ^^^^^^^^^^^^^^^^^^^^^^  ^^^^^^^^^^^^^^^^^^^^^^^^^^^^^^^^^^^^^^^^^

warning: variable does not need to be mutable
   --> /home/daivy/projects/serial/work/StarryOS/crates/smoltcp/src/iface/interface/ipv4.rs:103:13
    |
103 |         let mut ipv4_repr = check!(Ipv4Repr::parse(ipv4_packet, &self.caps.checksum));
    |             ----^^^^^^^^^
    |             |
    |             help: remove this `mut`
    |
    = note: `#[warn(unused_mut)]` (part of `#[warn(unused)]`) on by default

warning: unused variable: `frag`
   --> /home/daivy/projects/serial/work/StarryOS/crates/smoltcp/src/iface/interface/ipv4.rs:101:9
    |
101 |         frag: &'a mut FragmentsBuffer,
    |         ^^^^ help: if this is intentional, prefix it with an underscore: `_frag`
    |
    = note: `#[warn(unused_variables)]` (part of `#[warn(unused)]`) on by default

warning: unused variable: `repr`
    --> /home/daivy/projects/serial/work/StarryOS/crates/smoltcp/src/iface/interface/mod.rs:1274:26
     |
1274 |             IpRepr::Ipv4(repr) => {
     |                          ^^^^ help: if this is intentional, prefix it with an underscore: `_repr`

warning: variable does not need to be mutable
   --> /home/daivy/projects/serial/work/StarryOS/crates/smoltcp/src/socket/dns.rs:247:13
    |
247 |         let mut mdns = MulticastDns::Disabled;
    |             ----^^^^
    |             |
    |             help: remove this `mut`

warning: methods `link_local_ipv6_address` and `mldv2_report_packet` are never used
   --> /home/daivy/projects/serial/work/StarryOS/crates/smoltcp/src/iface/interface/ipv6.rs:173:8
    |
 23 | impl InterfaceInner {
    | ------------------- methods in this implementation
...
173 |     fn link_local_ipv6_address(&self) -> Option<Ipv6Address> {
    |        ^^^^^^^^^^^^^^^^^^^^^^^
...
565 |     pub(super) fn mldv2_report_packet<'any>(
    |                   ^^^^^^^^^^^^^^^^^^^
    |
    = note: `#[warn(dead_code)]` (part of `#[warn(unused)]`) on by default

warning: variant `HopByHopIcmpv6` is never constructed
   --> /home/daivy/projects/serial/work/StarryOS/crates/smoltcp/src/iface/packet.rs:218:5
    |
210 | pub(crate) enum IpPayload<'p> {
    |                 --------- variant in this enum
...
218 |     HopByHopIcmpv6(Ipv6HopByHopRepr<'p>, Icmpv6Repr<'p>),
    |     ^^^^^^^^^^^^^^
    |
    = note: `IpPayload` has a derived impl for the trait `Debug`, but this is intentionally ignored during dead code analysis

warning: method `is_solicited_node_multicast` is never used
   --> /home/daivy/projects/serial/work/StarryOS/crates/smoltcp/src/wire/ipv6.rs:125:8
    |
 80 | pub(crate) trait AddressExt {
    |                  ---------- method in this trait
...
125 |     fn is_solicited_node_multicast(&self) -> bool;
    |        ^^^^^^^^^^^^^^^^^^^^^^^^^^^

warning: method `emit_header` is never used
   --> /home/daivy/projects/serial/work/StarryOS/crates/smoltcp/src/wire/udp.rs:275:19
    |
232 | impl Repr {
    | --------- method in this implementation
...
275 |     pub(crate) fn emit_header<T>(&self, packet: &mut Packet<&mut T>, payload_len: usize)
    |                   ^^^^^^^^^^^


running 109 tests
[32m.(B[m[32m.(B[m[32m.(B[m[32m.(B[m[32m.(B[m[32m.(B[m[32m.(B[m[32m.(B[m[32m.(B[m[32m.(B[m[32m.(B[m[32m.(B[m[32m.(B[m[32m.(B[m[32m.(B[m[32m.(B[m[32m.(B[m[32m.(B[m[32m.(B[m[32m.(B[m[32m.(B[m[32m.(B[m[32m.(B[m[32m.(B[m[32m.(B[m[32m.(B[m[32m.(B[m[32m.(B[m[32m.(B[m[32m.(B[m[32m.(B[m[32m.(B[m[32m.(B[m[32m.(B[m[32m.(B[m[32m.(B[m[32m.(B[m[32m.(B[m[32m.(B[m[32m.(B[m[32m.(B[m[32m.(B[m[32m.(B[m[32m.(B[m[32m.(B[m[32m.(B[m[32m.(B[m[32m.(B[m[32m.(B[m[32m.(B[m[32m.(B[m[32m.(B[m[32m.(B[m[32m.(B[m[32m.(B[m[32m.(B[m[32m.(B[m[32m.(B[m[32m.(B[m[32m.(B[m[32m.(B[m[32m.(B[m[32m.(B[m[32m.(B[m[32m.(B[m[32m.(B[m[32m.(B[m[32m.(B[m[32m.(B[m[32m.(B[m[32m.(B[m[32m.(B[m[32m.(B[m[32m.(B[m[32m.(B[m[32m.(B[m[32m.(B[m[32m.(B[m[32m.(B[m[32m.(B[m[32m.(B[m[32m.(B[m[32m.(B[m[32m.(B[m[32m.(B[m[32m.(B[m[32m.(B[m 87/109
[32m.(B[m[32m.(B[m[32m.(B[m[32m.(B[m[32m.(B[m[32m.(B[m[32m.(B[m[32m.(B[m[32m.(B[m[32m.(B[m[32m.(B[m[32m.(B[m[32m.(B[m[32m.(B[m[32m.(B[m[32m.(B[m[32m.(B[m[32m.(B[m[32m.(B[m[32m.(B[m[32m.(B[m[32m.(B[m
test result: [32mok(B[m. 109 passed; 0 failed; 0 ignored; 0 measured; 0 filtered out; finished in 0.01s

warning: `/home/daivy/.cargo/config` is deprecated in favor of `config.toml`
  |
  = help: if you need to support cargo 1.38 or earlier, you can symlink `config` to `config.toml`
warning: unused import: `crate::iface::Route`
 --> /home/daivy/projects/serial/work/StarryOS/crates/smoltcp/src/iface/interface/ipv6.rs:3:5
  |
3 | use crate::iface::Route;
  |     ^^^^^^^^^^^^^^^^^^^
  |
  = note: `#[warn(unused_imports)]` (part of `#[warn(unused)]`) on by default

warning: unused import: `super::fragmentation::PacketAssemblerSet`
  --> /home/daivy/projects/serial/work/StarryOS/crates/smoltcp/src/iface/interface/mod.rs:35:5
   |
35 | use super::fragmentation::PacketAssemblerSet;
   |     ^^^^^^^^^^^^^^^^^^^^^^^^^^^^^^^^^^^^^^^^

warning: unused imports: `IFACE_MAX_PREFIX_COUNT` and `IFACE_MAX_SIXLOWPAN_ADDRESS_CONTEXT_COUNT`
  --> /home/daivy/projects/serial/work/StarryOS/crates/smoltcp/src/iface/interface/mod.rs:42:27
   |
42 |     IFACE_MAX_ADDR_COUNT, IFACE_MAX_PREFIX_COUNT, IFACE_MAX_SIXLOWPAN_ADDRESS_CONTEXT_COUNT,
   |                           ^^^^^^^^^^^^^^^^^^^^^^  ^^^^^^^^^^^^^^^^^^^^^^^^^^^^^^^^^^^^^^^^^

warning: variable does not need to be mutable
   --> /home/daivy/projects/serial/work/StarryOS/crates/smoltcp/src/iface/interface/ipv4.rs:103:13
    |
103 |         let mut ipv4_repr = check!(Ipv4Repr::parse(ipv4_packet, &self.caps.checksum));
    |             ----^^^^^^^^^
    |             |
    |             help: remove this `mut`
    |
    = note: `#[warn(unused_mut)]` (part of `#[warn(unused)]`) on by default

warning: unused variable: `frag`
   --> /home/daivy/projects/serial/work/StarryOS/crates/smoltcp/src/iface/interface/ipv4.rs:101:9
    |
101 |         frag: &'a mut FragmentsBuffer,
    |         ^^^^ help: if this is intentional, prefix it with an underscore: `_frag`
    |
    = note: `#[warn(unused_variables)]` (part of `#[warn(unused)]`) on by default

warning: unused variable: `repr`
    --> /home/daivy/projects/serial/work/StarryOS/crates/smoltcp/src/iface/interface/mod.rs:1274:26
     |
1274 |             IpRepr::Ipv4(repr) => {
     |                          ^^^^ help: if this is intentional, prefix it with an underscore: `_repr`

warning: variable does not need to be mutable
   --> /home/daivy/projects/serial/work/StarryOS/crates/smoltcp/src/socket/dns.rs:247:13
    |
247 |         let mut mdns = MulticastDns::Disabled;
    |             ----^^^^
    |             |
    |             help: remove this `mut`

warning: methods `link_local_ipv6_address` and `mldv2_report_packet` are never used
   --> /home/daivy/projects/serial/work/StarryOS/crates/smoltcp/src/iface/interface/ipv6.rs:173:8
    |
 23 | impl InterfaceInner {
    | ------------------- methods in this implementation
...
173 |     fn link_local_ipv6_address(&self) -> Option<Ipv6Address> {
    |        ^^^^^^^^^^^^^^^^^^^^^^^
...
565 |     pub(super) fn mldv2_report_packet<'any>(
    |                   ^^^^^^^^^^^^^^^^^^^
    |
    = note: `#[warn(dead_code)]` (part of `#[warn(unused)]`) on by default

warning: variant `HopByHopIcmpv6` is never constructed
   --> /home/daivy/projects/serial/work/StarryOS/crates/smoltcp/src/iface/packet.rs:218:5
    |
210 | pub(crate) enum IpPayload<'p> {
    |                 --------- variant in this enum
...
218 |     HopByHopIcmpv6(Ipv6HopByHopRepr<'p>, Icmpv6Repr<'p>),
    |     ^^^^^^^^^^^^^^
    |
    = note: `IpPayload` has a derived impl for the trait `Debug`, but this is intentionally ignored during dead code analysis

warning: method `is_solicited_node_multicast` is never used
   --> /home/daivy/projects/serial/work/StarryOS/crates/smoltcp/src/wire/ipv6.rs:125:8
    |
 80 | pub(crate) trait AddressExt {
    |                  ---------- method in this trait
...
125 |     fn is_solicited_node_multicast(&self) -> bool;
    |        ^^^^^^^^^^^^^^^^^^^^^^^^^^^

warning: method `emit_header` is never used
   --> /home/daivy/projects/serial/work/StarryOS/crates/smoltcp/src/wire/udp.rs:275:19
    |
232 | impl Repr {
    | --------- method in this implementation
...
275 |     pub(crate) fn emit_header<T>(&self, packet: &mut Packet<&mut T>, payload_len: usize)
    |                   ^^^^^^^^^^^


running 109 tests
[32m.(B[m[32m.(B[m[32m.(B[m[32m.(B[m[32m.(B[m[32m.(B[m[32m.(B[m[32m.(B[m[32m.(B[m[32m.(B[m[32m.(B[m[32m.(B[m[32m.(B[m[32m.(B[m[32m.(B[m[32m.(B[m[32m.(B[m[32m.(B[m[32m.(B[m[32m.(B[m[32m.(B[m[32m.(B[m[32m.(B[m[32m.(B[m[32m.(B[m[32m.(B[m[32m.(B[m[32m.(B[m[32m.(B[m[32m.(B[m[32m.(B[m[32m.(B[m[32m.(B[m[32m.(B[m[32m.(B[m[32m.(B[m[32m.(B[m[32m.(B[m[32m.(B[m[32m.(B[m[32m.(B[m[32m.(B[m[32m.(B[m[32m.(B[m[32m.(B[m[32m.(B[m[32m.(B[m[32m.(B[m[32m.(B[m[32m.(B[m[32m.(B[m[32m.(B[m[32m.(B[m[32m.(B[m[32m.(B[m[32m.(B[m[32m.(B[m[32m.(B[m[32m.(B[m[32m.(B[m[32m.(B[m[32m.(B[m[32m.(B[m[32m.(B[m[32m.(B[m[32m.(B[m[32m.(B[m[32m.(B[m[32m.(B[m[32m.(B[m[32m.(B[m[32m.(B[m[32m.(B[m[32m.(B[m[32m.(B[m[32m.(B[m[32m.(B[m[32m.(B[m[32m.(B[m[32m.(B[m[32m.(B[m[32m.(B[m[32m.(B[m[32m.(B[m[32m.(B[m[32m.(B[m[32m.(B[m 87/109
[32m.(B[m[32m.(B[m[32m.(B[m[32m.(B[m[32m.(B[m[32m.(B[m[32m.(B[m[32m.(B[m[32m.(B[m[32m.(B[m[32m.(B[m[32m.(B[m[32m.(B[m[32m.(B[m[32m.(B[m[32m.(B[m[32m.(B[m[32m.(B[m[32m.(B[m[32m.(B[m[32m.(B[m[32m.(B[m
test result: [32mok(B[m. 109 passed; 0 failed; 0 ignored; 0 measured; 0 filtered out; finished in 0.01s

warning: `/home/daivy/.cargo/config` is deprecated in favor of `config.toml`
  |
  = help: if you need to support cargo 1.38 or earlier, you can symlink `config` to `config.toml`
warning: unused import: `crate::iface::Route`
 --> /home/daivy/projects/serial/work/StarryOS/crates/smoltcp/src/iface/interface/ipv6.rs:3:5
  |
3 | use crate::iface::Route;
  |     ^^^^^^^^^^^^^^^^^^^
  |
  = note: `#[warn(unused_imports)]` (part of `#[warn(unused)]`) on by default

warning: unused import: `super::fragmentation::PacketAssemblerSet`
  --> /home/daivy/projects/serial/work/StarryOS/crates/smoltcp/src/iface/interface/mod.rs:35:5
   |
35 | use super::fragmentation::PacketAssemblerSet;
   |     ^^^^^^^^^^^^^^^^^^^^^^^^^^^^^^^^^^^^^^^^

warning: unused imports: `IFACE_MAX_PREFIX_COUNT` and `IFACE_MAX_SIXLOWPAN_ADDRESS_CONTEXT_COUNT`
  --> /home/daivy/projects/serial/work/StarryOS/crates/smoltcp/src/iface/interface/mod.rs:42:27
   |
42 |     IFACE_MAX_ADDR_COUNT, IFACE_MAX_PREFIX_COUNT, IFACE_MAX_SIXLOWPAN_ADDRESS_CONTEXT_COUNT,
   |                           ^^^^^^^^^^^^^^^^^^^^^^  ^^^^^^^^^^^^^^^^^^^^^^^^^^^^^^^^^^^^^^^^^

warning: variable does not need to be mutable
   --> /home/daivy/projects/serial/work/StarryOS/crates/smoltcp/src/iface/interface/ipv4.rs:103:13
    |
103 |         let mut ipv4_repr = check!(Ipv4Repr::parse(ipv4_packet, &self.caps.checksum));
    |             ----^^^^^^^^^
    |             |
    |             help: remove this `mut`
    |
    = note: `#[warn(unused_mut)]` (part of `#[warn(unused)]`) on by default

warning: unused variable: `frag`
   --> /home/daivy/projects/serial/work/StarryOS/crates/smoltcp/src/iface/interface/ipv4.rs:101:9
    |
101 |         frag: &'a mut FragmentsBuffer,
    |         ^^^^ help: if this is intentional, prefix it with an underscore: `_frag`
    |
    = note: `#[warn(unused_variables)]` (part of `#[warn(unused)]`) on by default

warning: unused variable: `repr`
    --> /home/daivy/projects/serial/work/StarryOS/crates/smoltcp/src/iface/interface/mod.rs:1274:26
     |
1274 |             IpRepr::Ipv4(repr) => {
     |                          ^^^^ help: if this is intentional, prefix it with an underscore: `_repr`

warning: variable does not need to be mutable
   --> /home/daivy/projects/serial/work/StarryOS/crates/smoltcp/src/socket/dns.rs:247:13
    |
247 |         let mut mdns = MulticastDns::Disabled;
    |             ----^^^^
    |             |
    |             help: remove this `mut`

warning: methods `link_local_ipv6_address` and `mldv2_report_packet` are never used
   --> /home/daivy/projects/serial/work/StarryOS/crates/smoltcp/src/iface/interface/ipv6.rs:173:8
    |
 23 | impl InterfaceInner {
    | ------------------- methods in this implementation
...
173 |     fn link_local_ipv6_address(&self) -> Option<Ipv6Address> {
    |        ^^^^^^^^^^^^^^^^^^^^^^^
...
565 |     pub(super) fn mldv2_report_packet<'any>(
    |                   ^^^^^^^^^^^^^^^^^^^
    |
    = note: `#[warn(dead_code)]` (part of `#[warn(unused)]`) on by default

warning: variant `HopByHopIcmpv6` is never constructed
   --> /home/daivy/projects/serial/work/StarryOS/crates/smoltcp/src/iface/packet.rs:218:5
    |
210 | pub(crate) enum IpPayload<'p> {
    |                 --------- variant in this enum
...
218 |     HopByHopIcmpv6(Ipv6HopByHopRepr<'p>, Icmpv6Repr<'p>),
    |     ^^^^^^^^^^^^^^
    |
    = note: `IpPayload` has a derived impl for the trait `Debug`, but this is intentionally ignored during dead code analysis

warning: method `is_solicited_node_multicast` is never used
   --> /home/daivy/projects/serial/work/StarryOS/crates/smoltcp/src/wire/ipv6.rs:125:8
    |
 80 | pub(crate) trait AddressExt {
    |                  ---------- method in this trait
...
125 |     fn is_solicited_node_multicast(&self) -> bool;
    |        ^^^^^^^^^^^^^^^^^^^^^^^^^^^

warning: method `emit_header` is never used
   --> /home/daivy/projects/serial/work/StarryOS/crates/smoltcp/src/wire/udp.rs:275:19
    |
232 | impl Repr {
    | --------- method in this implementation
...
275 |     pub(crate) fn emit_header<T>(&self, packet: &mut Packet<&mut T>, payload_len: usize)
    |                   ^^^^^^^^^^^


running 109 tests
[32m.(B[m[32m.(B[m[32m.(B[m[32m.(B[m[32m.(B[m[32m.(B[m[32m.(B[m[32m.(B[m[32m.(B[m[32m.(B[m[32m.(B[m[32m.(B[m[32m.(B[m[32m.(B[m[32m.(B[m[32m.(B[m[32m.(B[m[32m.(B[m[32m.(B[m[32m.(B[m[32m.(B[m[32m.(B[m[32m.(B[m[32m.(B[m[32m.(B[m[32m.(B[m[32m.(B[m[32m.(B[m[32m.(B[m[32m.(B[m[32m.(B[m[32m.(B[m[32m.(B[m[32m.(B[m[32m.(B[m[32m.(B[m[32m.(B[m[32m.(B[m[32m.(B[m[32m.(B[m[32m.(B[m[32m.(B[m[32m.(B[m[32m.(B[m[32m.(B[m[32m.(B[m[32m.(B[m[32m.(B[m[32m.(B[m[32m.(B[m[32m.(B[m[32m.(B[m[32m.(B[m[32m.(B[m[32m.(B[m[32m.(B[m[32m.(B[m[32m.(B[m[32m.(B[m[32m.(B[m[32m.(B[m[32m.(B[m[32m.(B[m[32m.(B[m[32m.(B[m[32m.(B[m[32m.(B[m[32m.(B[m[32m.(B[m[32m.(B[m[32m.(B[m[32m.(B[m[32m.(B[m[32m.(B[m[32m.(B[m[32m.(B[m[32m.(B[m[32m.(B[m[32m.(B[m[32m.(B[m[32m.(B[m[32m.(B[m[32m.(B[m[32m.(B[m[32m.(B[m[32m.(B[m[32m.(B[m 87/109
[32m.(B[m[32m.(B[m[32m.(B[m[32m.(B[m[32m.(B[m[32m.(B[m[32m.(B[m[32m.(B[m[32m.(B[m[32m.(B[m[32m.(B[m[32m.(B[m[32m.(B[m[32m.(B[m[32m.(B[m[32m.(B[m[32m.(B[m[32m.(B[m[32m.(B[m[32m.(B[m[32m.(B[m[32m.(B[m
test result: [32mok(B[m. 109 passed; 0 failed; 0 ignored; 0 measured; 0 filtered out; finished in 0.01s

warning: `/home/daivy/.cargo/config` is deprecated in favor of `config.toml`
  |
  = help: if you need to support cargo 1.38 or earlier, you can symlink `config` to `config.toml`
warning: unused import: `crate::iface::Route`
 --> /home/daivy/projects/serial/work/StarryOS/crates/smoltcp/src/iface/interface/ipv6.rs:3:5
  |
3 | use crate::iface::Route;
  |     ^^^^^^^^^^^^^^^^^^^
  |
  = note: `#[warn(unused_imports)]` (part of `#[warn(unused)]`) on by default

warning: unused import: `super::fragmentation::PacketAssemblerSet`
  --> /home/daivy/projects/serial/work/StarryOS/crates/smoltcp/src/iface/interface/mod.rs:35:5
   |
35 | use super::fragmentation::PacketAssemblerSet;
   |     ^^^^^^^^^^^^^^^^^^^^^^^^^^^^^^^^^^^^^^^^

warning: unused imports: `IFACE_MAX_PREFIX_COUNT` and `IFACE_MAX_SIXLOWPAN_ADDRESS_CONTEXT_COUNT`
  --> /home/daivy/projects/serial/work/StarryOS/crates/smoltcp/src/iface/interface/mod.rs:42:27
   |
42 |     IFACE_MAX_ADDR_COUNT, IFACE_MAX_PREFIX_COUNT, IFACE_MAX_SIXLOWPAN_ADDRESS_CONTEXT_COUNT,
   |                           ^^^^^^^^^^^^^^^^^^^^^^  ^^^^^^^^^^^^^^^^^^^^^^^^^^^^^^^^^^^^^^^^^

warning: variable does not need to be mutable
   --> /home/daivy/projects/serial/work/StarryOS/crates/smoltcp/src/iface/interface/ipv4.rs:103:13
    |
103 |         let mut ipv4_repr = check!(Ipv4Repr::parse(ipv4_packet, &self.caps.checksum));
    |             ----^^^^^^^^^
    |             |
    |             help: remove this `mut`
    |
    = note: `#[warn(unused_mut)]` (part of `#[warn(unused)]`) on by default

warning: unused variable: `frag`
   --> /home/daivy/projects/serial/work/StarryOS/crates/smoltcp/src/iface/interface/ipv4.rs:101:9
    |
101 |         frag: &'a mut FragmentsBuffer,
    |         ^^^^ help: if this is intentional, prefix it with an underscore: `_frag`
    |
    = note: `#[warn(unused_variables)]` (part of `#[warn(unused)]`) on by default

warning: unused variable: `repr`
    --> /home/daivy/projects/serial/work/StarryOS/crates/smoltcp/src/iface/interface/mod.rs:1274:26
     |
1274 |             IpRepr::Ipv4(repr) => {
     |                          ^^^^ help: if this is intentional, prefix it with an underscore: `_repr`

warning: variable does not need to be mutable
   --> /home/daivy/projects/serial/work/StarryOS/crates/smoltcp/src/socket/dns.rs:247:13
    |
247 |         let mut mdns = MulticastDns::Disabled;
    |             ----^^^^
    |             |
    |             help: remove this `mut`

warning: methods `link_local_ipv6_address` and `mldv2_report_packet` are never used
   --> /home/daivy/projects/serial/work/StarryOS/crates/smoltcp/src/iface/interface/ipv6.rs:173:8
    |
 23 | impl InterfaceInner {
    | ------------------- methods in this implementation
...
173 |     fn link_local_ipv6_address(&self) -> Option<Ipv6Address> {
    |        ^^^^^^^^^^^^^^^^^^^^^^^
...
565 |     pub(super) fn mldv2_report_packet<'any>(
    |                   ^^^^^^^^^^^^^^^^^^^
    |
    = note: `#[warn(dead_code)]` (part of `#[warn(unused)]`) on by default

warning: variant `HopByHopIcmpv6` is never constructed
   --> /home/daivy/projects/serial/work/StarryOS/crates/smoltcp/src/iface/packet.rs:218:5
    |
210 | pub(crate) enum IpPayload<'p> {
    |                 --------- variant in this enum
...
218 |     HopByHopIcmpv6(Ipv6HopByHopRepr<'p>, Icmpv6Repr<'p>),
    |     ^^^^^^^^^^^^^^
    |
    = note: `IpPayload` has a derived impl for the trait `Debug`, but this is intentionally ignored during dead code analysis

warning: method `is_solicited_node_multicast` is never used
   --> /home/daivy/projects/serial/work/StarryOS/crates/smoltcp/src/wire/ipv6.rs:125:8
    |
 80 | pub(crate) trait AddressExt {
    |                  ---------- method in this trait
...
125 |     fn is_solicited_node_multicast(&self) -> bool;
    |        ^^^^^^^^^^^^^^^^^^^^^^^^^^^

warning: method `emit_header` is never used
   --> /home/daivy/projects/serial/work/StarryOS/crates/smoltcp/src/wire/udp.rs:275:19
    |
232 | impl Repr {
    | --------- method in this implementation
...
275 |     pub(crate) fn emit_header<T>(&self, packet: &mut Packet<&mut T>, payload_len: usize)
    |                   ^^^^^^^^^^^


running 109 tests
[32m.(B[m[32m.(B[m[32m.(B[m[32m.(B[m[32m.(B[m[32m.(B[m[32m.(B[m[32m.(B[m[32m.(B[m[32m.(B[m[32m.(B[m[32m.(B[m[32m.(B[m[32m.(B[m[32m.(B[m[32m.(B[m[32m.(B[m[32m.(B[m[32m.(B[m[32m.(B[m[32m.(B[m[32m.(B[m[32m.(B[m[32m.(B[m[32m.(B[m[32m.(B[m[32m.(B[m[32m.(B[m[32m.(B[m[32m.(B[m[32m.(B[m[32m.(B[m[32m.(B[m[32m.(B[m[32m.(B[m[32m.(B[m[32m.(B[m[32m.(B[m[32m.(B[m[32m.(B[m[32m.(B[m[32m.(B[m[32m.(B[m[32m.(B[m[32m.(B[m[32m.(B[m[32m.(B[m[32m.(B[m[32m.(B[m[32m.(B[m[32m.(B[m[32m.(B[m[32m.(B[m[32m.(B[m[32m.(B[m[32m.(B[m[32m.(B[m[32m.(B[m[32m.(B[m[32m.(B[m[32m.(B[m[32m.(B[m[32m.(B[m[32m.(B[m[32m.(B[m[32m.(B[m[32m.(B[m[32m.(B[m[32m.(B[m[32m.(B[m[32m.(B[m[32m.(B[m[32m.(B[m[32m.(B[m[32m.(B[m[32m.(B[m[32m.(B[m[32m.(B[m[32m.(B[m[32m.(B[m[32m.(B[m[32m.(B[m[32m.(B[m[32m.(B[m[32m.(B[m[32m.(B[m[32m.(B[m 87/109
[32m.(B[m[32m.(B[m[32m.(B[m[32m.(B[m[32m.(B[m[32m.(B[m[32m.(B[m[32m.(B[m[32m.(B[m[32m.(B[m[32m.(B[m[32m.(B[m[32m.(B[m[32m.(B[m[32m.(B[m[32m.(B[m[32m.(B[m[32m.(B[m[32m.(B[m[32m.(B[m[32m.(B[m[32m.(B[m
test result: [32mok(B[m. 109 passed; 0 failed; 0 ignored; 0 measured; 0 filtered out; finished in 0.02s

warning: `/home/daivy/.cargo/config` is deprecated in favor of `config.toml`
  |
  = help: if you need to support cargo 1.38 or earlier, you can symlink `config` to `config.toml`
warning: unused import: `crate::iface::Route`
 --> /home/daivy/projects/serial/work/StarryOS/crates/smoltcp/src/iface/interface/ipv6.rs:3:5
  |
3 | use crate::iface::Route;
  |     ^^^^^^^^^^^^^^^^^^^
  |
  = note: `#[warn(unused_imports)]` (part of `#[warn(unused)]`) on by default

warning: unused import: `super::fragmentation::PacketAssemblerSet`
  --> /home/daivy/projects/serial/work/StarryOS/crates/smoltcp/src/iface/interface/mod.rs:35:5
   |
35 | use super::fragmentation::PacketAssemblerSet;
   |     ^^^^^^^^^^^^^^^^^^^^^^^^^^^^^^^^^^^^^^^^

warning: unused imports: `IFACE_MAX_PREFIX_COUNT` and `IFACE_MAX_SIXLOWPAN_ADDRESS_CONTEXT_COUNT`
  --> /home/daivy/projects/serial/work/StarryOS/crates/smoltcp/src/iface/interface/mod.rs:42:27
   |
42 |     IFACE_MAX_ADDR_COUNT, IFACE_MAX_PREFIX_COUNT, IFACE_MAX_SIXLOWPAN_ADDRESS_CONTEXT_COUNT,
   |                           ^^^^^^^^^^^^^^^^^^^^^^  ^^^^^^^^^^^^^^^^^^^^^^^^^^^^^^^^^^^^^^^^^

warning: variable does not need to be mutable
   --> /home/daivy/projects/serial/work/StarryOS/crates/smoltcp/src/iface/interface/ipv4.rs:103:13
    |
103 |         let mut ipv4_repr = check!(Ipv4Repr::parse(ipv4_packet, &self.caps.checksum));
    |             ----^^^^^^^^^
    |             |
    |             help: remove this `mut`
    |
    = note: `#[warn(unused_mut)]` (part of `#[warn(unused)]`) on by default

warning: unused variable: `frag`
   --> /home/daivy/projects/serial/work/StarryOS/crates/smoltcp/src/iface/interface/ipv4.rs:101:9
    |
101 |         frag: &'a mut FragmentsBuffer,
    |         ^^^^ help: if this is intentional, prefix it with an underscore: `_frag`
    |
    = note: `#[warn(unused_variables)]` (part of `#[warn(unused)]`) on by default

warning: unused variable: `repr`
    --> /home/daivy/projects/serial/work/StarryOS/crates/smoltcp/src/iface/interface/mod.rs:1274:26
     |
1274 |             IpRepr::Ipv4(repr) => {
     |                          ^^^^ help: if this is intentional, prefix it with an underscore: `_repr`

warning: variable does not need to be mutable
   --> /home/daivy/projects/serial/work/StarryOS/crates/smoltcp/src/socket/dns.rs:247:13
    |
247 |         let mut mdns = MulticastDns::Disabled;
    |             ----^^^^
    |             |
    |             help: remove this `mut`

warning: methods `link_local_ipv6_address` and `mldv2_report_packet` are never used
   --> /home/daivy/projects/serial/work/StarryOS/crates/smoltcp/src/iface/interface/ipv6.rs:173:8
    |
 23 | impl InterfaceInner {
    | ------------------- methods in this implementation
...
173 |     fn link_local_ipv6_address(&self) -> Option<Ipv6Address> {
    |        ^^^^^^^^^^^^^^^^^^^^^^^
...
565 |     pub(super) fn mldv2_report_packet<'any>(
    |                   ^^^^^^^^^^^^^^^^^^^
    |
    = note: `#[warn(dead_code)]` (part of `#[warn(unused)]`) on by default

warning: variant `HopByHopIcmpv6` is never constructed
   --> /home/daivy/projects/serial/work/StarryOS/crates/smoltcp/src/iface/packet.rs:218:5
    |
210 | pub(crate) enum IpPayload<'p> {
    |                 --------- variant in this enum
...
218 |     HopByHopIcmpv6(Ipv6HopByHopRepr<'p>, Icmpv6Repr<'p>),
    |     ^^^^^^^^^^^^^^
    |
    = note: `IpPayload` has a derived impl for the trait `Debug`, but this is intentionally ignored during dead code analysis

warning: method `is_solicited_node_multicast` is never used
   --> /home/daivy/projects/serial/work/StarryOS/crates/smoltcp/src/wire/ipv6.rs:125:8
    |
 80 | pub(crate) trait AddressExt {
    |                  ---------- method in this trait
...
125 |     fn is_solicited_node_multicast(&self) -> bool;
    |        ^^^^^^^^^^^^^^^^^^^^^^^^^^^

warning: method `emit_header` is never used
   --> /home/daivy/projects/serial/work/StarryOS/crates/smoltcp/src/wire/udp.rs:275:19
    |
232 | impl Repr {
    | --------- method in this implementation
...
275 |     pub(crate) fn emit_header<T>(&self, packet: &mut Packet<&mut T>, payload_len: usize)
    |                   ^^^^^^^^^^^


running 109 tests
[32m.(B[m[32m.(B[m[32m.(B[m[32m.(B[m[32m.(B[m[32m.(B[m[32m.(B[m[32m.(B[m[32m.(B[m[32m.(B[m[32m.(B[m[32m.(B[m[32m.(B[m[32m.(B[m[32m.(B[m[32m.(B[m[32m.(B[m[32m.(B[m[32m.(B[m[32m.(B[m[32m.(B[m[32m.(B[m[32m.(B[m[32m.(B[m[32m.(B[m[32m.(B[m[32m.(B[m[32m.(B[m[32m.(B[m[32m.(B[m[32m.(B[m[32m.(B[m[32m.(B[m[32m.(B[m[32m.(B[m[32m.(B[m[32m.(B[m[32m.(B[m[32m.(B[m[32m.(B[m[32m.(B[m[32m.(B[m[32m.(B[m[32m.(B[m[32m.(B[m[32m.(B[m[32m.(B[m[32m.(B[m[32m.(B[m[32m.(B[m[32m.(B[m[32m.(B[m[32m.(B[m[32m.(B[m[32m.(B[m[32m.(B[m[32m.(B[m[32m.(B[m[32m.(B[m[32m.(B[m[32m.(B[m[32m.(B[m[32m.(B[m[32m.(B[m[32m.(B[m[32m.(B[m[32m.(B[m[32m.(B[m[32m.(B[m[32m.(B[m[32m.(B[m[32m.(B[m[32m.(B[m[32m.(B[m[32m.(B[m[32m.(B[m[32m.(B[m[32m.(B[m[32m.(B[m[32m.(B[m[32m.(B[m[32m.(B[m[32m.(B[m[32m.(B[m[32m.(B[m[32m.(B[m[32m.(B[m 87/109
[32m.(B[m[32m.(B[m[32m.(B[m[32m.(B[m[32m.(B[m[32m.(B[m[32m.(B[m[32m.(B[m[32m.(B[m[32m.(B[m[32m.(B[m[32m.(B[m[32m.(B[m[32m.(B[m[32m.(B[m[32m.(B[m[32m.(B[m[32m.(B[m[32m.(B[m[32m.(B[m[32m.(B[m[32m.(B[m
test result: [32mok(B[m. 109 passed; 0 failed; 0 ignored; 0 measured; 0 filtered out; finished in 0.02s

warning: `/home/daivy/.cargo/config` is deprecated in favor of `config.toml`
  |
  = help: if you need to support cargo 1.38 or earlier, you can symlink `config` to `config.toml`
warning: unused import: `crate::iface::Route`
 --> /home/daivy/projects/serial/work/StarryOS/crates/smoltcp/src/iface/interface/ipv6.rs:3:5
  |
3 | use crate::iface::Route;
  |     ^^^^^^^^^^^^^^^^^^^
  |
  = note: `#[warn(unused_imports)]` (part of `#[warn(unused)]`) on by default

warning: unused import: `super::fragmentation::PacketAssemblerSet`
  --> /home/daivy/projects/serial/work/StarryOS/crates/smoltcp/src/iface/interface/mod.rs:35:5
   |
35 | use super::fragmentation::PacketAssemblerSet;
   |     ^^^^^^^^^^^^^^^^^^^^^^^^^^^^^^^^^^^^^^^^

warning: unused imports: `IFACE_MAX_PREFIX_COUNT` and `IFACE_MAX_SIXLOWPAN_ADDRESS_CONTEXT_COUNT`
  --> /home/daivy/projects/serial/work/StarryOS/crates/smoltcp/src/iface/interface/mod.rs:42:27
   |
42 |     IFACE_MAX_ADDR_COUNT, IFACE_MAX_PREFIX_COUNT, IFACE_MAX_SIXLOWPAN_ADDRESS_CONTEXT_COUNT,
   |                           ^^^^^^^^^^^^^^^^^^^^^^  ^^^^^^^^^^^^^^^^^^^^^^^^^^^^^^^^^^^^^^^^^

warning: variable does not need to be mutable
   --> /home/daivy/projects/serial/work/StarryOS/crates/smoltcp/src/iface/interface/ipv4.rs:103:13
    |
103 |         let mut ipv4_repr = check!(Ipv4Repr::parse(ipv4_packet, &self.caps.checksum));
    |             ----^^^^^^^^^
    |             |
    |             help: remove this `mut`
    |
    = note: `#[warn(unused_mut)]` (part of `#[warn(unused)]`) on by default

warning: unused variable: `frag`
   --> /home/daivy/projects/serial/work/StarryOS/crates/smoltcp/src/iface/interface/ipv4.rs:101:9
    |
101 |         frag: &'a mut FragmentsBuffer,
    |         ^^^^ help: if this is intentional, prefix it with an underscore: `_frag`
    |
    = note: `#[warn(unused_variables)]` (part of `#[warn(unused)]`) on by default

warning: unused variable: `repr`
    --> /home/daivy/projects/serial/work/StarryOS/crates/smoltcp/src/iface/interface/mod.rs:1274:26
     |
1274 |             IpRepr::Ipv4(repr) => {
     |                          ^^^^ help: if this is intentional, prefix it with an underscore: `_repr`

warning: variable does not need to be mutable
   --> /home/daivy/projects/serial/work/StarryOS/crates/smoltcp/src/socket/dns.rs:247:13
    |
247 |         let mut mdns = MulticastDns::Disabled;
    |             ----^^^^
    |             |
    |             help: remove this `mut`

warning: methods `link_local_ipv6_address` and `mldv2_report_packet` are never used
   --> /home/daivy/projects/serial/work/StarryOS/crates/smoltcp/src/iface/interface/ipv6.rs:173:8
    |
 23 | impl InterfaceInner {
    | ------------------- methods in this implementation
...
173 |     fn link_local_ipv6_address(&self) -> Option<Ipv6Address> {
    |        ^^^^^^^^^^^^^^^^^^^^^^^
...
565 |     pub(super) fn mldv2_report_packet<'any>(
    |                   ^^^^^^^^^^^^^^^^^^^
    |
    = note: `#[warn(dead_code)]` (part of `#[warn(unused)]`) on by default

warning: variant `HopByHopIcmpv6` is never constructed
   --> /home/daivy/projects/serial/work/StarryOS/crates/smoltcp/src/iface/packet.rs:218:5
    |
210 | pub(crate) enum IpPayload<'p> {
    |                 --------- variant in this enum
...
218 |     HopByHopIcmpv6(Ipv6HopByHopRepr<'p>, Icmpv6Repr<'p>),
    |     ^^^^^^^^^^^^^^
    |
    = note: `IpPayload` has a derived impl for the trait `Debug`, but this is intentionally ignored during dead code analysis

warning: method `is_solicited_node_multicast` is never used
   --> /home/daivy/projects/serial/work/StarryOS/crates/smoltcp/src/wire/ipv6.rs:125:8
    |
 80 | pub(crate) trait AddressExt {
    |                  ---------- method in this trait
...
125 |     fn is_solicited_node_multicast(&self) -> bool;
    |        ^^^^^^^^^^^^^^^^^^^^^^^^^^^

warning: method `emit_header` is never used
   --> /home/daivy/projects/serial/work/StarryOS/crates/smoltcp/src/wire/udp.rs:275:19
    |
232 | impl Repr {
    | --------- method in this implementation
...
275 |     pub(crate) fn emit_header<T>(&self, packet: &mut Packet<&mut T>, payload_len: usize)
    |                   ^^^^^^^^^^^


running 109 tests
[32m.(B[m[32m.(B[m[32m.(B[m[32m.(B[m[32m.(B[m[32m.(B[m[32m.(B[m[32m.(B[m[32m.(B[m[32m.(B[m[32m.(B[m[32m.(B[m[32m.(B[m[32m.(B[m[32m.(B[m[32m.(B[m[32m.(B[m[32m.(B[m[32m.(B[m[32m.(B[m[32m.(B[m[32m.(B[m[32m.(B[m[32m.(B[m[32m.(B[m[32m.(B[m[32m.(B[m[32m.(B[m[32m.(B[m[32m.(B[m[32m.(B[m[32m.(B[m[32m.(B[m[32m.(B[m[32m.(B[m[32m.(B[m[32m.(B[m[32m.(B[m[32m.(B[m[32m.(B[m[32m.(B[m[32m.(B[m[32m.(B[m[32m.(B[m[32m.(B[m[32m.(B[m[32m.(B[m[32m.(B[m[32m.(B[m[32m.(B[m[32m.(B[m[32m.(B[m[32m.(B[m[32m.(B[m[32m.(B[m[32m.(B[m[32m.(B[m[32m.(B[m[32m.(B[m[32m.(B[m[32m.(B[m[32m.(B[m[32m.(B[m[32m.(B[m[32m.(B[m[32m.(B[m[32m.(B[m[32m.(B[m[32m.(B[m[32m.(B[m[32m.(B[m[32m.(B[m[32m.(B[m[32m.(B[m[32m.(B[m[32m.(B[m[32m.(B[m[32m.(B[m[32m.(B[m[32m.(B[m[32m.(B[m[32m.(B[m[32m.(B[m[32m.(B[m[32m.(B[m[32m.(B[m[32m.(B[m 87/109
[32m.(B[m[32m.(B[m[32m.(B[m[32m.(B[m[32m.(B[m[32m.(B[m[32m.(B[m[32m.(B[m[32m.(B[m[32m.(B[m[32m.(B[m[32m.(B[m[32m.(B[m[32m.(B[m[32m.(B[m[32m.(B[m[32m.(B[m[32m.(B[m[32m.(B[m[32m.(B[m[32m.(B[m[32m.(B[m
test result: [32mok(B[m. 109 passed; 0 failed; 0 ignored; 0 measured; 0 filtered out; finished in 0.01s

warning: `/home/daivy/.cargo/config` is deprecated in favor of `config.toml`
  |
  = help: if you need to support cargo 1.38 or earlier, you can symlink `config` to `config.toml`
warning: unused import: `crate::iface::Route`
 --> /home/daivy/projects/serial/work/StarryOS/crates/smoltcp/src/iface/interface/ipv6.rs:3:5
  |
3 | use crate::iface::Route;
  |     ^^^^^^^^^^^^^^^^^^^
  |
  = note: `#[warn(unused_imports)]` (part of `#[warn(unused)]`) on by default

warning: unused import: `super::fragmentation::PacketAssemblerSet`
  --> /home/daivy/projects/serial/work/StarryOS/crates/smoltcp/src/iface/interface/mod.rs:35:5
   |
35 | use super::fragmentation::PacketAssemblerSet;
   |     ^^^^^^^^^^^^^^^^^^^^^^^^^^^^^^^^^^^^^^^^

warning: unused imports: `IFACE_MAX_PREFIX_COUNT` and `IFACE_MAX_SIXLOWPAN_ADDRESS_CONTEXT_COUNT`
  --> /home/daivy/projects/serial/work/StarryOS/crates/smoltcp/src/iface/interface/mod.rs:42:27
   |
42 |     IFACE_MAX_ADDR_COUNT, IFACE_MAX_PREFIX_COUNT, IFACE_MAX_SIXLOWPAN_ADDRESS_CONTEXT_COUNT,
   |                           ^^^^^^^^^^^^^^^^^^^^^^  ^^^^^^^^^^^^^^^^^^^^^^^^^^^^^^^^^^^^^^^^^

warning: variable does not need to be mutable
   --> /home/daivy/projects/serial/work/StarryOS/crates/smoltcp/src/iface/interface/ipv4.rs:103:13
    |
103 |         let mut ipv4_repr = check!(Ipv4Repr::parse(ipv4_packet, &self.caps.checksum));
    |             ----^^^^^^^^^
    |             |
    |             help: remove this `mut`
    |
    = note: `#[warn(unused_mut)]` (part of `#[warn(unused)]`) on by default

warning: unused variable: `frag`
   --> /home/daivy/projects/serial/work/StarryOS/crates/smoltcp/src/iface/interface/ipv4.rs:101:9
    |
101 |         frag: &'a mut FragmentsBuffer,
    |         ^^^^ help: if this is intentional, prefix it with an underscore: `_frag`
    |
    = note: `#[warn(unused_variables)]` (part of `#[warn(unused)]`) on by default

warning: unused variable: `repr`
    --> /home/daivy/projects/serial/work/StarryOS/crates/smoltcp/src/iface/interface/mod.rs:1274:26
     |
1274 |             IpRepr::Ipv4(repr) => {
     |                          ^^^^ help: if this is intentional, prefix it with an underscore: `_repr`

warning: variable does not need to be mutable
   --> /home/daivy/projects/serial/work/StarryOS/crates/smoltcp/src/socket/dns.rs:247:13
    |
247 |         let mut mdns = MulticastDns::Disabled;
    |             ----^^^^
    |             |
    |             help: remove this `mut`

warning: methods `link_local_ipv6_address` and `mldv2_report_packet` are never used
   --> /home/daivy/projects/serial/work/StarryOS/crates/smoltcp/src/iface/interface/ipv6.rs:173:8
    |
 23 | impl InterfaceInner {
    | ------------------- methods in this implementation
...
173 |     fn link_local_ipv6_address(&self) -> Option<Ipv6Address> {
    |        ^^^^^^^^^^^^^^^^^^^^^^^
...
565 |     pub(super) fn mldv2_report_packet<'any>(
    |                   ^^^^^^^^^^^^^^^^^^^
    |
    = note: `#[warn(dead_code)]` (part of `#[warn(unused)]`) on by default

warning: variant `HopByHopIcmpv6` is never constructed
   --> /home/daivy/projects/serial/work/StarryOS/crates/smoltcp/src/iface/packet.rs:218:5
    |
210 | pub(crate) enum IpPayload<'p> {
    |                 --------- variant in this enum
...
218 |     HopByHopIcmpv6(Ipv6HopByHopRepr<'p>, Icmpv6Repr<'p>),
    |     ^^^^^^^^^^^^^^
    |
    = note: `IpPayload` has a derived impl for the trait `Debug`, but this is intentionally ignored during dead code analysis

warning: method `is_solicited_node_multicast` is never used
   --> /home/daivy/projects/serial/work/StarryOS/crates/smoltcp/src/wire/ipv6.rs:125:8
    |
 80 | pub(crate) trait AddressExt {
    |                  ---------- method in this trait
...
125 |     fn is_solicited_node_multicast(&self) -> bool;
    |        ^^^^^^^^^^^^^^^^^^^^^^^^^^^

warning: method `emit_header` is never used
   --> /home/daivy/projects/serial/work/StarryOS/crates/smoltcp/src/wire/udp.rs:275:19
    |
232 | impl Repr {
    | --------- method in this implementation
...
275 |     pub(crate) fn emit_header<T>(&self, packet: &mut Packet<&mut T>, payload_len: usize)
    |                   ^^^^^^^^^^^


running 109 tests
[32m.(B[m[32m.(B[m[32m.(B[m[32m.(B[m[32m.(B[m[32m.(B[m[32m.(B[m[32m.(B[m[32m.(B[m[32m.(B[m[32m.(B[m[32m.(B[m[32m.(B[m[32m.(B[m[32m.(B[m[32m.(B[m[32m.(B[m[32m.(B[m[32m.(B[m[32m.(B[m[32m.(B[m[32m.(B[m[32m.(B[m[32m.(B[m[32m.(B[m[32m.(B[m[32m.(B[m[32m.(B[m[32m.(B[m[32m.(B[m[32m.(B[m[32m.(B[m[32m.(B[m[32m.(B[m[32m.(B[m[32m.(B[m[32m.(B[m[32m.(B[m[32m.(B[m[32m.(B[m[32m.(B[m[32m.(B[m[32m.(B[m[32m.(B[m[32m.(B[m[32m.(B[m[32m.(B[m[32m.(B[m[32m.(B[m[32m.(B[m[32m.(B[m[32m.(B[m[32m.(B[m[32m.(B[m[32m.(B[m[32m.(B[m[32m.(B[m[32m.(B[m[32m.(B[m[32m.(B[m[32m.(B[m[32m.(B[m[32m.(B[m[32m.(B[m[32m.(B[m[32m.(B[m[32m.(B[m[32m.(B[m[32m.(B[m[32m.(B[m[32m.(B[m[32m.(B[m[32m.(B[m[32m.(B[m[32m.(B[m[32m.(B[m[32m.(B[m[32m.(B[m[32m.(B[m[32m.(B[m[32m.(B[m[32m.(B[m[32m.(B[m[32m.(B[m[32m.(B[m[32m.(B[m[32m.(B[m 87/109
[32m.(B[m[32m.(B[m[32m.(B[m[32m.(B[m[32m.(B[m[32m.(B[m[32m.(B[m[32m.(B[m[32m.(B[m[32m.(B[m[32m.(B[m[32m.(B[m[32m.(B[m[32m.(B[m[32m.(B[m[32m.(B[m[32m.(B[m[32m.(B[m[32m.(B[m[32m.(B[m[32m.(B[m[32m.(B[m
test result: [32mok(B[m. 109 passed; 0 failed; 0 ignored; 0 measured; 0 filtered out; finished in 0.02s

warning: `/home/daivy/.cargo/config` is deprecated in favor of `config.toml`
  |
  = help: if you need to support cargo 1.38 or earlier, you can symlink `config` to `config.toml`
warning: unused import: `crate::iface::Route`
 --> /home/daivy/projects/serial/work/StarryOS/crates/smoltcp/src/iface/interface/ipv6.rs:3:5
  |
3 | use crate::iface::Route;
  |     ^^^^^^^^^^^^^^^^^^^
  |
  = note: `#[warn(unused_imports)]` (part of `#[warn(unused)]`) on by default

warning: unused import: `super::fragmentation::PacketAssemblerSet`
  --> /home/daivy/projects/serial/work/StarryOS/crates/smoltcp/src/iface/interface/mod.rs:35:5
   |
35 | use super::fragmentation::PacketAssemblerSet;
   |     ^^^^^^^^^^^^^^^^^^^^^^^^^^^^^^^^^^^^^^^^

warning: unused imports: `IFACE_MAX_PREFIX_COUNT` and `IFACE_MAX_SIXLOWPAN_ADDRESS_CONTEXT_COUNT`
  --> /home/daivy/projects/serial/work/StarryOS/crates/smoltcp/src/iface/interface/mod.rs:42:27
   |
42 |     IFACE_MAX_ADDR_COUNT, IFACE_MAX_PREFIX_COUNT, IFACE_MAX_SIXLOWPAN_ADDRESS_CONTEXT_COUNT,
   |                           ^^^^^^^^^^^^^^^^^^^^^^  ^^^^^^^^^^^^^^^^^^^^^^^^^^^^^^^^^^^^^^^^^

warning: variable does not need to be mutable
   --> /home/daivy/projects/serial/work/StarryOS/crates/smoltcp/src/iface/interface/ipv4.rs:103:13
    |
103 |         let mut ipv4_repr = check!(Ipv4Repr::parse(ipv4_packet, &self.caps.checksum));
    |             ----^^^^^^^^^
    |             |
    |             help: remove this `mut`
    |
    = note: `#[warn(unused_mut)]` (part of `#[warn(unused)]`) on by default

warning: unused variable: `frag`
   --> /home/daivy/projects/serial/work/StarryOS/crates/smoltcp/src/iface/interface/ipv4.rs:101:9
    |
101 |         frag: &'a mut FragmentsBuffer,
    |         ^^^^ help: if this is intentional, prefix it with an underscore: `_frag`
    |
    = note: `#[warn(unused_variables)]` (part of `#[warn(unused)]`) on by default

warning: unused variable: `repr`
    --> /home/daivy/projects/serial/work/StarryOS/crates/smoltcp/src/iface/interface/mod.rs:1274:26
     |
1274 |             IpRepr::Ipv4(repr) => {
     |                          ^^^^ help: if this is intentional, prefix it with an underscore: `_repr`

warning: variable does not need to be mutable
   --> /home/daivy/projects/serial/work/StarryOS/crates/smoltcp/src/socket/dns.rs:247:13
    |
247 |         let mut mdns = MulticastDns::Disabled;
    |             ----^^^^
    |             |
    |             help: remove this `mut`

warning: methods `link_local_ipv6_address` and `mldv2_report_packet` are never used
   --> /home/daivy/projects/serial/work/StarryOS/crates/smoltcp/src/iface/interface/ipv6.rs:173:8
    |
 23 | impl InterfaceInner {
    | ------------------- methods in this implementation
...
173 |     fn link_local_ipv6_address(&self) -> Option<Ipv6Address> {
    |        ^^^^^^^^^^^^^^^^^^^^^^^
...
565 |     pub(super) fn mldv2_report_packet<'any>(
    |                   ^^^^^^^^^^^^^^^^^^^
    |
    = note: `#[warn(dead_code)]` (part of `#[warn(unused)]`) on by default

warning: variant `HopByHopIcmpv6` is never constructed
   --> /home/daivy/projects/serial/work/StarryOS/crates/smoltcp/src/iface/packet.rs:218:5
    |
210 | pub(crate) enum IpPayload<'p> {
    |                 --------- variant in this enum
...
218 |     HopByHopIcmpv6(Ipv6HopByHopRepr<'p>, Icmpv6Repr<'p>),
    |     ^^^^^^^^^^^^^^
    |
    = note: `IpPayload` has a derived impl for the trait `Debug`, but this is intentionally ignored during dead code analysis

warning: method `is_solicited_node_multicast` is never used
   --> /home/daivy/projects/serial/work/StarryOS/crates/smoltcp/src/wire/ipv6.rs:125:8
    |
 80 | pub(crate) trait AddressExt {
    |                  ---------- method in this trait
...
125 |     fn is_solicited_node_multicast(&self) -> bool;
    |        ^^^^^^^^^^^^^^^^^^^^^^^^^^^

warning: method `emit_header` is never used
   --> /home/daivy/projects/serial/work/StarryOS/crates/smoltcp/src/wire/udp.rs:275:19
    |
232 | impl Repr {
    | --------- method in this implementation
...
275 |     pub(crate) fn emit_header<T>(&self, packet: &mut Packet<&mut T>, payload_len: usize)
    |                   ^^^^^^^^^^^


running 109 tests
[32m.(B[m[32m.(B[m[32m.(B[m[32m.(B[m[32m.(B[m[32m.(B[m[32m.(B[m[32m.(B[m[32m.(B[m[32m.(B[m[32m.(B[m[32m.(B[m[32m.(B[m[32m.(B[m[32m.(B[m[32m.(B[m[32m.(B[m[32m.(B[m[32m.(B[m[32m.(B[m[32m.(B[m[32m.(B[m[32m.(B[m[32m.(B[m[32m.(B[m[32m.(B[m[32m.(B[m[32m.(B[m[32m.(B[m[32m.(B[m[32m.(B[m[32m.(B[m[32m.(B[m[32m.(B[m[32m.(B[m[32m.(B[m[32m.(B[m[32m.(B[m[32m.(B[m[32m.(B[m[32m.(B[m[32m.(B[m[32m.(B[m[32m.(B[m[32m.(B[m[32m.(B[m[32m.(B[m[32m.(B[m[32m.(B[m[32m.(B[m[32m.(B[m[32m.(B[m[32m.(B[m[32m.(B[m[32m.(B[m[32m.(B[m[32m.(B[m[32m.(B[m[32m.(B[m[32m.(B[m[32m.(B[m[32m.(B[m[32m.(B[m[32m.(B[m[32m.(B[m[32m.(B[m[32m.(B[m[32m.(B[m[32m.(B[m[32m.(B[m[32m.(B[m[32m.(B[m[32m.(B[m[32m.(B[m[32m.(B[m[32m.(B[m[32m.(B[m[32m.(B[m[32m.(B[m[32m.(B[m[32m.(B[m[32m.(B[m[32m.(B[m[32m.(B[m[32m.(B[m[32m.(B[m[32m.(B[m 87/109
[32m.(B[m[32m.(B[m[32m.(B[m[32m.(B[m[32m.(B[m[32m.(B[m[32m.(B[m[32m.(B[m[32m.(B[m[32m.(B[m[32m.(B[m[32m.(B[m[32m.(B[m[32m.(B[m[32m.(B[m[32m.(B[m[32m.(B[m[32m.(B[m[32m.(B[m[32m.(B[m[32m.(B[m[32m.(B[m
test result: [32mok(B[m. 109 passed; 0 failed; 0 ignored; 0 measured; 0 filtered out; finished in 0.02s

warning: `/home/daivy/.cargo/config` is deprecated in favor of `config.toml`
  |
  = help: if you need to support cargo 1.38 or earlier, you can symlink `config` to `config.toml`
warning: unused import: `crate::iface::Route`
 --> /home/daivy/projects/serial/work/StarryOS/crates/smoltcp/src/iface/interface/ipv6.rs:3:5
  |
3 | use crate::iface::Route;
  |     ^^^^^^^^^^^^^^^^^^^
  |
  = note: `#[warn(unused_imports)]` (part of `#[warn(unused)]`) on by default

warning: unused import: `super::fragmentation::PacketAssemblerSet`
  --> /home/daivy/projects/serial/work/StarryOS/crates/smoltcp/src/iface/interface/mod.rs:35:5
   |
35 | use super::fragmentation::PacketAssemblerSet;
   |     ^^^^^^^^^^^^^^^^^^^^^^^^^^^^^^^^^^^^^^^^

warning: unused imports: `IFACE_MAX_PREFIX_COUNT` and `IFACE_MAX_SIXLOWPAN_ADDRESS_CONTEXT_COUNT`
  --> /home/daivy/projects/serial/work/StarryOS/crates/smoltcp/src/iface/interface/mod.rs:42:27
   |
42 |     IFACE_MAX_ADDR_COUNT, IFACE_MAX_PREFIX_COUNT, IFACE_MAX_SIXLOWPAN_ADDRESS_CONTEXT_COUNT,
   |                           ^^^^^^^^^^^^^^^^^^^^^^  ^^^^^^^^^^^^^^^^^^^^^^^^^^^^^^^^^^^^^^^^^

warning: variable does not need to be mutable
   --> /home/daivy/projects/serial/work/StarryOS/crates/smoltcp/src/iface/interface/ipv4.rs:103:13
    |
103 |         let mut ipv4_repr = check!(Ipv4Repr::parse(ipv4_packet, &self.caps.checksum));
    |             ----^^^^^^^^^
    |             |
    |             help: remove this `mut`
    |
    = note: `#[warn(unused_mut)]` (part of `#[warn(unused)]`) on by default

warning: unused variable: `frag`
   --> /home/daivy/projects/serial/work/StarryOS/crates/smoltcp/src/iface/interface/ipv4.rs:101:9
    |
101 |         frag: &'a mut FragmentsBuffer,
    |         ^^^^ help: if this is intentional, prefix it with an underscore: `_frag`
    |
    = note: `#[warn(unused_variables)]` (part of `#[warn(unused)]`) on by default

warning: unused variable: `repr`
    --> /home/daivy/projects/serial/work/StarryOS/crates/smoltcp/src/iface/interface/mod.rs:1274:26
     |
1274 |             IpRepr::Ipv4(repr) => {
     |                          ^^^^ help: if this is intentional, prefix it with an underscore: `_repr`

warning: variable does not need to be mutable
   --> /home/daivy/projects/serial/work/StarryOS/crates/smoltcp/src/socket/dns.rs:247:13
    |
247 |         let mut mdns = MulticastDns::Disabled;
    |             ----^^^^
    |             |
    |             help: remove this `mut`

warning: methods `link_local_ipv6_address` and `mldv2_report_packet` are never used
   --> /home/daivy/projects/serial/work/StarryOS/crates/smoltcp/src/iface/interface/ipv6.rs:173:8
    |
 23 | impl InterfaceInner {
    | ------------------- methods in this implementation
...
173 |     fn link_local_ipv6_address(&self) -> Option<Ipv6Address> {
    |        ^^^^^^^^^^^^^^^^^^^^^^^
...
565 |     pub(super) fn mldv2_report_packet<'any>(
    |                   ^^^^^^^^^^^^^^^^^^^
    |
    = note: `#[warn(dead_code)]` (part of `#[warn(unused)]`) on by default

warning: variant `HopByHopIcmpv6` is never constructed
   --> /home/daivy/projects/serial/work/StarryOS/crates/smoltcp/src/iface/packet.rs:218:5
    |
210 | pub(crate) enum IpPayload<'p> {
    |                 --------- variant in this enum
...
218 |     HopByHopIcmpv6(Ipv6HopByHopRepr<'p>, Icmpv6Repr<'p>),
    |     ^^^^^^^^^^^^^^
    |
    = note: `IpPayload` has a derived impl for the trait `Debug`, but this is intentionally ignored during dead code analysis

warning: method `is_solicited_node_multicast` is never used
   --> /home/daivy/projects/serial/work/StarryOS/crates/smoltcp/src/wire/ipv6.rs:125:8
    |
 80 | pub(crate) trait AddressExt {
    |                  ---------- method in this trait
...
125 |     fn is_solicited_node_multicast(&self) -> bool;
    |        ^^^^^^^^^^^^^^^^^^^^^^^^^^^

warning: method `emit_header` is never used
   --> /home/daivy/projects/serial/work/StarryOS/crates/smoltcp/src/wire/udp.rs:275:19
    |
232 | impl Repr {
    | --------- method in this implementation
...
275 |     pub(crate) fn emit_header<T>(&self, packet: &mut Packet<&mut T>, payload_len: usize)
    |                   ^^^^^^^^^^^


running 109 tests
[32m.(B[m[32m.(B[m[32m.(B[m[32m.(B[m[32m.(B[m[32m.(B[m[32m.(B[m[32m.(B[m[32m.(B[m[32m.(B[m[32m.(B[m[32m.(B[m[32m.(B[m[32m.(B[m[32m.(B[m[32m.(B[m[32m.(B[m[32m.(B[m[32m.(B[m[32m.(B[m[32m.(B[m[32m.(B[m[32m.(B[m[32m.(B[m[32m.(B[m[32m.(B[m[32m.(B[m[32m.(B[m[32m.(B[m[32m.(B[m[32m.(B[m[32m.(B[m[32m.(B[m[32m.(B[m[32m.(B[m[32m.(B[m[32m.(B[m[32m.(B[m[32m.(B[m[32m.(B[m[32m.(B[m[32m.(B[m[32m.(B[m[32m.(B[m[32m.(B[m[32m.(B[m[32m.(B[m[32m.(B[m[32m.(B[m[32m.(B[m[32m.(B[m[32m.(B[m[32m.(B[m[32m.(B[m[32m.(B[m[32m.(B[m[32m.(B[m[32m.(B[m[32m.(B[m[32m.(B[m[32m.(B[m[32m.(B[m[32m.(B[m[32m.(B[m[32m.(B[m[32m.(B[m[32m.(B[m[32m.(B[m[32m.(B[m[32m.(B[m[32m.(B[m[32m.(B[m[32m.(B[m[32m.(B[m[32m.(B[m[32m.(B[m[32m.(B[m[32m.(B[m[32m.(B[m[32m.(B[m[32m.(B[m[32m.(B[m[32m.(B[m[32m.(B[m[32m.(B[m[32m.(B[m[32m.(B[m 87/109
[32m.(B[m[32m.(B[m[32m.(B[m[32m.(B[m[32m.(B[m[32m.(B[m[32m.(B[m[32m.(B[m[32m.(B[m[32m.(B[m[32m.(B[m[32m.(B[m[32m.(B[m[32m.(B[m[32m.(B[m[32m.(B[m[32m.(B[m[32m.(B[m[32m.(B[m[32m.(B[m[32m.(B[m[32m.(B[m
test result: [32mok(B[m. 109 passed; 0 failed; 0 ignored; 0 measured; 0 filtered out; finished in 0.01s

warning: `/home/daivy/.cargo/config` is deprecated in favor of `config.toml`
  |
  = help: if you need to support cargo 1.38 or earlier, you can symlink `config` to `config.toml`
warning: unused import: `crate::iface::Route`
 --> /home/daivy/projects/serial/work/StarryOS/crates/smoltcp/src/iface/interface/ipv6.rs:3:5
  |
3 | use crate::iface::Route;
  |     ^^^^^^^^^^^^^^^^^^^
  |
  = note: `#[warn(unused_imports)]` (part of `#[warn(unused)]`) on by default

warning: unused import: `super::fragmentation::PacketAssemblerSet`
  --> /home/daivy/projects/serial/work/StarryOS/crates/smoltcp/src/iface/interface/mod.rs:35:5
   |
35 | use super::fragmentation::PacketAssemblerSet;
   |     ^^^^^^^^^^^^^^^^^^^^^^^^^^^^^^^^^^^^^^^^

warning: unused imports: `IFACE_MAX_PREFIX_COUNT` and `IFACE_MAX_SIXLOWPAN_ADDRESS_CONTEXT_COUNT`
  --> /home/daivy/projects/serial/work/StarryOS/crates/smoltcp/src/iface/interface/mod.rs:42:27
   |
42 |     IFACE_MAX_ADDR_COUNT, IFACE_MAX_PREFIX_COUNT, IFACE_MAX_SIXLOWPAN_ADDRESS_CONTEXT_COUNT,
   |                           ^^^^^^^^^^^^^^^^^^^^^^  ^^^^^^^^^^^^^^^^^^^^^^^^^^^^^^^^^^^^^^^^^

warning: variable does not need to be mutable
   --> /home/daivy/projects/serial/work/StarryOS/crates/smoltcp/src/iface/interface/ipv4.rs:103:13
    |
103 |         let mut ipv4_repr = check!(Ipv4Repr::parse(ipv4_packet, &self.caps.checksum));
    |             ----^^^^^^^^^
    |             |
    |             help: remove this `mut`
    |
    = note: `#[warn(unused_mut)]` (part of `#[warn(unused)]`) on by default

warning: unused variable: `frag`
   --> /home/daivy/projects/serial/work/StarryOS/crates/smoltcp/src/iface/interface/ipv4.rs:101:9
    |
101 |         frag: &'a mut FragmentsBuffer,
    |         ^^^^ help: if this is intentional, prefix it with an underscore: `_frag`
    |
    = note: `#[warn(unused_variables)]` (part of `#[warn(unused)]`) on by default

warning: unused variable: `repr`
    --> /home/daivy/projects/serial/work/StarryOS/crates/smoltcp/src/iface/interface/mod.rs:1274:26
     |
1274 |             IpRepr::Ipv4(repr) => {
     |                          ^^^^ help: if this is intentional, prefix it with an underscore: `_repr`

warning: variable does not need to be mutable
   --> /home/daivy/projects/serial/work/StarryOS/crates/smoltcp/src/socket/dns.rs:247:13
    |
247 |         let mut mdns = MulticastDns::Disabled;
    |             ----^^^^
    |             |
    |             help: remove this `mut`

warning: methods `link_local_ipv6_address` and `mldv2_report_packet` are never used
   --> /home/daivy/projects/serial/work/StarryOS/crates/smoltcp/src/iface/interface/ipv6.rs:173:8
    |
 23 | impl InterfaceInner {
    | ------------------- methods in this implementation
...
173 |     fn link_local_ipv6_address(&self) -> Option<Ipv6Address> {
    |        ^^^^^^^^^^^^^^^^^^^^^^^
...
565 |     pub(super) fn mldv2_report_packet<'any>(
    |                   ^^^^^^^^^^^^^^^^^^^
    |
    = note: `#[warn(dead_code)]` (part of `#[warn(unused)]`) on by default

warning: variant `HopByHopIcmpv6` is never constructed
   --> /home/daivy/projects/serial/work/StarryOS/crates/smoltcp/src/iface/packet.rs:218:5
    |
210 | pub(crate) enum IpPayload<'p> {
    |                 --------- variant in this enum
...
218 |     HopByHopIcmpv6(Ipv6HopByHopRepr<'p>, Icmpv6Repr<'p>),
    |     ^^^^^^^^^^^^^^
    |
    = note: `IpPayload` has a derived impl for the trait `Debug`, but this is intentionally ignored during dead code analysis

warning: method `is_solicited_node_multicast` is never used
   --> /home/daivy/projects/serial/work/StarryOS/crates/smoltcp/src/wire/ipv6.rs:125:8
    |
 80 | pub(crate) trait AddressExt {
    |                  ---------- method in this trait
...
125 |     fn is_solicited_node_multicast(&self) -> bool;
    |        ^^^^^^^^^^^^^^^^^^^^^^^^^^^

warning: method `emit_header` is never used
   --> /home/daivy/projects/serial/work/StarryOS/crates/smoltcp/src/wire/udp.rs:275:19
    |
232 | impl Repr {
    | --------- method in this implementation
...
275 |     pub(crate) fn emit_header<T>(&self, packet: &mut Packet<&mut T>, payload_len: usize)
    |                   ^^^^^^^^^^^


running 109 tests
[32m.(B[m[32m.(B[m[32m.(B[m[32m.(B[m[32m.(B[m[32m.(B[m[32m.(B[m[32m.(B[m[32m.(B[m[32m.(B[m[32m.(B[m[32m.(B[m[32m.(B[m[32m.(B[m[32m.(B[m[32m.(B[m[32m.(B[m[32m.(B[m[32m.(B[m[32m.(B[m[32m.(B[m[32m.(B[m[32m.(B[m[32m.(B[m[32m.(B[m[32m.(B[m[32m.(B[m[32m.(B[m[32m.(B[m[32m.(B[m[32m.(B[m[32m.(B[m[32m.(B[m[32m.(B[m[32m.(B[m[32m.(B[m[32m.(B[m[32m.(B[m[32m.(B[m[32m.(B[m[32m.(B[m[32m.(B[m[32m.(B[m[32m.(B[m[32m.(B[m[32m.(B[m[32m.(B[m[32m.(B[m[32m.(B[m[32m.(B[m[32m.(B[m[32m.(B[m[32m.(B[m[32m.(B[m[32m.(B[m[32m.(B[m[32m.(B[m[32m.(B[m[32m.(B[m[32m.(B[m[32m.(B[m[32m.(B[m[32m.(B[m[32m.(B[m[32m.(B[m[32m.(B[m[32m.(B[m[32m.(B[m[32m.(B[m[32m.(B[m[32m.(B[m[32m.(B[m[32m.(B[m[32m.(B[m[32m.(B[m[32m.(B[m[32m.(B[m[32m.(B[m[32m.(B[m[32m.(B[m[32m.(B[m[32m.(B[m[32m.(B[m[32m.(B[m[32m.(B[m[32m.(B[m[32m.(B[m 87/109
[32m.(B[m[32m.(B[m[32m.(B[m[32m.(B[m[32m.(B[m[32m.(B[m[32m.(B[m[32m.(B[m[32m.(B[m[32m.(B[m[32m.(B[m[32m.(B[m[32m.(B[m[32m.(B[m[32m.(B[m[32m.(B[m[32m.(B[m[32m.(B[m[32m.(B[m[32m.(B[m[32m.(B[m[32m.(B[m
test result: [32mok(B[m. 109 passed; 0 failed; 0 ignored; 0 measured; 0 filtered out; finished in 0.02s

warning: `/home/daivy/.cargo/config` is deprecated in favor of `config.toml`
  |
  = help: if you need to support cargo 1.38 or earlier, you can symlink `config` to `config.toml`
warning: unused import: `crate::iface::Route`
 --> /home/daivy/projects/serial/work/StarryOS/crates/smoltcp/src/iface/interface/ipv6.rs:3:5
  |
3 | use crate::iface::Route;
  |     ^^^^^^^^^^^^^^^^^^^
  |
  = note: `#[warn(unused_imports)]` (part of `#[warn(unused)]`) on by default

warning: unused import: `super::fragmentation::PacketAssemblerSet`
  --> /home/daivy/projects/serial/work/StarryOS/crates/smoltcp/src/iface/interface/mod.rs:35:5
   |
35 | use super::fragmentation::PacketAssemblerSet;
   |     ^^^^^^^^^^^^^^^^^^^^^^^^^^^^^^^^^^^^^^^^

warning: unused imports: `IFACE_MAX_PREFIX_COUNT` and `IFACE_MAX_SIXLOWPAN_ADDRESS_CONTEXT_COUNT`
  --> /home/daivy/projects/serial/work/StarryOS/crates/smoltcp/src/iface/interface/mod.rs:42:27
   |
42 |     IFACE_MAX_ADDR_COUNT, IFACE_MAX_PREFIX_COUNT, IFACE_MAX_SIXLOWPAN_ADDRESS_CONTEXT_COUNT,
   |                           ^^^^^^^^^^^^^^^^^^^^^^  ^^^^^^^^^^^^^^^^^^^^^^^^^^^^^^^^^^^^^^^^^

warning: variable does not need to be mutable
   --> /home/daivy/projects/serial/work/StarryOS/crates/smoltcp/src/iface/interface/ipv4.rs:103:13
    |
103 |         let mut ipv4_repr = check!(Ipv4Repr::parse(ipv4_packet, &self.caps.checksum));
    |             ----^^^^^^^^^
    |             |
    |             help: remove this `mut`
    |
    = note: `#[warn(unused_mut)]` (part of `#[warn(unused)]`) on by default

warning: unused variable: `frag`
   --> /home/daivy/projects/serial/work/StarryOS/crates/smoltcp/src/iface/interface/ipv4.rs:101:9
    |
101 |         frag: &'a mut FragmentsBuffer,
    |         ^^^^ help: if this is intentional, prefix it with an underscore: `_frag`
    |
    = note: `#[warn(unused_variables)]` (part of `#[warn(unused)]`) on by default

warning: unused variable: `repr`
    --> /home/daivy/projects/serial/work/StarryOS/crates/smoltcp/src/iface/interface/mod.rs:1274:26
     |
1274 |             IpRepr::Ipv4(repr) => {
     |                          ^^^^ help: if this is intentional, prefix it with an underscore: `_repr`

warning: variable does not need to be mutable
   --> /home/daivy/projects/serial/work/StarryOS/crates/smoltcp/src/socket/dns.rs:247:13
    |
247 |         let mut mdns = MulticastDns::Disabled;
    |             ----^^^^
    |             |
    |             help: remove this `mut`

warning: methods `link_local_ipv6_address` and `mldv2_report_packet` are never used
   --> /home/daivy/projects/serial/work/StarryOS/crates/smoltcp/src/iface/interface/ipv6.rs:173:8
    |
 23 | impl InterfaceInner {
    | ------------------- methods in this implementation
...
173 |     fn link_local_ipv6_address(&self) -> Option<Ipv6Address> {
    |        ^^^^^^^^^^^^^^^^^^^^^^^
...
565 |     pub(super) fn mldv2_report_packet<'any>(
    |                   ^^^^^^^^^^^^^^^^^^^
    |
    = note: `#[warn(dead_code)]` (part of `#[warn(unused)]`) on by default

warning: variant `HopByHopIcmpv6` is never constructed
   --> /home/daivy/projects/serial/work/StarryOS/crates/smoltcp/src/iface/packet.rs:218:5
    |
210 | pub(crate) enum IpPayload<'p> {
    |                 --------- variant in this enum
...
218 |     HopByHopIcmpv6(Ipv6HopByHopRepr<'p>, Icmpv6Repr<'p>),
    |     ^^^^^^^^^^^^^^
    |
    = note: `IpPayload` has a derived impl for the trait `Debug`, but this is intentionally ignored during dead code analysis

warning: method `is_solicited_node_multicast` is never used
   --> /home/daivy/projects/serial/work/StarryOS/crates/smoltcp/src/wire/ipv6.rs:125:8
    |
 80 | pub(crate) trait AddressExt {
    |                  ---------- method in this trait
...
125 |     fn is_solicited_node_multicast(&self) -> bool;
    |        ^^^^^^^^^^^^^^^^^^^^^^^^^^^

warning: method `emit_header` is never used
   --> /home/daivy/projects/serial/work/StarryOS/crates/smoltcp/src/wire/udp.rs:275:19
    |
232 | impl Repr {
    | --------- method in this implementation
...
275 |     pub(crate) fn emit_header<T>(&self, packet: &mut Packet<&mut T>, payload_len: usize)
    |                   ^^^^^^^^^^^


running 109 tests
[32m.(B[m[32m.(B[m[32m.(B[m[32m.(B[m[32m.(B[m[32m.(B[m[32m.(B[m[32m.(B[m[32m.(B[m[32m.(B[m[32m.(B[m[32m.(B[m[32m.(B[m[32m.(B[m[32m.(B[m[32m.(B[m[32m.(B[m[32m.(B[m[32m.(B[m[32m.(B[m[32m.(B[m[32m.(B[m[32m.(B[m[32m.(B[m[32m.(B[m[32m.(B[m[32m.(B[m[32m.(B[m[32m.(B[m[32m.(B[m[32m.(B[m[32m.(B[m[32m.(B[m[32m.(B[m[32m.(B[m[32m.(B[m[32m.(B[m[32m.(B[m[32m.(B[m[32m.(B[m[32m.(B[m[32m.(B[m[32m.(B[m[32m.(B[m[32m.(B[m[32m.(B[m[32m.(B[m[32m.(B[m[32m.(B[m[32m.(B[m[32m.(B[m[32m.(B[m[32m.(B[m[32m.(B[m[32m.(B[m[32m.(B[m[32m.(B[m[32m.(B[m[32m.(B[m[32m.(B[m[32m.(B[m[32m.(B[m[32m.(B[m[32m.(B[m[32m.(B[m[32m.(B[m[32m.(B[m[32m.(B[m[32m.(B[m[32m.(B[m[32m.(B[m[32m.(B[m[32m.(B[m[32m.(B[m[32m.(B[m[32m.(B[m[32m.(B[m[32m.(B[m[32m.(B[m[32m.(B[m[32m.(B[m[32m.(B[m[32m.(B[m[32m.(B[m[32m.(B[m[32m.(B[m[32m.(B[m 87/109
[32m.(B[m[32m.(B[m[32m.(B[m[32m.(B[m[32m.(B[m[32m.(B[m[32m.(B[m[32m.(B[m[32m.(B[m[32m.(B[m[32m.(B[m[32m.(B[m[32m.(B[m[32m.(B[m[32m.(B[m[32m.(B[m[32m.(B[m[32m.(B[m[32m.(B[m[32m.(B[m[32m.(B[m[32m.(B[m
test result: [32mok(B[m. 109 passed; 0 failed; 0 ignored; 0 measured; 0 filtered out; finished in 0.02s


Script done on 2026-08-12 16:19:27+08:00 [COMMAND_EXIT_CODE="0"]
Script started on 2026-08-12 16:19:43+08:00 [<not executed on terminal>]
warning: `/home/daivy/.cargo/config` is deprecated in favor of `config.toml`
  |
  = help: if you need to support cargo 1.38 or earlier, you can symlink `config` to `config.toml`
    Finished `test` profile [unoptimized + debuginfo] target(s) in 0.09s
     Running unittests src/lib.rs (crates/uart_16550/target/debug/deps/uart_16550-d182445d5b5b31ff)

running 62 tests
test async_::ring_buffer::readiness_tests::rx_occupied_after_push ... [32mok(B[m
test async_::ring_buffer::readiness_tests::rx_occupied_full_ring ... [32mok(B[m
test async_::ring_buffer::readiness_tests::rx_occupied_non_consuming ... [32mok(B[m
test async_::ring_buffer::readiness_tests::rx_push_wakes ... [32mok(B[m
test async_::ring_buffer::readiness_tests::rx_occupied_zero_when_empty ... [32mok(B[m
test async_::ring_buffer::readiness_tests::rx_register_waker_increments_counter ... [32mok(B[m
test async_::ring_buffer::readiness_tests::rx_occupied_wrap_around ... [32mok(B[m
test async_::ring_buffer::readiness_tests::tx_is_empty_after_pop_all ... [32mok(B[m
test async_::ring_buffer::readiness_tests::tx_pop_wakes ... [32mok(B[m
test async_::ring_buffer::readiness_tests::tx_vacant_decreases_after_push ... [32mok(B[m
test async_::ring_buffer::readiness_tests::tx_register_waker_increments_counter ... [32mok(B[m
test async_::ring_buffer::readiness_tests::tx_vacant_len_decreases_after_push ... [32mok(B[m
test async_::ring_buffer::readiness_tests::tx_vacant_len_non_modifying ... [32mok(B[m
test async_::ring_buffer::readiness_tests::tx_vacant_wrap_around ... [32mok(B[m
test spec::tests::fcr_trigger_level_preserves_other_bits ... [32mok(B[m
test spec::tests::fcr_trigger_level_roundtrip_eight ... [32mok(B[m
test spec::tests::fcr_trigger_level_roundtrip_four ... [32mok(B[m
test async_::ring_buffer::readiness_tests::tx_vacant_full_capacity_when_empty ... [32mok(B[m
test spec::tests::fcr_trigger_level_roundtrip_fourteen ... [32mok(B[m
test async_::ring_buffer::readiness_tests::tx_vacant_zero_when_full ... [32mok(B[m
test spec::tests::fifo_trigger_level_raw_bits_roundtrip ... [32mok(B[m
test spec::tests::fcr_set_trigger_level_twice_no_stale_bits ... [32mok(B[m
test spec::tests::fcr_trigger_level_roundtrip_one ... [32mok(B[m
test async_::ring_buffer::readiness_tests::tx_vacant_len_equals_capacity_when_empty ... [32mok(B[m
test spec::tests::fifo_trigger_level_from_raw_bits_masks_high_bits ... [32mok(B[m
test spec::tests::interrupt_type_ignores_high_nibble ... [32mok(B[m
test spec::tests::interrupt_type_no_interrupt_when_bit0_set ... [32mok(B[m
test spec::tests::interrupt_type_priority_ordering ... [32mok(B[m
test spec::tests::interrupt_type_all_variants ... [32mok(B[m
test spec::tests::isr_interrupt_type_delegates_correctly ... [32mok(B[m
test spec::tests::lcr_parity_preserves_other_bits ... [32mok(B[m
test spec::tests::lcr_parity_roundtrip_disabled ... [32mok(B[m
test spec::tests::lcr_parity_roundtrip_even ... [32mok(B[m
test spec::tests::lcr_parity_roundtrip_forced0 ... [32mok(B[m
test spec::tests::lcr_parity_roundtrip_forced1 ... [32mok(B[m
test spec::tests::lcr_parity_roundtrip_odd ... [32mok(B[m
test spec::tests::lcr_set_parity_twice_no_stale_bits ... [32mok(B[m
test spec::tests::lcr_set_word_length_twice_no_stale_bits ... [32mok(B[m
test spec::tests::lcr_word_length_preserves_other_bits ... [32mok(B[m
test spec::tests::lcr_word_length_roundtrip_eight ... [32mok(B[m
test spec::tests::lcr_word_length_roundtrip_five ... [32mok(B[m
test spec::tests::lcr_word_length_roundtrip_seven ... [32mok(B[m
test spec::tests::lcr_word_length_roundtrip_six ... [32mok(B[m
test spec::tests::lsr_has_error_false_when_clean ... [32mok(B[m
test spec::tests::lsr_has_error_true_for_each_error_flag ... [32mok(B[m
test spec::tests::parity_from_raw_bits_all_variants ... [32mok(B[m
test spec::tests::parity_from_raw_bits_any_even_is_disabled ... [32mok(B[m
test spec::tests::parity_raw_bits_roundtrip ... [32mok(B[m
test spec::tests::psd_pdf_roundtrip_max_nibble ... [32mok(B[m
test spec::tests::psd_pdf_roundtrip_zero ... [32mok(B[m
test spec::tests::psd_set_pdf_preserves_reserved_bits ... [32mok(B[m
test spec::tests::psd_set_pdf_twice_no_stale_bits ... [32mok(B[m
test spec::tests::test_calc_baud_rate ... [32mok(B[m
test spec::tests::parity_from_raw_bits_masks_high_bits ... [32mok(B[m
test spec::tests::test_calc_divisor ... [32mok(B[m
test spec::tests::test_calc_frequency ... [32mok(B[m
test spec::tests::word_length_from_integer_out_of_range_fallback ... [32mok(B[m
test spec::tests::word_length_integer_roundtrip ... [32mok(B[m
test spec::tests::word_length_raw_bits_roundtrip ... [32mok(B[m
test tests::constructors ... [32mok(B[m
test tests::is_send ... [32mok(B[m
test tests::mmio_dummy ... [32mok(B[m

test result: [32mok(B[m. 62 passed; 0 failed; 0 ignored; 0 measured; 0 filtered out; finished in 0.00s

   Doc-tests uart_16550

running 8 tests
test src/lib.rs - (line 69) - compile ... [32mok(B[m
test src/lib.rs - Uart16550 (line 208) - compile ... [32mok(B[m
test src/lib.rs - (line 59) - compile ... [32mok(B[m
test src/lib.rs - (line 83) - compile ... [32mok(B[m
test src/lib.rs - Uart16550 (line 218) - compile ... [32mok(B[m
test src/lib.rs - Uart16550 (line 232) - compile ... [32mok(B[m
test src/tty.rs - tty::Uart16550Tty (line 75) - compile ... [32mok(B[m
test src/tty.rs - tty::Uart16550Tty (line 85) - compile ... [32mok(B[m

test result: [32mok(B[m. 8 passed; 0 failed; 0 ignored; 0 measured; 0 filtered out; finished in 0.00s


running 10 tests
test src/async_/device_ops.rs - async_::device_ops::AsyncUartWriter (line 204) - compile fail ... [32mok(B[m
test src/async_/device_ops.rs - async_::device_ops::AsyncUartReader (line 38) - compile fail ... [32mok(B[m
test src/async_/device_ops.rs - async_::device_ops::AsyncUartReader (line 69) - compile fail ... [32mok(B[m
test src/async_/driver.rs - async_::driver::AsyncUartDriver (line 232) - compile fail ... [32mok(B[m
test src/async_/device_ops.rs - async_::device_ops::AsyncUartWriter (line 190) - compile fail ... [32mok(B[m
test src/async_/device_ops.rs - async_::device_ops::AsyncUartWriter (line 175) - compile fail ... [32mok(B[m
test src/async_/driver.rs - async_::driver::AsyncUartDriver (line 249) - compile fail ... [32mok(B[m
test src/async_/device_ops.rs - async_::device_ops::AsyncUartWriter (line 220) - compile fail ... [32mok(B[m
test src/async_/device_ops.rs - async_::device_ops::AsyncUartReader (line 80) - compile fail ... [32mok(B[m
test src/async_/device_ops.rs - async_::device_ops::AsyncUartReader (line 55) - compile fail ... [32mok(B[m

test result: [32mok(B[m. 10 passed; 0 failed; 0 ignored; 0 measured; 0 filtered out; finished in 0.04s

all doctests ran in 0.32s; merged doctests compilation took 0.28s

Script done on 2026-08-12 16:19:44+08:00 [COMMAND_EXIT_CODE="0"]
Script started on 2026-08-12 16:19:50+08:00 [<not executed on terminal>]
warning: `/home/daivy/.cargo/config` is deprecated in favor of `config.toml`
  |
  = help: if you need to support cargo 1.38 or earlier, you can symlink `config` to `config.toml`

Script done on 2026-08-12 16:19:50+08:00 [COMMAND_EXIT_CODE="0"]
Script started on 2026-08-12 16:19:56+08:00 [<not executed on terminal>]
warning: `/home/daivy/.cargo/config` is deprecated in favor of `config.toml`
  |
  = help: if you need to support cargo 1.38 or earlier, you can symlink `config` to `config.toml`

Script done on 2026-08-12 16:19:56+08:00 [COMMAND_EXIT_CODE="0"]
Script started on 2026-08-12 16:20:01+08:00 [<not executed on terminal>]
Diff in /home/daivy/projects/serial/work/StarryOS/crates/axdriver_virtio/src/net.rs:4:
 use axdriver_net::{
     EthernetAddress, NetBuf, NetBufBox, NetBufPool, NetBufPtr, NetDriverOps, NetQueueControl,
 };
[31m-use virtio_drivers::{device::net::VirtIONetRaw as InnerDev, transport::Transport, Hal};
(B[m[32m+use virtio_drivers::{Hal, device::net::VirtIONetRaw as InnerDev, transport::Transport};
(B[m 
 use crate::as_dev_err;
 
Diff in /home/daivy/projects/serial/work/StarryOS/crates/virtio-drivers/src/queue.rs:3:
 #[cfg(feature = "alloc")]
 pub mod owning;
 
[31m-use crate::hal::{BufferDirection, Dma, Hal, PhysAddr};
(B[m[31m-use crate::transport::Transport;
(B[m[31m-use crate::{align_up, nonnull_slice_from_raw_parts, pages, Error, Result, PAGE_SIZE};
(B[m #[cfg(feature = "alloc")]
 use alloc::boxed::Box;
[31m-use bitflags::bitflags;
(B[m #[cfg(test)]
 use core::cmp::min;
[31m-use core::convert::TryInto;
(B[m[31m-use core::hint::spin_loop;
(B[m[31m-use core::mem::{size_of, take};
(B[m #[cfg(test)]
 use core::ptr;
[31m-use core::ptr::NonNull;
(B[m[31m-use core::sync::atomic::{fence, AtomicU16, Ordering};
(B[m[32m+use core::{
(B[m[32m+    convert::TryInto,
(B[m[32m+    hint::spin_loop,
(B[m[32m+    mem::{size_of, take},
(B[m[32m+    ptr::NonNull,
(B[m[32m+    sync::atomic::{AtomicU16, Ordering, fence},
(B[m[32m+};
(B[m[32m+
(B[m[32m+use bitflags::bitflags;
(B[m use zerocopy::{AsBytes, FromBytes, FromZeroes};
 
[32m+use crate::{
(B[m[32m+    Error, PAGE_SIZE, Result, align_up,
(B[m[32m+    hal::{BufferDirection, Dma, Hal, PhysAddr},
(B[m[32m+    nonnull_slice_from_raw_parts, pages,
(B[m[32m+    transport::Transport,
(B[m[32m+};
(B[m[32m+
(B[m /// The mechanism for bulk data transport on virtio devices.
 ///
 /// Each device can have zero or more virtqueues.
Diff in /home/daivy/projects/serial/work/StarryOS/crates/virtio-drivers/src/queue.rs:1030:
 
 #[cfg(test)]
 mod tests {
[32m+    use core::ptr::NonNull;
(B[m[32m+    use std::sync::{Arc, Mutex};
(B[m[32m+
(B[m     use super::*;
     use crate::{
         device::common::Feature,
Diff in /home/daivy/projects/serial/work/StarryOS/crates/virtio-drivers/src/queue.rs:1036:
         hal::fake::FakeHal,
         transport::{
[31m-            fake::{FakeTransport, QueueStatus, State},
(B[m[31m-            mmio::{MmioTransport, VirtIOHeader, MODERN_VERSION},
(B[m             DeviceType,
[32m+            fake::{FakeTransport, QueueStatus, State},
(B[m[32m+            mmio::{MODERN_VERSION, MmioTransport, VirtIOHeader},
(B[m         },
     };
[31m-    use core::ptr::NonNull;
(B[m[31m-    use std::sync::{Arc, Mutex};
(B[m 
     #[test]
     fn queue_too_big() {
Diff in /home/daivy/projects/serial/work/StarryOS/crates/virtio-drivers/src/queue.rs:1379:
         queue.suppress_dev_notify();
 
         // Device completes both buffers.
[31m-        state
(B[m[31m-            .lock()
(B[m[31m-            .unwrap()
(B[m[31m-            .write_to_queue::<4>(0, &[0xAA; 4]);
(B[m[31m-        state
(B[m[31m-            .lock()
(B[m[31m-            .unwrap()
(B[m[31m-            .write_to_queue::<4>(0, &[0xBB; 4]);
(B[m[32m+        state.lock().unwrap().write_to_queue::<4>(0, &[0xAA; 4]);
(B[m[32m+        state.lock().unwrap().write_to_queue::<4>(0, &[0xBB; 4]);
(B[m 
         // Pop the first one while still suppressed.
         unsafe {
Diff in /home/daivy/projects/serial/work/StarryOS/crates/virtio-drivers/src/queue.rs:1393:
[31m-            queue
(B[m[31m-                .pop_used(token0, &[], &mut [&mut [0; 4]])
(B[m[31m-                .unwrap();
(B[m[32m+            queue.pop_used(token0, &[], &mut [&mut [0; 4]]).unwrap();
(B[m         }
 
         // used_event must still be last_used_idx(1) - 1 == 0, not re-armed
Diff in /home/daivy/projects/serial/work/StarryOS/crates/virtio-drivers/src/queue.rs:1459:
         assert_eq!(token, 0);
 
         queue.suppress_dev_notify();
[31m-        state
(B[m[31m-            .lock()
(B[m[31m-            .unwrap()
(B[m[31m-            .write_to_queue::<4>(0, &[0xCC; 4]);
(B[m[32m+        state.lock().unwrap().write_to_queue::<4>(0, &[0xCC; 4]);
(B[m 
         // The completion arrived while suppressed, before the arm.
         let pending = queue.arm_dev_notify_and_check();
Diff in /home/daivy/projects/serial/work/StarryOS/crates/virtio-drivers/src/queue.rs:1493:
         );
 
         let token = unsafe { queue.add(&[], &mut [&mut [0; 4]]) }.unwrap();
[31m-        state
(B[m[31m-            .lock()
(B[m[31m-            .unwrap()
(B[m[31m-            .write_to_queue::<4>(0, &[0xDD; 4]);
(B[m[32m+        state.lock().unwrap().write_to_queue::<4>(0, &[0xDD; 4]);
(B[m         let pending = queue.arm_dev_notify_and_check();
         assert!(pending);
         assert_eq!(
Diff in /home/daivy/projects/serial/work/StarryOS/crates/virtio-drivers/src/queue.rs:1525:
 
         // Simulate a queue that has already advanced close to the wrap point.
         unsafe {
[31m-            (*queue.used.as_ptr()).idx.store(u16::MAX, Ordering::Release);
(B[m[32m+            (*queue.used.as_ptr())
(B[m[32m+                .idx
(B[m[32m+                .store(u16::MAX, Ordering::Release);
(B[m         }
         queue.last_used_idx = u16::MAX;
 
Diff in /home/daivy/projects/serial/work/StarryOS/crates/virtio-drivers/src/device/net/dev_raw.rs:1:
[31m-use super::{Config, EthernetAddress, Features, VirtioNetHdr};
(B[m[31m-use super::{MIN_BUFFER_LEN, NET_HDR_SIZE, QUEUE_RECEIVE, QUEUE_TRANSMIT, SUPPORTED_FEATURES};
(B[m[31m-use crate::hal::Hal;
(B[m[31m-use crate::queue::VirtQueue;
(B[m[31m-use crate::transport::Transport;
(B[m[31m-use crate::volatile::volread;
(B[m[31m-use crate::{Error, Result};
(B[m use log::{debug, info, warn};
 use zerocopy::AsBytes;
[32m+
(B[m[32m+use super::{
(B[m[32m+    Config, EthernetAddress, Features, MIN_BUFFER_LEN, NET_HDR_SIZE, QUEUE_RECEIVE, QUEUE_TRANSMIT,
(B[m[32m+    SUPPORTED_FEATURES, VirtioNetHdr,
(B[m[32m+};
(B[m[32m+use crate::{Error, Result, hal::Hal, queue::VirtQueue, transport::Transport, volatile::volread};
(B[m 
 /// Raw driver for a VirtIO network device.
 ///

Script done on 2026-08-12 16:20:02+08:00 [COMMAND_EXIT_CODE="1"]
Script started on 2026-08-12 16:20:18+08:00 [<not executed on terminal>]

Script done on 2026-08-12 16:20:18+08:00 [COMMAND_EXIT_CODE="0"]
Script started on 2026-08-12 16:20:24+08:00 [<not executed on terminal>]

Script done on 2026-08-12 16:20:24+08:00 [COMMAND_EXIT_CODE="0"]
Script started on 2026-08-12 16:23:58+08:00 [<not executed on terminal>]
Change 'ms04-qemu-async-rx-queue-baseline' is valid

Script done on 2026-08-12 16:23:59+08:00 [COMMAND_EXIT_CODE="0"]
Script started on 2026-08-12 16:23:59+08:00 [<not executed on terminal>]
Specification 'references' is valid

Script done on 2026-08-12 16:23:59+08:00 [COMMAND_EXIT_CODE="0"]
Script started on 2026-08-12 16:23:59+08:00 [<not executed on terminal>]

Script done on 2026-08-12 16:23:59+08:00 [COMMAND_EXIT_CODE="0"]
Script started on 2026-08-12 16:23:59+08:00 [<not executed on terminal>]

Script done on 2026-08-12 16:23:59+08:00 [COMMAND_EXIT_CODE="0"]
Script started on 2026-08-12 16:23:59+08:00 [<not executed on terminal>]
.gitignore:24: new blank line at EOF.

Script done on 2026-08-12 16:23:59+08:00 [COMMAND_EXIT_CODE="2"]
Script started on 2026-08-12 16:27:03+08:00 [<not executed on terminal>]
warning: `/home/daivy/.cargo/config` is deprecated in favor of `config.toml`
  |
  = help: if you need to support cargo 1.38 or earlier, you can symlink `config` to `config.toml`
   Compiling virtio-drivers v0.7.5 (/home/daivy/projects/serial/work/StarryOS/crates/virtio-drivers)
warning: hiding a lifetime that's elided elsewhere is confusing
   --> src/transport/pci/bus.rs:242:25
    |
242 |     pub fn capabilities(&self, device_function: DeviceFunction) -> CapabilityIterator {
    |                         ^^^^^ the lifetime is elided here          ^^^^^^^^^^^^^^^^^^ the same lifetime is hidden here
    |
    = help: the same lifetime is referred to in inconsistent ways, making the signature confusing
    = note: `#[warn(mismatched_lifetime_syntaxes)]` on by default
help: use `'_` for type paths
    |
242 |     pub fn capabilities(&self, device_function: DeviceFunction) -> CapabilityIterator<'_> {
    |                                                                                      ++++

warning: `virtio-drivers` (lib test) generated 1 warning (run `cargo fix --lib -p virtio-drivers --tests` to apply 1 suggestion)
    Finished `test` profile [unoptimized + debuginfo] target(s) in 0.79s
     Running unittests src/lib.rs (crates/virtio-drivers/target/debug/deps/virtio_drivers-d247c1dd9068fbd6)

running 34 tests
Device waiting for a request.
Transmit queue was notified.
Device waiting for a character.
Transmit queue was notified.
Device waiting for a request.
Transmit queue was notified.
Device waiting for a request.
Transmit queue was notified.
Device waiting for a request.
Transmit queue was notified.
Guest expecting incoming connection.
Host sending connection request to wrong port
Host waiting for rejection
Guest sending
Control queue was notified.
Control queue was notified.
Control queue was notified.
test device::blk::tests::config ... ok
test device::blk::tests::read ... ok
test device::console::tests::receive ... ok
test device::input::tests::config ... ok
test device::blk::tests::write ... ok
test device::blk::tests::flush ... ok
test device::console::tests::send ... ok
test device::blk::tests::device_id ... ok
test device::socket::vsock::tests::config ... ok
test device::sound::tests::config ... ok
test queue::tests::add_buffers ... ok
test queue::tests::add_buffers_indirect ... ok
test queue::tests::add_empty ... ok
test queue::tests::add_notify ... ok
test queue::tests::add_notify_event_idx ... ok
test queue::tests::add_too_many ... ok
test queue::tests::arm_empty_queue_reports_no_pending ... ok
test queue::tests::arm_with_pending_completion_reports_pending ... ok
test queue::tests::event_idx_u16_wrap ... ok
test queue::tests::queue_already_used ... ok
test queue::tests::queue_too_big ... ok
test queue::tests::set_dev_notify ... ok
test queue::tests::suppress_event_idx_writes_used_event ... ok
test queue::tests::suppress_flags_without_event_idx ... ok
test queue::tests::suppressed_pop_does_not_rearm ... ok
test transport::pci::tests::offset_device_ids ... ok
test transport::pci::tests::transitional_device_ids ... ok
test transport::pci::tests::virtio_device_type_invalid ... ok
test transport::pci::tests::virtio_device_type_valid ... ok
Host sending connection request to right port
Host waiting for response
Guest waiting to receive.
Host sending
Guest getting received data.
Control queue was notified.
Control queue was notified.
Control queue was notified.
Host finished
test device::socket::connectionmanager::tests::incoming_connection ... ok
test device::socket::connectionmanager::tests::send_recv ... ok
Control queue was notified.
Control queue was notified.
Control queue was notified.
Control queue was notified.
test device::sound::tests::empty_info ... ok
test device::sound::tests::stream_info ... ok
Control queue was notified.
Control queue was notified.
Playing empty
Playing 100
TX queue was notified
Playing 200
TX queue was notified
Playing 50
TX queue was notified
Playing 5000
TX queue was notified
TX queue was notified
TX queue was notified
TX queue was notified
TX queue was notified
TX queue was notified
Control queue was notified.
Control queue was notified.
test device::sound::tests::play ... ok

test result: ok. 34 passed; 0 failed; 0 ignored; 0 measured; 0 filtered out; finished in 0.13s


Script done on 2026-08-12 16:27:04+08:00 [COMMAND_EXIT_CODE="0"]
Script started on 2026-08-12 16:27:04+08:00 [<not executed on terminal>]
warning: `/home/daivy/.cargo/config` is deprecated in favor of `config.toml`
  |
  = help: if you need to support cargo 1.38 or earlier, you can symlink `config` to `config.toml`
warning: unused import: `crate::iface::Route`
 --> /home/daivy/projects/serial/work/StarryOS/crates/smoltcp/src/iface/interface/ipv6.rs:3:5
  |
3 | use crate::iface::Route;
  |     ^^^^^^^^^^^^^^^^^^^
  |
  = note: `#[warn(unused_imports)]` (part of `#[warn(unused)]`) on by default

warning: unused import: `super::fragmentation::PacketAssemblerSet`
  --> /home/daivy/projects/serial/work/StarryOS/crates/smoltcp/src/iface/interface/mod.rs:35:5
   |
35 | use super::fragmentation::PacketAssemblerSet;
   |     ^^^^^^^^^^^^^^^^^^^^^^^^^^^^^^^^^^^^^^^^

warning: unused imports: `IFACE_MAX_PREFIX_COUNT` and `IFACE_MAX_SIXLOWPAN_ADDRESS_CONTEXT_COUNT`
  --> /home/daivy/projects/serial/work/StarryOS/crates/smoltcp/src/iface/interface/mod.rs:42:27
   |
42 |     IFACE_MAX_ADDR_COUNT, IFACE_MAX_PREFIX_COUNT, IFACE_MAX_SIXLOWPAN_ADDRESS_CONTEXT_COUNT,
   |                           ^^^^^^^^^^^^^^^^^^^^^^  ^^^^^^^^^^^^^^^^^^^^^^^^^^^^^^^^^^^^^^^^^

warning: variable does not need to be mutable
   --> /home/daivy/projects/serial/work/StarryOS/crates/smoltcp/src/iface/interface/ipv4.rs:103:13
    |
103 |         let mut ipv4_repr = check!(Ipv4Repr::parse(ipv4_packet, &self.caps.checksum));
    |             ----^^^^^^^^^
    |             |
    |             help: remove this `mut`
    |
    = note: `#[warn(unused_mut)]` (part of `#[warn(unused)]`) on by default

warning: unused variable: `frag`
   --> /home/daivy/projects/serial/work/StarryOS/crates/smoltcp/src/iface/interface/ipv4.rs:101:9
    |
101 |         frag: &'a mut FragmentsBuffer,
    |         ^^^^ help: if this is intentional, prefix it with an underscore: `_frag`
    |
    = note: `#[warn(unused_variables)]` (part of `#[warn(unused)]`) on by default

warning: unused variable: `repr`
    --> /home/daivy/projects/serial/work/StarryOS/crates/smoltcp/src/iface/interface/mod.rs:1274:26
     |
1274 |             IpRepr::Ipv4(repr) => {
     |                          ^^^^ help: if this is intentional, prefix it with an underscore: `_repr`

warning: variable does not need to be mutable
   --> /home/daivy/projects/serial/work/StarryOS/crates/smoltcp/src/socket/dns.rs:247:13
    |
247 |         let mut mdns = MulticastDns::Disabled;
    |             ----^^^^
    |             |
    |             help: remove this `mut`

warning: methods `link_local_ipv6_address` and `mldv2_report_packet` are never used
   --> /home/daivy/projects/serial/work/StarryOS/crates/smoltcp/src/iface/interface/ipv6.rs:173:8
    |
 23 | impl InterfaceInner {
    | ------------------- methods in this implementation
...
173 |     fn link_local_ipv6_address(&self) -> Option<Ipv6Address> {
    |        ^^^^^^^^^^^^^^^^^^^^^^^
...
565 |     pub(super) fn mldv2_report_packet<'any>(
    |                   ^^^^^^^^^^^^^^^^^^^
    |
    = note: `#[warn(dead_code)]` (part of `#[warn(unused)]`) on by default

warning: variant `HopByHopIcmpv6` is never constructed
   --> /home/daivy/projects/serial/work/StarryOS/crates/smoltcp/src/iface/packet.rs:218:5
    |
210 | pub(crate) enum IpPayload<'p> {
    |                 --------- variant in this enum
...
218 |     HopByHopIcmpv6(Ipv6HopByHopRepr<'p>, Icmpv6Repr<'p>),
    |     ^^^^^^^^^^^^^^
    |
    = note: `IpPayload` has a derived impl for the trait `Debug`, but this is intentionally ignored during dead code analysis

warning: method `is_solicited_node_multicast` is never used
   --> /home/daivy/projects/serial/work/StarryOS/crates/smoltcp/src/wire/ipv6.rs:125:8
    |
 80 | pub(crate) trait AddressExt {
    |                  ---------- method in this trait
...
125 |     fn is_solicited_node_multicast(&self) -> bool;
    |        ^^^^^^^^^^^^^^^^^^^^^^^^^^^

warning: method `emit_header` is never used
   --> /home/daivy/projects/serial/work/StarryOS/crates/smoltcp/src/wire/udp.rs:275:19
    |
232 | impl Repr {
    | --------- method in this implementation
...
275 |     pub(crate) fn emit_header<T>(&self, packet: &mut Packet<&mut T>, payload_len: usize)
    |                   ^^^^^^^^^^^

warning: `smoltcp` (lib) generated 11 warnings (run `cargo fix --lib -p smoltcp` to apply 7 suggestions)
   Compiling axnet-ng v0.3.0-preview.2 (/home/daivy/projects/serial/work/StarryOS/crates/axnet)
    Finished `test` profile [unoptimized + debuginfo] target(s) in 0.90s
     Running unittests src/lib.rs (crates/axnet/target/debug/deps/axnet_ng-7ae829c10db130aa)

running 109 tests
test async_rx::tests::budget_below_limit_continues_on_progress ... ok
test async_rx::tests::empty_goes_register_recheck_at_any_count ... ok
test async_rx::tests::budget_exact_without_backlog_goes_register_recheck ... ok
test async_rx::tests::arm_error_maps_to_fault_with_error_category ... ok
test async_rx::tests::event_after_arm_wakes_sleep_decision ... ok
test async_rx::tests::budget_exact_with_backlog_self_wakes_and_yields ... ok
test async_rx::tests::event_before_register_is_caught_by_arm_recheck ... ok
test async_rx::tests::event_during_register_window_retries ... ok
test async_rx::tests::full_goes_wait_space_without_reaping ... ok
test async_rx::tests::future_arm_error_faults_and_keeps_async_owner ... ok
test async_rx::tests::future_31_completions_then_empty_registers_once ... ok
test async_rx::tests::future_budget_exhausted_without_backlog_stops_cleanly ... ok
test async_rx::tests::future_missing_service_publishes_unavailable ... ok
test async_rx::tests::future_first_poll_activates_and_waits_on_empty ... ok
test async_rx::tests::future_arm_pending_retries_with_self_wake ... ok
test async_rx::tests::future_missing_target_publishes_unavailable ... ok
test async_rx::tests::future_missing_control_publishes_unavailable ... ok
test async_rx::tests::fault_is_terminal_for_the_decision_layer ... ok
test async_rx::tests::future_preflight_suppress_failure_publishes_unavailable ... ok
test async_rx::tests::future_budget_exhausted_with_backlog_self_wakes_and_yields ... ok
test async_rx::tests::future_services_one_completion_then_registers ... ok
test async_rx::tests::lifecycle_duplicate_start_is_rejected_without_state_change ... ok
test async_rx::tests::lifecycle_owner_view_mapping ... ok
test async_rx::tests::last_error_pair_uses_one_atomic_publication ... ok
test async_rx::tests::last_error_pair_round_trips_as_one_value ... ok
test async_rx::tests::lifecycle_preflight_only_from_spawned ... ok
test async_rx::tests::lifecycle_fatal_only_from_active ... ok
test async_rx::tests::lifecycle_preflight_outcomes_from_spawned ... ok
test async_rx::tests::lifecycle_start_moves_polling_to_spawned ... ok
test async_rx::tests::lifecycle_terminal_states_accept_no_transition ... ok
test async_rx::tests::notify_still_full_does_not_wake ... ok
test async_rx::tests::one_step_full_router_buffer_does_not_touch_device ... ok
test async_rx::tests::one_step_missing_target_maps_to_bad_state ... ok
test async_rx::tests::publish_event_generation_wraps ... ok
test async_rx::tests::publish_event_increments_generation_and_wakes ... ok
test async_rx::tests::pending_found_by_arm_recheck_retries_without_event ... ok
test async_rx::tests::notify_full_waiting_then_space_wakes_once ... ok
test async_rx::tests::notify_second_publish_after_clear_wakes_again ... ok
test async_rx::tests::notify_not_waiting_does_not_wake ... ok
test async_rx::tests::start_seam_spawns_once_and_rejects_duplicate_with_local_state ... ok
test async_rx::tests::telemetry_active_suppress_fault_records_exactly_once ... ok
test async_rx::tests::snapshot_source_uses_one_lifecycle_observation ... ok
test async_rx::tests::telemetry_active_receive_fault_records_exactly_once ... ok
test async_rx::tests::telemetry_snapshot_mirrors_lifecycle_and_counters ... ok
test async_rx::tests::telemetry_consumed_increments_reap_refill_and_non_ip ... ok
test device::tests::arm_reports_pending_and_quiescent ... ok
test device::tests::again_maps_to_empty ... ok
test device::tests::completion_visible_without_control_is_unsupported ... ok
test device::tests::arp_request_replies_but_is_consumed ... ok
test async_rx::tests::telemetry_active_arm_fault_records_fault_and_stage ... ok
test async_rx::tests::telemetry_active_completion_query_fault_records_exactly_once ... ok
test device::tests::ethernet_delegates_queue_control_to_inner ... ok
test device::tests::foreign_mac_frame_is_consumed ... ok
test device::tests::full_destination_enqueue_returns_fault ... ok
test device::tests::loopback_delivers_after_send ... ok
test device::tests::loopback_full_destination_returns_fault ... ok
test device::tests::loopback_empty_returns_empty ... ok
test async_rx::tests::telemetry_illegal_fatal_records_lifecycle_stage ... ok
test device::tests::malformed_frame_is_consumed_and_recycled ... ok
test device::tests::non_ipv4_ethertype_is_consumed ... ok
test device::tests::ipv4_delivers_payload_and_recycles ... ok
test async_rx::tests::telemetry_missing_service_records_preflight_bad_state ... ok
test async_rx::tests::telemetry_delivered_increments_delivered_counter ... ok
test async_rx::tests::telemetry_empty_round_increments_empty_check_once ... ok
test device::tests::completion_visible_reports_control_state ... ok
test device::tests::arp_reply_flushes_pending_ipv4_once ... ok
test device::tests::one_completion_per_recv_call ... ok
test device::tests::preflight_missing_target_is_bad_state ... ok
test async_rx::tests::quiescent_arm_without_event_sleeps ... ok
test device::tests::loopback_target_control_is_unsupported ... ok
test async_rx::tests::telemetry_budget_backlog_increments_exhausted_and_self_yield ... ok
test device::tests::preflight_suppresses_target_control_without_reaping ... ok
test async_rx::tests::telemetry_preflight_failure_records_last_error_without_fault ... ok
test async_rx::tests::software_nudge_wakes_without_publishing_hardware_event ... ok
test device::tests::arm_error_propagates_with_category ... ok
test device::tests::receive_fault_propagates ... ok
test device::tests::preflight_missing_control_is_unsupported ... ok
test async_rx::tests::telemetry_illegal_preflight_records_lifecycle_stage ... ok
test device::tests::recycle_fault_overrides_delivered ... ok
test device::tests::preflight_suppress_error_propagates ... ok
test device::tests::repeated_suppress_is_idempotent ... ok
test device::tests::recycle_fault_prevails_over_enqueue_fault ... ok
test device::tests::router_continues_on_consumed_and_delivered ... ok
test device::tests::router_poll_async_owned_faulted_target_also_skipped ... ok
test device::tests::router_poll_async_owned_without_target_is_safe ... ok
test device::tests::router_poll_async_owned_skips_target_keeps_loopback ... ok
test device::tests::router_poll_polling_owned_drains_target ... ok
test device::tests::router_rx_one_step_advances_one_completion_per_call ... ok
test device::tests::router_rx_one_step_full_returns_full_without_receive ... ok
test device::tests::router_rx_one_step_invalid_target_returns_fault ... ok
test device::tests::router_stops_on_empty ... ok
test device::tests::router_stops_on_fault ... ok
test service::tests::masked_non_polling_device_does_not_trigger_fallback ... ok
test service::tests::chooses_earlier_protocol_or_polling_deadline ... ok
test service::tests::mixed_devices_only_masked_polling_decides ... ok
test service::tests::uses_polling_fallback_without_protocol_deadline ... ok
test service::tests::preserves_protocol_deadline_without_polling_fallback ... ok
test service::tests::unmasked_polling_device_does_not_trigger_fallback ... ok
test service::tests::masked_polling_device_triggers_fallback ... ok
test service::tests::no_deadline_without_protocol_timer_or_polling_fallback ... ok
test async_rx::tests::future_router_full_waits_then_service_poll_wakes ... ok
test device::tests::service_without_target_dev_async_owned_is_safe ... ok
test device::tests::service_poll_polling_owned_drains_target ... ok
test device::tests::service_poll_async_owned_skips_target ... ok
test async_rx::tests::telemetry_router_full_increments_wait_and_space_wake ... ok
test async_rx::tests::space_freed_before_waiting_rechecks_to_retry_without_publish ... ok
test async_rx::tests::still_full_publishes_waiting_then_space_wakes_once ... ok
test service::tests::service_poll_wakes_waiting_rx_task_after_ingress_frees_space ... ok
test async_rx::tests::sibling_caller_reaches_target_one_step_and_register_seam ... ok

test result: ok. 109 passed; 0 failed; 0 ignored; 0 measured; 0 filtered out; finished in 0.02s


Script done on 2026-08-12 16:27:05+08:00 [COMMAND_EXIT_CODE="0"]
Script started on 2026-08-12 16:27:05+08:00 [<not executed on terminal>]

Script done on 2026-08-12 16:27:05+08:00 [COMMAND_EXIT_CODE="0"]
Script started on 2026-08-12 16:27:05+08:00 [<not executed on terminal>]
warning: `/home/daivy/.cargo/config` is deprecated in favor of `config.toml`
  |
  = help: if you need to support cargo 1.38 or earlier, you can symlink `config` to `config.toml`

Script done on 2026-08-12 16:27:06+08:00 [COMMAND_EXIT_CODE="0"]
Script started on 2026-08-12 16:27:06+08:00 [<not executed on terminal>]
warning: `/home/daivy/.cargo/config` is deprecated in favor of `config.toml`
  |
  = help: if you need to support cargo 1.38 or earlier, you can symlink `config` to `config.toml`

Script done on 2026-08-12 16:27:06+08:00 [COMMAND_EXIT_CODE="0"]
Script started on 2026-08-12 16:33:11+08:00 [<not executed on terminal>]

Script done on 2026-08-12 16:33:11+08:00 [COMMAND_EXIT_CODE="0"]
Script started on 2026-08-12 16:33:12+08:00 [<not executed on terminal>]
ms04 probe decision tests: 10 passed

Script done on 2026-08-12 16:33:12+08:00 [COMMAND_EXIT_CODE="0"]
Script started on 2026-08-12 16:33:12+08:00 [<not executed on terminal>]

running 14 tests
test acquire_always_disables_irqs ... [32mok(B[m
test enabled_acquire_disables_and_release_reenables_once ... [32mok(B[m
test isr_entry_acquire_returns_false_and_release_never_enables ... [32mok(B[m
test nested_acquire_only_outermost_release_reenables ... [32mok(B[m
test nested_isr_context_never_enables ... [32mok(B[m
test probe_terminal_guard_rejects_a_missing_failure_path ... [32mok(B[m
test production_impl_delegates_to_seam ... [32mok(B[m
test probe_modes_have_one_central_terminal_marker_path ... [32mok(B[m
test legacy_direct_call_impl_is_rejected ... [32mok(B[m
test virtio_net_irq_guard_rejects_wrong_record_argument ... [32mok(B[m
test virtio_net_irq_guard_requires_return_in_registration_failure_branch ... [32mok(B[m
test release_false_never_enables_irqs ... [32mok(B[m
test virtio_net_irq_handler_guard_passes ... [32mok(B[m
test snapshot_command_consumer_inventory_is_versioned_and_bounded ... [32mok(B[m

test result: [32mok(B[m. 14 passed; 0 failed; 0 ignored; 0 measured; 0 filtered out; finished in 0.00s


Script done on 2026-08-12 16:33:12+08:00 [COMMAND_EXIT_CODE="0"]
Script started on 2026-08-12 16:33:12+08:00 [<not executed on terminal>]
ms04 stimulus self-test: protocol=PASS packets=96 sequence=PASS bounds=PASS malformed=PASS

Script done on 2026-08-12 16:33:12+08:00 [COMMAND_EXIT_CODE="0"]
Script started on 2026-08-12 16:33:12+08:00 [<not executed on terminal>]
Change 'ms04-qemu-async-rx-queue-baseline' is valid

Script done on 2026-08-12 16:33:13+08:00 [COMMAND_EXIT_CODE="0"]
Script started on 2026-08-12 16:33:13+08:00 [<not executed on terminal>]
Specification 'references' is valid

Script done on 2026-08-12 16:33:13+08:00 [COMMAND_EXIT_CODE="0"]
Script started on 2026-08-12 16:33:13+08:00 [<not executed on terminal>]

Script done on 2026-08-12 16:33:13+08:00 [COMMAND_EXIT_CODE="0"]
Script started on 2026-08-12 16:33:13+08:00 [<not executed on terminal>]

Script done on 2026-08-12 16:33:13+08:00 [COMMAND_EXIT_CODE="0"]
Script started on 2026-08-12 16:33:13+08:00 [<not executed on terminal>]

Script done on 2026-08-12 16:33:13+08:00 [COMMAND_EXIT_CODE="0"]
